Fitter report for NN_Acceleration
Thu Nov 13 05:57:48 2025
Quartus Prime Version 19.1.0 Build 670 09/22/2019 SJ Lite Edition


---------------------
; Table of Contents ;
---------------------
  1. Legal Notice
  2. Fitter Summary
  3. Fitter Settings
  4. Parallel Compilation
  5. Fitter Netlist Optimizations
  6. Incremental Compilation Preservation Summary
  7. Incremental Compilation Partition Settings
  8. Incremental Compilation Placement Preservation
  9. Pin-Out File
 10. Fitter Resource Usage Summary
 11. Fitter Partition Statistics
 12. Input Pins
 13. Output Pins
 14. I/O Bank Usage
 15. All Package Pins
 16. I/O Assignment Warnings
 17. Fitter Resource Utilization by Entity
 18. Delay Chain Summary
 19. Pad To Core Delay Chain Fanout
 20. Control Signals
 21. Global & Other Fast Signals
 22. Fitter DSP Block Usage Summary
 23. DSP Block Details
 24. Routing Usage Summary
 25. I/O Rules Summary
 26. I/O Rules Details
 27. I/O Rules Matrix
 28. Fitter Device Options
 29. Operating Settings and Conditions
 30. Estimated Delay Added for Hold Timing Summary
 31. Estimated Delay Added for Hold Timing Details
 32. Fitter Messages
 33. Fitter Suppressed Messages



----------------
; Legal Notice ;
----------------
Copyright (C) 2019  Intel Corporation. All rights reserved.
Your use of Intel Corporation's design tools, logic functions 
and other software and tools, and any partner logic 
functions, and any output files from any of the foregoing 
(including device programming or simulation files), and any 
associated documentation or information are expressly subject 
to the terms and conditions of the Intel Program License 
Subscription Agreement, the Intel Quartus Prime License Agreement,
the Intel FPGA IP License Agreement, or other applicable license
agreement, including, without limitation, that your use is for
the sole purpose of programming logic devices manufactured by
Intel and sold by Intel or its authorized distributors.  Please
refer to the applicable agreement for further details, at
https://fpgasoftware.intel.com/eula.



+-------------------------------------------------------------------------------+
; Fitter Summary                                                                ;
+---------------------------------+---------------------------------------------+
; Fitter Status                   ; Successful - Thu Nov 13 05:57:48 2025       ;
; Quartus Prime Version           ; 19.1.0 Build 670 09/22/2019 SJ Lite Edition ;
; Revision Name                   ; NN_Acceleration                             ;
; Top-level Entity Name           ; matrixMultiplierSmall                       ;
; Family                          ; Cyclone V                                   ;
; Device                          ; 5CGXFC7C7F23C8                              ;
; Timing Models                   ; Final                                       ;
; Logic utilization (in ALMs)     ; 222 / 56,480 ( < 1 % )                      ;
; Total registers                 ; 184                                         ;
; Total pins                      ; 218 / 268 ( 81 % )                          ;
; Total virtual pins              ; 0                                           ;
; Total block memory bits         ; 0 / 7,024,640 ( 0 % )                       ;
; Total RAM Blocks                ; 0 / 686 ( 0 % )                             ;
; Total DSP Blocks                ; 9 / 156 ( 6 % )                             ;
; Total HSSI RX PCSs              ; 0 / 6 ( 0 % )                               ;
; Total HSSI PMA RX Deserializers ; 0 / 6 ( 0 % )                               ;
; Total HSSI TX PCSs              ; 0 / 6 ( 0 % )                               ;
; Total HSSI PMA TX Serializers   ; 0 / 6 ( 0 % )                               ;
; Total PLLs                      ; 0 / 13 ( 0 % )                              ;
; Total DLLs                      ; 0 / 4 ( 0 % )                               ;
+---------------------------------+---------------------------------------------+


+----------------------------------------------------------------------------------------------------------------------------------------------------+
; Fitter Settings                                                                                                                                    ;
+--------------------------------------------------------------------+---------------------------------------+---------------------------------------+
; Option                                                             ; Setting                               ; Default Value                         ;
+--------------------------------------------------------------------+---------------------------------------+---------------------------------------+
; Device                                                             ; 5CGXFC7C7F23C8                        ;                                       ;
; Minimum Core Junction Temperature                                  ; 0                                     ;                                       ;
; Maximum Core Junction Temperature                                  ; 85                                    ;                                       ;
; Use smart compilation                                              ; Off                                   ; Off                                   ;
; Enable parallel Assembler and Timing Analyzer during compilation   ; On                                    ; On                                    ;
; Enable compact report table                                        ; Off                                   ; Off                                   ;
; Router Timing Optimization Level                                   ; Normal                                ; Normal                                ;
; Perform Clocking Topology Analysis During Routing                  ; Off                                   ; Off                                   ;
; Placement Effort Multiplier                                        ; 1.0                                   ; 1.0                                   ;
; Device initialization clock source                                 ; INIT_INTOSC                           ; INIT_INTOSC                           ;
; Optimize Hold Timing                                               ; All Paths                             ; All Paths                             ;
; Optimize Multi-Corner Timing                                       ; On                                    ; On                                    ;
; Auto RAM to MLAB Conversion                                        ; On                                    ; On                                    ;
; Equivalent RAM and MLAB Power Up                                   ; Auto                                  ; Auto                                  ;
; Equivalent RAM and MLAB Paused Read Capabilities                   ; Care                                  ; Care                                  ;
; Power Optimization During Fitting                                  ; Normal compilation                    ; Normal compilation                    ;
; SSN Optimization                                                   ; Off                                   ; Off                                   ;
; Optimize Timing                                                    ; Normal compilation                    ; Normal compilation                    ;
; Optimize Timing for ECOs                                           ; Off                                   ; Off                                   ;
; Regenerate Full Fit Report During ECO Compiles                     ; Off                                   ; Off                                   ;
; Optimize IOC Register Placement for Timing                         ; Normal                                ; Normal                                ;
; Final Placement Optimizations                                      ; Automatically                         ; Automatically                         ;
; Fitter Aggressive Routability Optimizations                        ; Automatically                         ; Automatically                         ;
; Fitter Initial Placement Seed                                      ; 1                                     ; 1                                     ;
; Periphery to Core Placement and Routing Optimization               ; Off                                   ; Off                                   ;
; Weak Pull-Up Resistor                                              ; Off                                   ; Off                                   ;
; Enable Bus-Hold Circuitry                                          ; Off                                   ; Off                                   ;
; Auto Packed Registers                                              ; Auto                                  ; Auto                                  ;
; Auto Delay Chains                                                  ; On                                    ; On                                    ;
; Auto Delay Chains for High Fanout Input Pins                       ; Off                                   ; Off                                   ;
; Treat Bidirectional Pin as Output Pin                              ; Off                                   ; Off                                   ;
; Perform Physical Synthesis for Combinational Logic for Fitting     ; Off                                   ; Off                                   ;
; Perform Physical Synthesis for Combinational Logic for Performance ; Off                                   ; Off                                   ;
; Perform Register Duplication for Performance                       ; Off                                   ; Off                                   ;
; Perform Register Retiming for Performance                          ; Off                                   ; Off                                   ;
; Perform Asynchronous Signal Pipelining                             ; Off                                   ; Off                                   ;
; Fitter Effort                                                      ; Auto Fit                              ; Auto Fit                              ;
; Physical Synthesis Effort Level                                    ; Normal                                ; Normal                                ;
; Logic Cell Insertion - Logic Duplication                           ; Auto                                  ; Auto                                  ;
; Auto Register Duplication                                          ; Auto                                  ; Auto                                  ;
; Auto Global Clock                                                  ; On                                    ; On                                    ;
; Auto Global Register Control Signals                               ; On                                    ; On                                    ;
; Reserve all unused pins                                            ; As input tri-stated with weak pull-up ; As input tri-stated with weak pull-up ;
; Synchronizer Identification                                        ; Auto                                  ; Auto                                  ;
; Enable Beneficial Skew Optimization                                ; On                                    ; On                                    ;
; Optimize Design for Metastability                                  ; On                                    ; On                                    ;
; Active Serial clock source                                         ; FREQ_100MHz                           ; FREQ_100MHz                           ;
; Force Fitter to Avoid Periphery Placement Warnings                 ; Off                                   ; Off                                   ;
; Clamping Diode                                                     ; Off                                   ; Off                                   ;
; Enable input tri-state on active configuration pins in user mode   ; Off                                   ; Off                                   ;
; Advanced Physical Optimization                                     ; On                                    ; On                                    ;
+--------------------------------------------------------------------+---------------------------------------+---------------------------------------+


+------------------------------------------+
; Parallel Compilation                     ;
+----------------------------+-------------+
; Processors                 ; Number      ;
+----------------------------+-------------+
; Number detected on machine ; 16          ;
; Maximum allowed            ; 16          ;
;                            ;             ;
; Average used               ; 1.06        ;
; Maximum used               ; 16          ;
;                            ;             ;
; Usage by Processor         ; % Time Used ;
;     Processor 1            ; 100.0%      ;
;     Processor 2            ;   0.4%      ;
;     Processor 3            ;   0.4%      ;
;     Processor 4            ;   0.4%      ;
;     Processor 5            ;   0.4%      ;
;     Processor 6            ;   0.4%      ;
;     Processor 7            ;   0.4%      ;
;     Processor 8            ;   0.4%      ;
;     Processor 9            ;   0.4%      ;
;     Processor 10           ;   0.4%      ;
;     Processor 11           ;   0.4%      ;
;     Processor 12           ;   0.4%      ;
;     Processor 13           ;   0.4%      ;
;     Processor 14           ;   0.4%      ;
;     Processor 15           ;   0.4%      ;
;     Processor 16           ;   0.4%      ;
+----------------------------+-------------+


+-------------------------------------------------------------------------------------------------------------------------------------------------------------------------------------------------------------------------------------------------------------------------------------------------------------------------------------------+
; Fitter Netlist Optimizations                                                                                                                                                                                                                                                                                                              ;
+----------------------------------------------------------------------------------------------+-----------------+------------------+----------------------------+-----------+----------------+--------------------------------------------------------------------------------------------------+------------------+-----------------------+
; Node                                                                                         ; Action          ; Operation        ; Reason                     ; Node Port ; Node Port Name ; Destination Node                                                                                 ; Destination Port ; Destination Port Name ;
+----------------------------------------------------------------------------------------------+-----------------+------------------+----------------------------+-----------+----------------+--------------------------------------------------------------------------------------------------+------------------+-----------------------+
; clk~inputCLKENA0                                                                             ; Created         ; Placement        ; Fitter Periphery Placement ;           ;                ;                                                                                                  ;                  ;                       ;
; dataOrchestrator:dataOrch|col[0][0]                                                          ; Packed Register ; Register Packing ; Timing optimization        ; Q         ;                ; systolicArray:systolicArr|multiplierBlock:row_loop[0].col_loop[0].mb|Mult0~mac                   ; AX               ;                       ;
; dataOrchestrator:dataOrch|col[0][0]                                                          ; Duplicated      ; Register Packing ; Timing optimization        ; Q         ;                ; dataOrchestrator:dataOrch|col[0][0]~_Duplicate_1                                                 ; Q                ;                       ;
; dataOrchestrator:dataOrch|col[0][0]~SCLR_LUT                                                 ; Created         ; Register Packing ; Timing optimization        ;           ;                ;                                                                                                  ;                  ;                       ;
; dataOrchestrator:dataOrch|col[0][1]                                                          ; Packed Register ; Register Packing ; Timing optimization        ; Q         ;                ; systolicArray:systolicArr|multiplierBlock:row_loop[0].col_loop[0].mb|Mult0~mac                   ; AX               ;                       ;
; dataOrchestrator:dataOrch|col[0][1]                                                          ; Duplicated      ; Register Packing ; Timing optimization        ; Q         ;                ; dataOrchestrator:dataOrch|col[0][1]~_Duplicate_1                                                 ; Q                ;                       ;
; dataOrchestrator:dataOrch|col[0][1]~SCLR_LUT                                                 ; Created         ; Register Packing ; Timing optimization        ;           ;                ;                                                                                                  ;                  ;                       ;
; dataOrchestrator:dataOrch|col[0][2]                                                          ; Packed Register ; Register Packing ; Timing optimization        ; Q         ;                ; systolicArray:systolicArr|multiplierBlock:row_loop[0].col_loop[0].mb|Mult0~mac                   ; AX               ;                       ;
; dataOrchestrator:dataOrch|col[0][2]                                                          ; Duplicated      ; Register Packing ; Timing optimization        ; Q         ;                ; dataOrchestrator:dataOrch|col[0][2]~_Duplicate_1                                                 ; Q                ;                       ;
; dataOrchestrator:dataOrch|col[0][2]~SCLR_LUT                                                 ; Created         ; Register Packing ; Timing optimization        ;           ;                ;                                                                                                  ;                  ;                       ;
; dataOrchestrator:dataOrch|col[0][3]                                                          ; Packed Register ; Register Packing ; Timing optimization        ; Q         ;                ; systolicArray:systolicArr|multiplierBlock:row_loop[0].col_loop[0].mb|Mult0~mac                   ; AX               ;                       ;
; dataOrchestrator:dataOrch|col[0][3]                                                          ; Duplicated      ; Register Packing ; Timing optimization        ; Q         ;                ; dataOrchestrator:dataOrch|col[0][3]~_Duplicate_1                                                 ; Q                ;                       ;
; dataOrchestrator:dataOrch|col[0][3]~SCLR_LUT                                                 ; Created         ; Register Packing ; Timing optimization        ;           ;                ;                                                                                                  ;                  ;                       ;
; dataOrchestrator:dataOrch|col[0][4]                                                          ; Packed Register ; Register Packing ; Timing optimization        ; Q         ;                ; systolicArray:systolicArr|multiplierBlock:row_loop[0].col_loop[0].mb|Mult0~mac                   ; AX               ;                       ;
; dataOrchestrator:dataOrch|col[0][4]                                                          ; Duplicated      ; Register Packing ; Timing optimization        ; Q         ;                ; dataOrchestrator:dataOrch|col[0][4]~_Duplicate_1                                                 ; Q                ;                       ;
; dataOrchestrator:dataOrch|col[0][4]~SCLR_LUT                                                 ; Created         ; Register Packing ; Timing optimization        ;           ;                ;                                                                                                  ;                  ;                       ;
; dataOrchestrator:dataOrch|col[0][5]                                                          ; Packed Register ; Register Packing ; Timing optimization        ; Q         ;                ; systolicArray:systolicArr|multiplierBlock:row_loop[0].col_loop[0].mb|Mult0~mac                   ; AX               ;                       ;
; dataOrchestrator:dataOrch|col[0][5]                                                          ; Duplicated      ; Register Packing ; Timing optimization        ; Q         ;                ; dataOrchestrator:dataOrch|col[0][5]~_Duplicate_1                                                 ; Q                ;                       ;
; dataOrchestrator:dataOrch|col[0][5]~SCLR_LUT                                                 ; Created         ; Register Packing ; Timing optimization        ;           ;                ;                                                                                                  ;                  ;                       ;
; dataOrchestrator:dataOrch|col[1][0]                                                          ; Packed Register ; Register Packing ; Timing optimization        ; Q         ;                ; systolicArray:systolicArr|multiplierBlock:row_loop[0].col_loop[1].mb|Mult0~mac                   ; AX               ;                       ;
; dataOrchestrator:dataOrch|col[1][0]                                                          ; Duplicated      ; Register Packing ; Timing optimization        ; Q         ;                ; dataOrchestrator:dataOrch|col[1][0]~_Duplicate_1                                                 ; Q                ;                       ;
; dataOrchestrator:dataOrch|col[1][0]~SCLR_LUT                                                 ; Created         ; Register Packing ; Timing optimization        ;           ;                ;                                                                                                  ;                  ;                       ;
; dataOrchestrator:dataOrch|col[1][1]                                                          ; Packed Register ; Register Packing ; Timing optimization        ; Q         ;                ; systolicArray:systolicArr|multiplierBlock:row_loop[0].col_loop[1].mb|Mult0~mac                   ; AX               ;                       ;
; dataOrchestrator:dataOrch|col[1][1]                                                          ; Duplicated      ; Register Packing ; Timing optimization        ; Q         ;                ; dataOrchestrator:dataOrch|col[1][1]~_Duplicate_1                                                 ; Q                ;                       ;
; dataOrchestrator:dataOrch|col[1][1]~SCLR_LUT                                                 ; Created         ; Register Packing ; Timing optimization        ;           ;                ;                                                                                                  ;                  ;                       ;
; dataOrchestrator:dataOrch|col[1][2]                                                          ; Packed Register ; Register Packing ; Timing optimization        ; Q         ;                ; systolicArray:systolicArr|multiplierBlock:row_loop[0].col_loop[1].mb|Mult0~mac                   ; AX               ;                       ;
; dataOrchestrator:dataOrch|col[1][2]                                                          ; Duplicated      ; Register Packing ; Timing optimization        ; Q         ;                ; dataOrchestrator:dataOrch|col[1][2]~_Duplicate_1                                                 ; Q                ;                       ;
; dataOrchestrator:dataOrch|col[1][2]~SCLR_LUT                                                 ; Created         ; Register Packing ; Timing optimization        ;           ;                ;                                                                                                  ;                  ;                       ;
; dataOrchestrator:dataOrch|col[1][3]                                                          ; Packed Register ; Register Packing ; Timing optimization        ; Q         ;                ; systolicArray:systolicArr|multiplierBlock:row_loop[0].col_loop[1].mb|Mult0~mac                   ; AX               ;                       ;
; dataOrchestrator:dataOrch|col[1][3]                                                          ; Duplicated      ; Register Packing ; Timing optimization        ; Q         ;                ; dataOrchestrator:dataOrch|col[1][3]~_Duplicate_1                                                 ; Q                ;                       ;
; dataOrchestrator:dataOrch|col[1][3]~SCLR_LUT                                                 ; Created         ; Register Packing ; Timing optimization        ;           ;                ;                                                                                                  ;                  ;                       ;
; dataOrchestrator:dataOrch|col[1][4]                                                          ; Packed Register ; Register Packing ; Timing optimization        ; Q         ;                ; systolicArray:systolicArr|multiplierBlock:row_loop[0].col_loop[1].mb|Mult0~mac                   ; AX               ;                       ;
; dataOrchestrator:dataOrch|col[1][4]                                                          ; Duplicated      ; Register Packing ; Timing optimization        ; Q         ;                ; dataOrchestrator:dataOrch|col[1][4]~_Duplicate_1                                                 ; Q                ;                       ;
; dataOrchestrator:dataOrch|col[1][4]~SCLR_LUT                                                 ; Created         ; Register Packing ; Timing optimization        ;           ;                ;                                                                                                  ;                  ;                       ;
; dataOrchestrator:dataOrch|col[1][5]                                                          ; Packed Register ; Register Packing ; Timing optimization        ; Q         ;                ; systolicArray:systolicArr|multiplierBlock:row_loop[0].col_loop[1].mb|Mult0~mac                   ; AX               ;                       ;
; dataOrchestrator:dataOrch|col[1][5]                                                          ; Duplicated      ; Register Packing ; Timing optimization        ; Q         ;                ; dataOrchestrator:dataOrch|col[1][5]~_Duplicate_1                                                 ; Q                ;                       ;
; dataOrchestrator:dataOrch|col[1][5]~SCLR_LUT                                                 ; Created         ; Register Packing ; Timing optimization        ;           ;                ;                                                                                                  ;                  ;                       ;
; dataOrchestrator:dataOrch|col[2][0]                                                          ; Packed Register ; Register Packing ; Timing optimization        ; Q         ;                ; systolicArray:systolicArr|multiplierBlock:row_loop[0].col_loop[2].mb|Mult0~mac                   ; AX               ;                       ;
; dataOrchestrator:dataOrch|col[2][0]                                                          ; Duplicated      ; Register Packing ; Timing optimization        ; Q         ;                ; dataOrchestrator:dataOrch|col[2][0]~_Duplicate_1                                                 ; Q                ;                       ;
; dataOrchestrator:dataOrch|col[2][0]~SCLR_LUT                                                 ; Created         ; Register Packing ; Timing optimization        ;           ;                ;                                                                                                  ;                  ;                       ;
; dataOrchestrator:dataOrch|col[2][1]                                                          ; Packed Register ; Register Packing ; Timing optimization        ; Q         ;                ; systolicArray:systolicArr|multiplierBlock:row_loop[0].col_loop[2].mb|Mult0~mac                   ; AX               ;                       ;
; dataOrchestrator:dataOrch|col[2][1]                                                          ; Duplicated      ; Register Packing ; Timing optimization        ; Q         ;                ; dataOrchestrator:dataOrch|col[2][1]~_Duplicate_1                                                 ; Q                ;                       ;
; dataOrchestrator:dataOrch|col[2][1]~SCLR_LUT                                                 ; Created         ; Register Packing ; Timing optimization        ;           ;                ;                                                                                                  ;                  ;                       ;
; dataOrchestrator:dataOrch|col[2][2]                                                          ; Packed Register ; Register Packing ; Timing optimization        ; Q         ;                ; systolicArray:systolicArr|multiplierBlock:row_loop[0].col_loop[2].mb|Mult0~mac                   ; AX               ;                       ;
; dataOrchestrator:dataOrch|col[2][2]                                                          ; Duplicated      ; Register Packing ; Timing optimization        ; Q         ;                ; dataOrchestrator:dataOrch|col[2][2]~_Duplicate_1                                                 ; Q                ;                       ;
; dataOrchestrator:dataOrch|col[2][2]~SCLR_LUT                                                 ; Created         ; Register Packing ; Timing optimization        ;           ;                ;                                                                                                  ;                  ;                       ;
; dataOrchestrator:dataOrch|col[2][3]                                                          ; Packed Register ; Register Packing ; Timing optimization        ; Q         ;                ; systolicArray:systolicArr|multiplierBlock:row_loop[0].col_loop[2].mb|Mult0~mac                   ; AX               ;                       ;
; dataOrchestrator:dataOrch|col[2][3]                                                          ; Duplicated      ; Register Packing ; Timing optimization        ; Q         ;                ; dataOrchestrator:dataOrch|col[2][3]~_Duplicate_1                                                 ; Q                ;                       ;
; dataOrchestrator:dataOrch|col[2][3]~SCLR_LUT                                                 ; Created         ; Register Packing ; Timing optimization        ;           ;                ;                                                                                                  ;                  ;                       ;
; dataOrchestrator:dataOrch|col[2][4]                                                          ; Packed Register ; Register Packing ; Timing optimization        ; Q         ;                ; systolicArray:systolicArr|multiplierBlock:row_loop[0].col_loop[2].mb|Mult0~mac                   ; AX               ;                       ;
; dataOrchestrator:dataOrch|col[2][4]                                                          ; Duplicated      ; Register Packing ; Timing optimization        ; Q         ;                ; dataOrchestrator:dataOrch|col[2][4]~_Duplicate_1                                                 ; Q                ;                       ;
; dataOrchestrator:dataOrch|col[2][4]~SCLR_LUT                                                 ; Created         ; Register Packing ; Timing optimization        ;           ;                ;                                                                                                  ;                  ;                       ;
; dataOrchestrator:dataOrch|col[2][5]                                                          ; Packed Register ; Register Packing ; Timing optimization        ; Q         ;                ; systolicArray:systolicArr|multiplierBlock:row_loop[0].col_loop[2].mb|Mult0~mac                   ; AX               ;                       ;
; dataOrchestrator:dataOrch|col[2][5]                                                          ; Duplicated      ; Register Packing ; Timing optimization        ; Q         ;                ; dataOrchestrator:dataOrch|col[2][5]~_Duplicate_1                                                 ; Q                ;                       ;
; dataOrchestrator:dataOrch|col[2][5]~SCLR_LUT                                                 ; Created         ; Register Packing ; Timing optimization        ;           ;                ;                                                                                                  ;                  ;                       ;
; dataOrchestrator:dataOrch|row[0][0]                                                          ; Packed Register ; Register Packing ; Timing optimization        ; Q         ;                ; systolicArray:systolicArr|multiplierBlock:row_loop[0].col_loop[0].mb|Mult0~mac                   ; AY               ;                       ;
; dataOrchestrator:dataOrch|row[0][0]                                                          ; Duplicated      ; Register Packing ; Timing optimization        ; Q         ;                ; dataOrchestrator:dataOrch|row[0][0]~_Duplicate_1                                                 ; Q                ;                       ;
; dataOrchestrator:dataOrch|row[0][0]~SCLR_LUT                                                 ; Created         ; Register Packing ; Timing optimization        ;           ;                ;                                                                                                  ;                  ;                       ;
; dataOrchestrator:dataOrch|row[0][1]                                                          ; Packed Register ; Register Packing ; Timing optimization        ; Q         ;                ; systolicArray:systolicArr|multiplierBlock:row_loop[0].col_loop[0].mb|Mult0~mac                   ; AY               ;                       ;
; dataOrchestrator:dataOrch|row[0][1]                                                          ; Duplicated      ; Register Packing ; Timing optimization        ; Q         ;                ; dataOrchestrator:dataOrch|row[0][1]~_Duplicate_1                                                 ; Q                ;                       ;
; dataOrchestrator:dataOrch|row[0][1]~SCLR_LUT                                                 ; Created         ; Register Packing ; Timing optimization        ;           ;                ;                                                                                                  ;                  ;                       ;
; dataOrchestrator:dataOrch|row[0][2]                                                          ; Packed Register ; Register Packing ; Timing optimization        ; Q         ;                ; systolicArray:systolicArr|multiplierBlock:row_loop[0].col_loop[0].mb|Mult0~mac                   ; AY               ;                       ;
; dataOrchestrator:dataOrch|row[0][2]                                                          ; Duplicated      ; Register Packing ; Timing optimization        ; Q         ;                ; dataOrchestrator:dataOrch|row[0][2]~_Duplicate_1                                                 ; Q                ;                       ;
; dataOrchestrator:dataOrch|row[0][2]~SCLR_LUT                                                 ; Created         ; Register Packing ; Timing optimization        ;           ;                ;                                                                                                  ;                  ;                       ;
; dataOrchestrator:dataOrch|row[0][3]                                                          ; Packed Register ; Register Packing ; Timing optimization        ; Q         ;                ; systolicArray:systolicArr|multiplierBlock:row_loop[0].col_loop[0].mb|Mult0~mac                   ; AY               ;                       ;
; dataOrchestrator:dataOrch|row[0][3]                                                          ; Duplicated      ; Register Packing ; Timing optimization        ; Q         ;                ; dataOrchestrator:dataOrch|row[0][3]~_Duplicate_1                                                 ; Q                ;                       ;
; dataOrchestrator:dataOrch|row[0][3]~SCLR_LUT                                                 ; Created         ; Register Packing ; Timing optimization        ;           ;                ;                                                                                                  ;                  ;                       ;
; dataOrchestrator:dataOrch|row[0][4]                                                          ; Packed Register ; Register Packing ; Timing optimization        ; Q         ;                ; systolicArray:systolicArr|multiplierBlock:row_loop[0].col_loop[0].mb|Mult0~mac                   ; AY               ;                       ;
; dataOrchestrator:dataOrch|row[0][4]                                                          ; Duplicated      ; Register Packing ; Timing optimization        ; Q         ;                ; dataOrchestrator:dataOrch|row[0][4]~_Duplicate_1                                                 ; Q                ;                       ;
; dataOrchestrator:dataOrch|row[0][4]~SCLR_LUT                                                 ; Created         ; Register Packing ; Timing optimization        ;           ;                ;                                                                                                  ;                  ;                       ;
; dataOrchestrator:dataOrch|row[0][5]                                                          ; Packed Register ; Register Packing ; Timing optimization        ; Q         ;                ; systolicArray:systolicArr|multiplierBlock:row_loop[0].col_loop[0].mb|Mult0~mac                   ; AY               ;                       ;
; dataOrchestrator:dataOrch|row[0][5]                                                          ; Duplicated      ; Register Packing ; Timing optimization        ; Q         ;                ; dataOrchestrator:dataOrch|row[0][5]~_Duplicate_1                                                 ; Q                ;                       ;
; dataOrchestrator:dataOrch|row[0][5]~SCLR_LUT                                                 ; Created         ; Register Packing ; Timing optimization        ;           ;                ;                                                                                                  ;                  ;                       ;
; dataOrchestrator:dataOrch|row[1][0]                                                          ; Packed Register ; Register Packing ; Timing optimization        ; Q         ;                ; systolicArray:systolicArr|multiplierBlock:row_loop[1].col_loop[0].mb|Mult0~mac                   ; AY               ;                       ;
; dataOrchestrator:dataOrch|row[1][0]                                                          ; Duplicated      ; Register Packing ; Timing optimization        ; Q         ;                ; dataOrchestrator:dataOrch|row[1][0]~_Duplicate_1                                                 ; Q                ;                       ;
; dataOrchestrator:dataOrch|row[1][0]~SCLR_LUT                                                 ; Created         ; Register Packing ; Timing optimization        ;           ;                ;                                                                                                  ;                  ;                       ;
; dataOrchestrator:dataOrch|row[1][1]                                                          ; Packed Register ; Register Packing ; Timing optimization        ; Q         ;                ; systolicArray:systolicArr|multiplierBlock:row_loop[1].col_loop[0].mb|Mult0~mac                   ; AY               ;                       ;
; dataOrchestrator:dataOrch|row[1][1]                                                          ; Duplicated      ; Register Packing ; Timing optimization        ; Q         ;                ; dataOrchestrator:dataOrch|row[1][1]~_Duplicate_1                                                 ; Q                ;                       ;
; dataOrchestrator:dataOrch|row[1][1]~SCLR_LUT                                                 ; Created         ; Register Packing ; Timing optimization        ;           ;                ;                                                                                                  ;                  ;                       ;
; dataOrchestrator:dataOrch|row[1][2]                                                          ; Packed Register ; Register Packing ; Timing optimization        ; Q         ;                ; systolicArray:systolicArr|multiplierBlock:row_loop[1].col_loop[0].mb|Mult0~mac                   ; AY               ;                       ;
; dataOrchestrator:dataOrch|row[1][2]                                                          ; Duplicated      ; Register Packing ; Timing optimization        ; Q         ;                ; dataOrchestrator:dataOrch|row[1][2]~_Duplicate_1                                                 ; Q                ;                       ;
; dataOrchestrator:dataOrch|row[1][2]~SCLR_LUT                                                 ; Created         ; Register Packing ; Timing optimization        ;           ;                ;                                                                                                  ;                  ;                       ;
; dataOrchestrator:dataOrch|row[1][3]                                                          ; Packed Register ; Register Packing ; Timing optimization        ; Q         ;                ; systolicArray:systolicArr|multiplierBlock:row_loop[1].col_loop[0].mb|Mult0~mac                   ; AY               ;                       ;
; dataOrchestrator:dataOrch|row[1][3]                                                          ; Duplicated      ; Register Packing ; Timing optimization        ; Q         ;                ; dataOrchestrator:dataOrch|row[1][3]~_Duplicate_1                                                 ; Q                ;                       ;
; dataOrchestrator:dataOrch|row[1][3]~SCLR_LUT                                                 ; Created         ; Register Packing ; Timing optimization        ;           ;                ;                                                                                                  ;                  ;                       ;
; dataOrchestrator:dataOrch|row[1][4]                                                          ; Packed Register ; Register Packing ; Timing optimization        ; Q         ;                ; systolicArray:systolicArr|multiplierBlock:row_loop[1].col_loop[0].mb|Mult0~mac                   ; AY               ;                       ;
; dataOrchestrator:dataOrch|row[1][4]                                                          ; Duplicated      ; Register Packing ; Timing optimization        ; Q         ;                ; dataOrchestrator:dataOrch|row[1][4]~_Duplicate_1                                                 ; Q                ;                       ;
; dataOrchestrator:dataOrch|row[1][4]~SCLR_LUT                                                 ; Created         ; Register Packing ; Timing optimization        ;           ;                ;                                                                                                  ;                  ;                       ;
; dataOrchestrator:dataOrch|row[1][5]                                                          ; Packed Register ; Register Packing ; Timing optimization        ; Q         ;                ; systolicArray:systolicArr|multiplierBlock:row_loop[1].col_loop[0].mb|Mult0~mac                   ; AY               ;                       ;
; dataOrchestrator:dataOrch|row[1][5]                                                          ; Duplicated      ; Register Packing ; Timing optimization        ; Q         ;                ; dataOrchestrator:dataOrch|row[1][5]~_Duplicate_1                                                 ; Q                ;                       ;
; dataOrchestrator:dataOrch|row[1][5]~SCLR_LUT                                                 ; Created         ; Register Packing ; Timing optimization        ;           ;                ;                                                                                                  ;                  ;                       ;
; dataOrchestrator:dataOrch|row[2][0]                                                          ; Packed Register ; Register Packing ; Timing optimization        ; Q         ;                ; systolicArray:systolicArr|multiplierBlock:row_loop[2].col_loop[0].mb|Mult0~mac                   ; AY               ;                       ;
; dataOrchestrator:dataOrch|row[2][0]                                                          ; Duplicated      ; Register Packing ; Timing optimization        ; Q         ;                ; dataOrchestrator:dataOrch|row[2][0]~_Duplicate_1                                                 ; Q                ;                       ;
; dataOrchestrator:dataOrch|row[2][0]~SCLR_LUT                                                 ; Created         ; Register Packing ; Timing optimization        ;           ;                ;                                                                                                  ;                  ;                       ;
; dataOrchestrator:dataOrch|row[2][1]                                                          ; Packed Register ; Register Packing ; Timing optimization        ; Q         ;                ; systolicArray:systolicArr|multiplierBlock:row_loop[2].col_loop[0].mb|Mult0~mac                   ; AY               ;                       ;
; dataOrchestrator:dataOrch|row[2][1]                                                          ; Duplicated      ; Register Packing ; Timing optimization        ; Q         ;                ; dataOrchestrator:dataOrch|row[2][1]~_Duplicate_1                                                 ; Q                ;                       ;
; dataOrchestrator:dataOrch|row[2][1]~SCLR_LUT                                                 ; Created         ; Register Packing ; Timing optimization        ;           ;                ;                                                                                                  ;                  ;                       ;
; dataOrchestrator:dataOrch|row[2][2]                                                          ; Packed Register ; Register Packing ; Timing optimization        ; Q         ;                ; systolicArray:systolicArr|multiplierBlock:row_loop[2].col_loop[0].mb|Mult0~mac                   ; AY               ;                       ;
; dataOrchestrator:dataOrch|row[2][2]                                                          ; Duplicated      ; Register Packing ; Timing optimization        ; Q         ;                ; dataOrchestrator:dataOrch|row[2][2]~_Duplicate_1                                                 ; Q                ;                       ;
; dataOrchestrator:dataOrch|row[2][2]~SCLR_LUT                                                 ; Created         ; Register Packing ; Timing optimization        ;           ;                ;                                                                                                  ;                  ;                       ;
; dataOrchestrator:dataOrch|row[2][3]                                                          ; Packed Register ; Register Packing ; Timing optimization        ; Q         ;                ; systolicArray:systolicArr|multiplierBlock:row_loop[2].col_loop[0].mb|Mult0~mac                   ; AY               ;                       ;
; dataOrchestrator:dataOrch|row[2][3]                                                          ; Duplicated      ; Register Packing ; Timing optimization        ; Q         ;                ; dataOrchestrator:dataOrch|row[2][3]~_Duplicate_1                                                 ; Q                ;                       ;
; dataOrchestrator:dataOrch|row[2][3]~SCLR_LUT                                                 ; Created         ; Register Packing ; Timing optimization        ;           ;                ;                                                                                                  ;                  ;                       ;
; dataOrchestrator:dataOrch|row[2][4]                                                          ; Packed Register ; Register Packing ; Timing optimization        ; Q         ;                ; systolicArray:systolicArr|multiplierBlock:row_loop[2].col_loop[0].mb|Mult0~mac                   ; AY               ;                       ;
; dataOrchestrator:dataOrch|row[2][4]                                                          ; Duplicated      ; Register Packing ; Timing optimization        ; Q         ;                ; dataOrchestrator:dataOrch|row[2][4]~_Duplicate_1                                                 ; Q                ;                       ;
; dataOrchestrator:dataOrch|row[2][4]~SCLR_LUT                                                 ; Created         ; Register Packing ; Timing optimization        ;           ;                ;                                                                                                  ;                  ;                       ;
; dataOrchestrator:dataOrch|row[2][5]                                                          ; Packed Register ; Register Packing ; Timing optimization        ; Q         ;                ; systolicArray:systolicArr|multiplierBlock:row_loop[2].col_loop[0].mb|Mult0~mac                   ; AY               ;                       ;
; dataOrchestrator:dataOrch|row[2][5]                                                          ; Duplicated      ; Register Packing ; Timing optimization        ; Q         ;                ; dataOrchestrator:dataOrch|row[2][5]~_Duplicate_1                                                 ; Q                ;                       ;
; dataOrchestrator:dataOrch|row[2][5]~SCLR_LUT                                                 ; Created         ; Register Packing ; Timing optimization        ;           ;                ;                                                                                                  ;                  ;                       ;
; systolicArray:systolicArr|multiplierBlock:row_loop[0].col_loop[0].mb|aOut[0]                 ; Packed Register ; Register Packing ; Timing optimization        ; Q         ;                ; systolicArray:systolicArr|multiplierBlock:row_loop[0].col_loop[1].mb|Mult0~mac                   ; AY               ;                       ;
; systolicArray:systolicArr|multiplierBlock:row_loop[0].col_loop[0].mb|aOut[0]                 ; Duplicated      ; Register Packing ; Timing optimization        ; Q         ;                ; systolicArray:systolicArr|multiplierBlock:row_loop[0].col_loop[0].mb|aOut[0]~_Duplicate_1        ; Q                ;                       ;
; systolicArray:systolicArr|multiplierBlock:row_loop[0].col_loop[0].mb|aOut[0]~SCLR_LUT        ; Created         ; Register Packing ; Timing optimization        ;           ;                ;                                                                                                  ;                  ;                       ;
; systolicArray:systolicArr|multiplierBlock:row_loop[0].col_loop[0].mb|aOut[1]                 ; Packed Register ; Register Packing ; Timing optimization        ; Q         ;                ; systolicArray:systolicArr|multiplierBlock:row_loop[0].col_loop[1].mb|Mult0~mac                   ; AY               ;                       ;
; systolicArray:systolicArr|multiplierBlock:row_loop[0].col_loop[0].mb|aOut[1]                 ; Duplicated      ; Register Packing ; Timing optimization        ; Q         ;                ; systolicArray:systolicArr|multiplierBlock:row_loop[0].col_loop[0].mb|aOut[1]~_Duplicate_1        ; Q                ;                       ;
; systolicArray:systolicArr|multiplierBlock:row_loop[0].col_loop[0].mb|aOut[1]~SCLR_LUT        ; Created         ; Register Packing ; Timing optimization        ;           ;                ;                                                                                                  ;                  ;                       ;
; systolicArray:systolicArr|multiplierBlock:row_loop[0].col_loop[0].mb|aOut[2]                 ; Packed Register ; Register Packing ; Timing optimization        ; Q         ;                ; systolicArray:systolicArr|multiplierBlock:row_loop[0].col_loop[1].mb|Mult0~mac                   ; AY               ;                       ;
; systolicArray:systolicArr|multiplierBlock:row_loop[0].col_loop[0].mb|aOut[2]                 ; Duplicated      ; Register Packing ; Timing optimization        ; Q         ;                ; systolicArray:systolicArr|multiplierBlock:row_loop[0].col_loop[0].mb|aOut[2]~_Duplicate_1        ; Q                ;                       ;
; systolicArray:systolicArr|multiplierBlock:row_loop[0].col_loop[0].mb|aOut[2]~SCLR_LUT        ; Created         ; Register Packing ; Timing optimization        ;           ;                ;                                                                                                  ;                  ;                       ;
; systolicArray:systolicArr|multiplierBlock:row_loop[0].col_loop[0].mb|aOut[3]                 ; Packed Register ; Register Packing ; Timing optimization        ; Q         ;                ; systolicArray:systolicArr|multiplierBlock:row_loop[0].col_loop[1].mb|Mult0~mac                   ; AY               ;                       ;
; systolicArray:systolicArr|multiplierBlock:row_loop[0].col_loop[0].mb|aOut[3]                 ; Duplicated      ; Register Packing ; Timing optimization        ; Q         ;                ; systolicArray:systolicArr|multiplierBlock:row_loop[0].col_loop[0].mb|aOut[3]~_Duplicate_1        ; Q                ;                       ;
; systolicArray:systolicArr|multiplierBlock:row_loop[0].col_loop[0].mb|aOut[3]~SCLR_LUT        ; Created         ; Register Packing ; Timing optimization        ;           ;                ;                                                                                                  ;                  ;                       ;
; systolicArray:systolicArr|multiplierBlock:row_loop[0].col_loop[0].mb|aOut[4]                 ; Packed Register ; Register Packing ; Timing optimization        ; Q         ;                ; systolicArray:systolicArr|multiplierBlock:row_loop[0].col_loop[1].mb|Mult0~mac                   ; AY               ;                       ;
; systolicArray:systolicArr|multiplierBlock:row_loop[0].col_loop[0].mb|aOut[4]                 ; Duplicated      ; Register Packing ; Timing optimization        ; Q         ;                ; systolicArray:systolicArr|multiplierBlock:row_loop[0].col_loop[0].mb|aOut[4]~_Duplicate_1        ; Q                ;                       ;
; systolicArray:systolicArr|multiplierBlock:row_loop[0].col_loop[0].mb|aOut[4]~SCLR_LUT        ; Created         ; Register Packing ; Timing optimization        ;           ;                ;                                                                                                  ;                  ;                       ;
; systolicArray:systolicArr|multiplierBlock:row_loop[0].col_loop[0].mb|aOut[5]                 ; Packed Register ; Register Packing ; Timing optimization        ; Q         ;                ; systolicArray:systolicArr|multiplierBlock:row_loop[0].col_loop[1].mb|Mult0~mac                   ; AY               ;                       ;
; systolicArray:systolicArr|multiplierBlock:row_loop[0].col_loop[0].mb|aOut[5]                 ; Duplicated      ; Register Packing ; Timing optimization        ; Q         ;                ; systolicArray:systolicArr|multiplierBlock:row_loop[0].col_loop[0].mb|aOut[5]~_Duplicate_1        ; Q                ;                       ;
; systolicArray:systolicArr|multiplierBlock:row_loop[0].col_loop[0].mb|aOut[5]~SCLR_LUT        ; Created         ; Register Packing ; Timing optimization        ;           ;                ;                                                                                                  ;                  ;                       ;
; systolicArray:systolicArr|multiplierBlock:row_loop[0].col_loop[0].mb|bOut[0]                 ; Packed Register ; Register Packing ; Timing optimization        ; Q         ;                ; systolicArray:systolicArr|multiplierBlock:row_loop[1].col_loop[0].mb|Mult0~mac                   ; AX               ;                       ;
; systolicArray:systolicArr|multiplierBlock:row_loop[0].col_loop[0].mb|bOut[0]                 ; Duplicated      ; Register Packing ; Timing optimization        ; Q         ;                ; systolicArray:systolicArr|multiplierBlock:row_loop[0].col_loop[0].mb|bOut[0]~_Duplicate_1        ; Q                ;                       ;
; systolicArray:systolicArr|multiplierBlock:row_loop[0].col_loop[0].mb|bOut[0]~SCLR_LUT        ; Created         ; Register Packing ; Timing optimization        ;           ;                ;                                                                                                  ;                  ;                       ;
; systolicArray:systolicArr|multiplierBlock:row_loop[0].col_loop[0].mb|bOut[1]                 ; Packed Register ; Register Packing ; Timing optimization        ; Q         ;                ; systolicArray:systolicArr|multiplierBlock:row_loop[1].col_loop[0].mb|Mult0~mac                   ; AX               ;                       ;
; systolicArray:systolicArr|multiplierBlock:row_loop[0].col_loop[0].mb|bOut[1]                 ; Duplicated      ; Register Packing ; Timing optimization        ; Q         ;                ; systolicArray:systolicArr|multiplierBlock:row_loop[0].col_loop[0].mb|bOut[1]~_Duplicate_1        ; Q                ;                       ;
; systolicArray:systolicArr|multiplierBlock:row_loop[0].col_loop[0].mb|bOut[1]~SCLR_LUT        ; Created         ; Register Packing ; Timing optimization        ;           ;                ;                                                                                                  ;                  ;                       ;
; systolicArray:systolicArr|multiplierBlock:row_loop[0].col_loop[0].mb|bOut[2]                 ; Packed Register ; Register Packing ; Timing optimization        ; Q         ;                ; systolicArray:systolicArr|multiplierBlock:row_loop[1].col_loop[0].mb|Mult0~mac                   ; AX               ;                       ;
; systolicArray:systolicArr|multiplierBlock:row_loop[0].col_loop[0].mb|bOut[2]                 ; Duplicated      ; Register Packing ; Timing optimization        ; Q         ;                ; systolicArray:systolicArr|multiplierBlock:row_loop[0].col_loop[0].mb|bOut[2]~_Duplicate_1        ; Q                ;                       ;
; systolicArray:systolicArr|multiplierBlock:row_loop[0].col_loop[0].mb|bOut[2]~SCLR_LUT        ; Created         ; Register Packing ; Timing optimization        ;           ;                ;                                                                                                  ;                  ;                       ;
; systolicArray:systolicArr|multiplierBlock:row_loop[0].col_loop[0].mb|bOut[3]                 ; Packed Register ; Register Packing ; Timing optimization        ; Q         ;                ; systolicArray:systolicArr|multiplierBlock:row_loop[1].col_loop[0].mb|Mult0~mac                   ; AX               ;                       ;
; systolicArray:systolicArr|multiplierBlock:row_loop[0].col_loop[0].mb|bOut[3]                 ; Duplicated      ; Register Packing ; Timing optimization        ; Q         ;                ; systolicArray:systolicArr|multiplierBlock:row_loop[0].col_loop[0].mb|bOut[3]~_Duplicate_1        ; Q                ;                       ;
; systolicArray:systolicArr|multiplierBlock:row_loop[0].col_loop[0].mb|bOut[3]~SCLR_LUT        ; Created         ; Register Packing ; Timing optimization        ;           ;                ;                                                                                                  ;                  ;                       ;
; systolicArray:systolicArr|multiplierBlock:row_loop[0].col_loop[0].mb|bOut[4]                 ; Packed Register ; Register Packing ; Timing optimization        ; Q         ;                ; systolicArray:systolicArr|multiplierBlock:row_loop[1].col_loop[0].mb|Mult0~mac                   ; AX               ;                       ;
; systolicArray:systolicArr|multiplierBlock:row_loop[0].col_loop[0].mb|bOut[4]                 ; Duplicated      ; Register Packing ; Timing optimization        ; Q         ;                ; systolicArray:systolicArr|multiplierBlock:row_loop[0].col_loop[0].mb|bOut[4]~_Duplicate_1        ; Q                ;                       ;
; systolicArray:systolicArr|multiplierBlock:row_loop[0].col_loop[0].mb|bOut[4]~SCLR_LUT        ; Created         ; Register Packing ; Timing optimization        ;           ;                ;                                                                                                  ;                  ;                       ;
; systolicArray:systolicArr|multiplierBlock:row_loop[0].col_loop[0].mb|bOut[5]                 ; Packed Register ; Register Packing ; Timing optimization        ; Q         ;                ; systolicArray:systolicArr|multiplierBlock:row_loop[1].col_loop[0].mb|Mult0~mac                   ; AX               ;                       ;
; systolicArray:systolicArr|multiplierBlock:row_loop[0].col_loop[0].mb|bOut[5]                 ; Duplicated      ; Register Packing ; Timing optimization        ; Q         ;                ; systolicArray:systolicArr|multiplierBlock:row_loop[0].col_loop[0].mb|bOut[5]~_Duplicate_1        ; Q                ;                       ;
; systolicArray:systolicArr|multiplierBlock:row_loop[0].col_loop[0].mb|bOut[5]~SCLR_LUT        ; Created         ; Register Packing ; Timing optimization        ;           ;                ;                                                                                                  ;                  ;                       ;
; systolicArray:systolicArr|multiplierBlock:row_loop[0].col_loop[0].mb|partialSum[0]           ; Packed Register ; Register Packing ; Timing optimization        ; Q         ;                ; systolicArray:systolicArr|multiplierBlock:row_loop[0].col_loop[0].mb|Mult0~mac                   ; BY               ;                       ;
; systolicArray:systolicArr|multiplierBlock:row_loop[0].col_loop[0].mb|partialSum[0]           ; Duplicated      ; Register Packing ; Timing optimization        ; Q         ;                ; systolicArray:systolicArr|multiplierBlock:row_loop[0].col_loop[0].mb|partialSum[0]~_Duplicate_1  ; Q                ;                       ;
; systolicArray:systolicArr|multiplierBlock:row_loop[0].col_loop[0].mb|partialSum[0]~SCLR_LUT  ; Created         ; Register Packing ; Timing optimization        ;           ;                ;                                                                                                  ;                  ;                       ;
; systolicArray:systolicArr|multiplierBlock:row_loop[0].col_loop[0].mb|partialSum[1]           ; Packed Register ; Register Packing ; Timing optimization        ; Q         ;                ; systolicArray:systolicArr|multiplierBlock:row_loop[0].col_loop[0].mb|Mult0~mac                   ; BY               ;                       ;
; systolicArray:systolicArr|multiplierBlock:row_loop[0].col_loop[0].mb|partialSum[1]           ; Duplicated      ; Register Packing ; Timing optimization        ; Q         ;                ; systolicArray:systolicArr|multiplierBlock:row_loop[0].col_loop[0].mb|partialSum[1]~_Duplicate_1  ; Q                ;                       ;
; systolicArray:systolicArr|multiplierBlock:row_loop[0].col_loop[0].mb|partialSum[1]~SCLR_LUT  ; Created         ; Register Packing ; Timing optimization        ;           ;                ;                                                                                                  ;                  ;                       ;
; systolicArray:systolicArr|multiplierBlock:row_loop[0].col_loop[0].mb|partialSum[2]           ; Packed Register ; Register Packing ; Timing optimization        ; Q         ;                ; systolicArray:systolicArr|multiplierBlock:row_loop[0].col_loop[0].mb|Mult0~mac                   ; BY               ;                       ;
; systolicArray:systolicArr|multiplierBlock:row_loop[0].col_loop[0].mb|partialSum[2]           ; Duplicated      ; Register Packing ; Timing optimization        ; Q         ;                ; systolicArray:systolicArr|multiplierBlock:row_loop[0].col_loop[0].mb|partialSum[2]~_Duplicate_1  ; Q                ;                       ;
; systolicArray:systolicArr|multiplierBlock:row_loop[0].col_loop[0].mb|partialSum[2]~SCLR_LUT  ; Created         ; Register Packing ; Timing optimization        ;           ;                ;                                                                                                  ;                  ;                       ;
; systolicArray:systolicArr|multiplierBlock:row_loop[0].col_loop[0].mb|partialSum[3]           ; Packed Register ; Register Packing ; Timing optimization        ; Q         ;                ; systolicArray:systolicArr|multiplierBlock:row_loop[0].col_loop[0].mb|Mult0~mac                   ; BY               ;                       ;
; systolicArray:systolicArr|multiplierBlock:row_loop[0].col_loop[0].mb|partialSum[3]           ; Duplicated      ; Register Packing ; Timing optimization        ; Q         ;                ; systolicArray:systolicArr|multiplierBlock:row_loop[0].col_loop[0].mb|partialSum[3]~_Duplicate_1  ; Q                ;                       ;
; systolicArray:systolicArr|multiplierBlock:row_loop[0].col_loop[0].mb|partialSum[3]~SCLR_LUT  ; Created         ; Register Packing ; Timing optimization        ;           ;                ;                                                                                                  ;                  ;                       ;
; systolicArray:systolicArr|multiplierBlock:row_loop[0].col_loop[0].mb|partialSum[4]           ; Packed Register ; Register Packing ; Timing optimization        ; Q         ;                ; systolicArray:systolicArr|multiplierBlock:row_loop[0].col_loop[0].mb|Mult0~mac                   ; BY               ;                       ;
; systolicArray:systolicArr|multiplierBlock:row_loop[0].col_loop[0].mb|partialSum[4]           ; Duplicated      ; Register Packing ; Timing optimization        ; Q         ;                ; systolicArray:systolicArr|multiplierBlock:row_loop[0].col_loop[0].mb|partialSum[4]~_Duplicate_1  ; Q                ;                       ;
; systolicArray:systolicArr|multiplierBlock:row_loop[0].col_loop[0].mb|partialSum[4]~SCLR_LUT  ; Created         ; Register Packing ; Timing optimization        ;           ;                ;                                                                                                  ;                  ;                       ;
; systolicArray:systolicArr|multiplierBlock:row_loop[0].col_loop[0].mb|partialSum[5]           ; Packed Register ; Register Packing ; Timing optimization        ; Q         ;                ; systolicArray:systolicArr|multiplierBlock:row_loop[0].col_loop[0].mb|Mult0~mac                   ; BY               ;                       ;
; systolicArray:systolicArr|multiplierBlock:row_loop[0].col_loop[0].mb|partialSum[5]           ; Duplicated      ; Register Packing ; Timing optimization        ; Q         ;                ; systolicArray:systolicArr|multiplierBlock:row_loop[0].col_loop[0].mb|partialSum[5]~_Duplicate_1  ; Q                ;                       ;
; systolicArray:systolicArr|multiplierBlock:row_loop[0].col_loop[0].mb|partialSum[5]~SCLR_LUT  ; Created         ; Register Packing ; Timing optimization        ;           ;                ;                                                                                                  ;                  ;                       ;
; systolicArray:systolicArr|multiplierBlock:row_loop[0].col_loop[0].mb|partialSum[6]           ; Packed Register ; Register Packing ; Timing optimization        ; Q         ;                ; systolicArray:systolicArr|multiplierBlock:row_loop[0].col_loop[0].mb|Mult0~mac                   ; BY               ;                       ;
; systolicArray:systolicArr|multiplierBlock:row_loop[0].col_loop[0].mb|partialSum[6]           ; Duplicated      ; Register Packing ; Timing optimization        ; Q         ;                ; systolicArray:systolicArr|multiplierBlock:row_loop[0].col_loop[0].mb|partialSum[6]~_Duplicate_1  ; Q                ;                       ;
; systolicArray:systolicArr|multiplierBlock:row_loop[0].col_loop[0].mb|partialSum[6]~SCLR_LUT  ; Created         ; Register Packing ; Timing optimization        ;           ;                ;                                                                                                  ;                  ;                       ;
; systolicArray:systolicArr|multiplierBlock:row_loop[0].col_loop[0].mb|partialSum[7]           ; Packed Register ; Register Packing ; Timing optimization        ; Q         ;                ; systolicArray:systolicArr|multiplierBlock:row_loop[0].col_loop[0].mb|Mult0~mac                   ; BY               ;                       ;
; systolicArray:systolicArr|multiplierBlock:row_loop[0].col_loop[0].mb|partialSum[7]           ; Duplicated      ; Register Packing ; Timing optimization        ; Q         ;                ; systolicArray:systolicArr|multiplierBlock:row_loop[0].col_loop[0].mb|partialSum[7]~_Duplicate_1  ; Q                ;                       ;
; systolicArray:systolicArr|multiplierBlock:row_loop[0].col_loop[0].mb|partialSum[7]~SCLR_LUT  ; Created         ; Register Packing ; Timing optimization        ;           ;                ;                                                                                                  ;                  ;                       ;
; systolicArray:systolicArr|multiplierBlock:row_loop[0].col_loop[0].mb|partialSum[8]           ; Packed Register ; Register Packing ; Timing optimization        ; Q         ;                ; systolicArray:systolicArr|multiplierBlock:row_loop[0].col_loop[0].mb|Mult0~mac                   ; BY               ;                       ;
; systolicArray:systolicArr|multiplierBlock:row_loop[0].col_loop[0].mb|partialSum[8]           ; Duplicated      ; Register Packing ; Timing optimization        ; Q         ;                ; systolicArray:systolicArr|multiplierBlock:row_loop[0].col_loop[0].mb|partialSum[8]~_Duplicate_1  ; Q                ;                       ;
; systolicArray:systolicArr|multiplierBlock:row_loop[0].col_loop[0].mb|partialSum[8]~SCLR_LUT  ; Created         ; Register Packing ; Timing optimization        ;           ;                ;                                                                                                  ;                  ;                       ;
; systolicArray:systolicArr|multiplierBlock:row_loop[0].col_loop[0].mb|partialSum[9]           ; Packed Register ; Register Packing ; Timing optimization        ; Q         ;                ; systolicArray:systolicArr|multiplierBlock:row_loop[0].col_loop[0].mb|Mult0~mac                   ; BY               ;                       ;
; systolicArray:systolicArr|multiplierBlock:row_loop[0].col_loop[0].mb|partialSum[9]           ; Duplicated      ; Register Packing ; Timing optimization        ; Q         ;                ; systolicArray:systolicArr|multiplierBlock:row_loop[0].col_loop[0].mb|partialSum[9]~_Duplicate_1  ; Q                ;                       ;
; systolicArray:systolicArr|multiplierBlock:row_loop[0].col_loop[0].mb|partialSum[9]~SCLR_LUT  ; Created         ; Register Packing ; Timing optimization        ;           ;                ;                                                                                                  ;                  ;                       ;
; systolicArray:systolicArr|multiplierBlock:row_loop[0].col_loop[0].mb|partialSum[10]          ; Packed Register ; Register Packing ; Timing optimization        ; Q         ;                ; systolicArray:systolicArr|multiplierBlock:row_loop[0].col_loop[0].mb|Mult0~mac                   ; BY               ;                       ;
; systolicArray:systolicArr|multiplierBlock:row_loop[0].col_loop[0].mb|partialSum[10]          ; Duplicated      ; Register Packing ; Timing optimization        ; Q         ;                ; systolicArray:systolicArr|multiplierBlock:row_loop[0].col_loop[0].mb|partialSum[10]~_Duplicate_1 ; Q                ;                       ;
; systolicArray:systolicArr|multiplierBlock:row_loop[0].col_loop[0].mb|partialSum[10]~SCLR_LUT ; Created         ; Register Packing ; Timing optimization        ;           ;                ;                                                                                                  ;                  ;                       ;
; systolicArray:systolicArr|multiplierBlock:row_loop[0].col_loop[0].mb|partialSum[11]          ; Packed Register ; Register Packing ; Timing optimization        ; Q         ;                ; systolicArray:systolicArr|multiplierBlock:row_loop[0].col_loop[0].mb|Mult0~mac                   ; BY               ;                       ;
; systolicArray:systolicArr|multiplierBlock:row_loop[0].col_loop[0].mb|partialSum[11]          ; Duplicated      ; Register Packing ; Timing optimization        ; Q         ;                ; systolicArray:systolicArr|multiplierBlock:row_loop[0].col_loop[0].mb|partialSum[11]~_Duplicate_1 ; Q                ;                       ;
; systolicArray:systolicArr|multiplierBlock:row_loop[0].col_loop[0].mb|partialSum[11]~SCLR_LUT ; Created         ; Register Packing ; Timing optimization        ;           ;                ;                                                                                                  ;                  ;                       ;
; systolicArray:systolicArr|multiplierBlock:row_loop[0].col_loop[0].mb|partialSum[12]          ; Packed Register ; Register Packing ; Timing optimization        ; Q         ;                ; systolicArray:systolicArr|multiplierBlock:row_loop[0].col_loop[0].mb|Mult0~mac                   ; BY               ;                       ;
; systolicArray:systolicArr|multiplierBlock:row_loop[0].col_loop[0].mb|partialSum[12]~SCLR_LUT ; Created         ; Register Packing ; Timing optimization        ;           ;                ;                                                                                                  ;                  ;                       ;
; systolicArray:systolicArr|multiplierBlock:row_loop[0].col_loop[0].mb|partialSum[13]          ; Packed Register ; Register Packing ; Timing optimization        ; Q         ;                ; systolicArray:systolicArr|multiplierBlock:row_loop[0].col_loop[0].mb|Mult0~mac                   ; BY               ;                       ;
; systolicArray:systolicArr|multiplierBlock:row_loop[0].col_loop[0].mb|partialSum[13]~SCLR_LUT ; Created         ; Register Packing ; Timing optimization        ;           ;                ;                                                                                                  ;                  ;                       ;
; systolicArray:systolicArr|multiplierBlock:row_loop[0].col_loop[0].mb|partialSum[14]          ; Packed Register ; Register Packing ; Timing optimization        ; Q         ;                ; systolicArray:systolicArr|multiplierBlock:row_loop[0].col_loop[0].mb|Mult0~mac                   ; BY               ;                       ;
; systolicArray:systolicArr|multiplierBlock:row_loop[0].col_loop[0].mb|partialSum[14]~SCLR_LUT ; Created         ; Register Packing ; Timing optimization        ;           ;                ;                                                                                                  ;                  ;                       ;
; systolicArray:systolicArr|multiplierBlock:row_loop[0].col_loop[0].mb|partialSum[15]          ; Packed Register ; Register Packing ; Timing optimization        ; Q         ;                ; systolicArray:systolicArr|multiplierBlock:row_loop[0].col_loop[0].mb|Mult0~mac                   ; BY               ;                       ;
; systolicArray:systolicArr|multiplierBlock:row_loop[0].col_loop[0].mb|partialSum[15]~SCLR_LUT ; Created         ; Register Packing ; Timing optimization        ;           ;                ;                                                                                                  ;                  ;                       ;
; systolicArray:systolicArr|multiplierBlock:row_loop[0].col_loop[0].mb|partialSum[16]          ; Packed Register ; Register Packing ; Timing optimization        ; Q         ;                ; systolicArray:systolicArr|multiplierBlock:row_loop[0].col_loop[0].mb|Mult0~mac                   ; BY               ;                       ;
; systolicArray:systolicArr|multiplierBlock:row_loop[0].col_loop[0].mb|partialSum[16]~SCLR_LUT ; Created         ; Register Packing ; Timing optimization        ;           ;                ;                                                                                                  ;                  ;                       ;
; systolicArray:systolicArr|multiplierBlock:row_loop[0].col_loop[0].mb|partialSum[17]          ; Packed Register ; Register Packing ; Timing optimization        ; Q         ;                ; systolicArray:systolicArr|multiplierBlock:row_loop[0].col_loop[0].mb|Mult0~mac                   ; BY               ;                       ;
; systolicArray:systolicArr|multiplierBlock:row_loop[0].col_loop[0].mb|partialSum[17]~SCLR_LUT ; Created         ; Register Packing ; Timing optimization        ;           ;                ;                                                                                                  ;                  ;                       ;
; systolicArray:systolicArr|multiplierBlock:row_loop[0].col_loop[0].mb|partialSum[18]          ; Packed Register ; Register Packing ; Timing optimization        ; Q         ;                ; systolicArray:systolicArr|multiplierBlock:row_loop[0].col_loop[0].mb|Mult0~mac                   ; BX               ;                       ;
; systolicArray:systolicArr|multiplierBlock:row_loop[0].col_loop[0].mb|partialSum[18]~SCLR_LUT ; Created         ; Register Packing ; Timing optimization        ;           ;                ;                                                                                                  ;                  ;                       ;
; systolicArray:systolicArr|multiplierBlock:row_loop[0].col_loop[0].mb|partialSum[19]          ; Packed Register ; Register Packing ; Timing optimization        ; Q         ;                ; systolicArray:systolicArr|multiplierBlock:row_loop[0].col_loop[0].mb|Mult0~mac                   ; BX               ;                       ;
; systolicArray:systolicArr|multiplierBlock:row_loop[0].col_loop[0].mb|partialSum[19]~SCLR_LUT ; Created         ; Register Packing ; Timing optimization        ;           ;                ;                                                                                                  ;                  ;                       ;
; systolicArray:systolicArr|multiplierBlock:row_loop[0].col_loop[0].mb|partialSum[20]          ; Packed Register ; Register Packing ; Timing optimization        ; Q         ;                ; systolicArray:systolicArr|multiplierBlock:row_loop[0].col_loop[0].mb|Mult0~mac                   ; BX               ;                       ;
; systolicArray:systolicArr|multiplierBlock:row_loop[0].col_loop[0].mb|partialSum[20]~SCLR_LUT ; Created         ; Register Packing ; Timing optimization        ;           ;                ;                                                                                                  ;                  ;                       ;
; systolicArray:systolicArr|multiplierBlock:row_loop[0].col_loop[0].mb|partialSum[21]          ; Packed Register ; Register Packing ; Timing optimization        ; Q         ;                ; systolicArray:systolicArr|multiplierBlock:row_loop[0].col_loop[0].mb|Mult0~mac                   ; BX               ;                       ;
; systolicArray:systolicArr|multiplierBlock:row_loop[0].col_loop[0].mb|partialSum[21]~SCLR_LUT ; Created         ; Register Packing ; Timing optimization        ;           ;                ;                                                                                                  ;                  ;                       ;
; systolicArray:systolicArr|multiplierBlock:row_loop[0].col_loop[0].mb|partialSum[22]          ; Packed Register ; Register Packing ; Timing optimization        ; Q         ;                ; systolicArray:systolicArr|multiplierBlock:row_loop[0].col_loop[0].mb|Mult0~mac                   ; BX               ;                       ;
; systolicArray:systolicArr|multiplierBlock:row_loop[0].col_loop[0].mb|partialSum[22]~SCLR_LUT ; Created         ; Register Packing ; Timing optimization        ;           ;                ;                                                                                                  ;                  ;                       ;
; systolicArray:systolicArr|multiplierBlock:row_loop[0].col_loop[0].mb|partialSum[23]          ; Packed Register ; Register Packing ; Timing optimization        ; Q         ;                ; systolicArray:systolicArr|multiplierBlock:row_loop[0].col_loop[0].mb|Mult0~mac                   ; BX               ;                       ;
; systolicArray:systolicArr|multiplierBlock:row_loop[0].col_loop[0].mb|partialSum[23]~SCLR_LUT ; Created         ; Register Packing ; Timing optimization        ;           ;                ;                                                                                                  ;                  ;                       ;
; systolicArray:systolicArr|multiplierBlock:row_loop[0].col_loop[0].mb|partialSum[24]          ; Packed Register ; Register Packing ; Timing optimization        ; Q         ;                ; systolicArray:systolicArr|multiplierBlock:row_loop[0].col_loop[0].mb|Mult0~mac                   ; BX               ;                       ;
; systolicArray:systolicArr|multiplierBlock:row_loop[0].col_loop[0].mb|partialSum[24]~SCLR_LUT ; Created         ; Register Packing ; Timing optimization        ;           ;                ;                                                                                                  ;                  ;                       ;
; systolicArray:systolicArr|multiplierBlock:row_loop[0].col_loop[0].mb|partialSum[25]          ; Packed Register ; Register Packing ; Timing optimization        ; Q         ;                ; systolicArray:systolicArr|multiplierBlock:row_loop[0].col_loop[0].mb|Mult0~mac                   ; BX               ;                       ;
; systolicArray:systolicArr|multiplierBlock:row_loop[0].col_loop[0].mb|partialSum[25]~SCLR_LUT ; Created         ; Register Packing ; Timing optimization        ;           ;                ;                                                                                                  ;                  ;                       ;
; systolicArray:systolicArr|multiplierBlock:row_loop[0].col_loop[0].mb|partialSum[26]          ; Packed Register ; Register Packing ; Timing optimization        ; Q         ;                ; systolicArray:systolicArr|multiplierBlock:row_loop[0].col_loop[0].mb|Mult0~mac                   ; BX               ;                       ;
; systolicArray:systolicArr|multiplierBlock:row_loop[0].col_loop[0].mb|partialSum[26]~SCLR_LUT ; Created         ; Register Packing ; Timing optimization        ;           ;                ;                                                                                                  ;                  ;                       ;
; systolicArray:systolicArr|multiplierBlock:row_loop[0].col_loop[0].mb|partialSum[27]          ; Packed Register ; Register Packing ; Timing optimization        ; Q         ;                ; systolicArray:systolicArr|multiplierBlock:row_loop[0].col_loop[0].mb|Mult0~mac                   ; BX               ;                       ;
; systolicArray:systolicArr|multiplierBlock:row_loop[0].col_loop[0].mb|partialSum[27]~SCLR_LUT ; Created         ; Register Packing ; Timing optimization        ;           ;                ;                                                                                                  ;                  ;                       ;
; systolicArray:systolicArr|multiplierBlock:row_loop[0].col_loop[0].mb|partialSum[28]          ; Packed Register ; Register Packing ; Timing optimization        ; Q         ;                ; systolicArray:systolicArr|multiplierBlock:row_loop[0].col_loop[0].mb|Mult0~mac                   ; BX               ;                       ;
; systolicArray:systolicArr|multiplierBlock:row_loop[0].col_loop[0].mb|partialSum[28]~SCLR_LUT ; Created         ; Register Packing ; Timing optimization        ;           ;                ;                                                                                                  ;                  ;                       ;
; systolicArray:systolicArr|multiplierBlock:row_loop[0].col_loop[0].mb|partialSum[29]          ; Packed Register ; Register Packing ; Timing optimization        ; Q         ;                ; systolicArray:systolicArr|multiplierBlock:row_loop[0].col_loop[0].mb|Mult0~mac                   ; BX               ;                       ;
; systolicArray:systolicArr|multiplierBlock:row_loop[0].col_loop[0].mb|partialSum[29]~SCLR_LUT ; Created         ; Register Packing ; Timing optimization        ;           ;                ;                                                                                                  ;                  ;                       ;
; systolicArray:systolicArr|multiplierBlock:row_loop[0].col_loop[0].mb|partialSum[30]          ; Packed Register ; Register Packing ; Timing optimization        ; Q         ;                ; systolicArray:systolicArr|multiplierBlock:row_loop[0].col_loop[0].mb|Mult0~mac                   ; BX               ;                       ;
; systolicArray:systolicArr|multiplierBlock:row_loop[0].col_loop[0].mb|partialSum[30]~SCLR_LUT ; Created         ; Register Packing ; Timing optimization        ;           ;                ;                                                                                                  ;                  ;                       ;
; systolicArray:systolicArr|multiplierBlock:row_loop[0].col_loop[0].mb|partialSum[31]          ; Packed Register ; Register Packing ; Timing optimization        ; Q         ;                ; systolicArray:systolicArr|multiplierBlock:row_loop[0].col_loop[0].mb|Mult0~mac                   ; BX               ;                       ;
; systolicArray:systolicArr|multiplierBlock:row_loop[0].col_loop[0].mb|partialSum[31]~SCLR_LUT ; Created         ; Register Packing ; Timing optimization        ;           ;                ;                                                                                                  ;                  ;                       ;
; systolicArray:systolicArr|multiplierBlock:row_loop[0].col_loop[1].mb|aOut[0]                 ; Packed Register ; Register Packing ; Timing optimization        ; Q         ;                ; systolicArray:systolicArr|multiplierBlock:row_loop[0].col_loop[2].mb|Mult0~mac                   ; AY               ;                       ;
; systolicArray:systolicArr|multiplierBlock:row_loop[0].col_loop[1].mb|aOut[0]~SCLR_LUT        ; Created         ; Register Packing ; Timing optimization        ;           ;                ;                                                                                                  ;                  ;                       ;
; systolicArray:systolicArr|multiplierBlock:row_loop[0].col_loop[1].mb|aOut[1]                 ; Packed Register ; Register Packing ; Timing optimization        ; Q         ;                ; systolicArray:systolicArr|multiplierBlock:row_loop[0].col_loop[2].mb|Mult0~mac                   ; AY               ;                       ;
; systolicArray:systolicArr|multiplierBlock:row_loop[0].col_loop[1].mb|aOut[1]~SCLR_LUT        ; Created         ; Register Packing ; Timing optimization        ;           ;                ;                                                                                                  ;                  ;                       ;
; systolicArray:systolicArr|multiplierBlock:row_loop[0].col_loop[1].mb|aOut[2]                 ; Packed Register ; Register Packing ; Timing optimization        ; Q         ;                ; systolicArray:systolicArr|multiplierBlock:row_loop[0].col_loop[2].mb|Mult0~mac                   ; AY               ;                       ;
; systolicArray:systolicArr|multiplierBlock:row_loop[0].col_loop[1].mb|aOut[2]~SCLR_LUT        ; Created         ; Register Packing ; Timing optimization        ;           ;                ;                                                                                                  ;                  ;                       ;
; systolicArray:systolicArr|multiplierBlock:row_loop[0].col_loop[1].mb|aOut[3]                 ; Packed Register ; Register Packing ; Timing optimization        ; Q         ;                ; systolicArray:systolicArr|multiplierBlock:row_loop[0].col_loop[2].mb|Mult0~mac                   ; AY               ;                       ;
; systolicArray:systolicArr|multiplierBlock:row_loop[0].col_loop[1].mb|aOut[3]~SCLR_LUT        ; Created         ; Register Packing ; Timing optimization        ;           ;                ;                                                                                                  ;                  ;                       ;
; systolicArray:systolicArr|multiplierBlock:row_loop[0].col_loop[1].mb|aOut[4]                 ; Packed Register ; Register Packing ; Timing optimization        ; Q         ;                ; systolicArray:systolicArr|multiplierBlock:row_loop[0].col_loop[2].mb|Mult0~mac                   ; AY               ;                       ;
; systolicArray:systolicArr|multiplierBlock:row_loop[0].col_loop[1].mb|aOut[4]~SCLR_LUT        ; Created         ; Register Packing ; Timing optimization        ;           ;                ;                                                                                                  ;                  ;                       ;
; systolicArray:systolicArr|multiplierBlock:row_loop[0].col_loop[1].mb|aOut[5]                 ; Packed Register ; Register Packing ; Timing optimization        ; Q         ;                ; systolicArray:systolicArr|multiplierBlock:row_loop[0].col_loop[2].mb|Mult0~mac                   ; AY               ;                       ;
; systolicArray:systolicArr|multiplierBlock:row_loop[0].col_loop[1].mb|aOut[5]~SCLR_LUT        ; Created         ; Register Packing ; Timing optimization        ;           ;                ;                                                                                                  ;                  ;                       ;
; systolicArray:systolicArr|multiplierBlock:row_loop[0].col_loop[1].mb|bOut[0]                 ; Packed Register ; Register Packing ; Timing optimization        ; Q         ;                ; systolicArray:systolicArr|multiplierBlock:row_loop[1].col_loop[1].mb|Mult0~mac                   ; AX               ;                       ;
; systolicArray:systolicArr|multiplierBlock:row_loop[0].col_loop[1].mb|bOut[0]                 ; Duplicated      ; Register Packing ; Timing optimization        ; Q         ;                ; systolicArray:systolicArr|multiplierBlock:row_loop[0].col_loop[1].mb|bOut[0]~_Duplicate_1        ; Q                ;                       ;
; systolicArray:systolicArr|multiplierBlock:row_loop[0].col_loop[1].mb|bOut[0]~SCLR_LUT        ; Created         ; Register Packing ; Timing optimization        ;           ;                ;                                                                                                  ;                  ;                       ;
; systolicArray:systolicArr|multiplierBlock:row_loop[0].col_loop[1].mb|bOut[1]                 ; Packed Register ; Register Packing ; Timing optimization        ; Q         ;                ; systolicArray:systolicArr|multiplierBlock:row_loop[1].col_loop[1].mb|Mult0~mac                   ; AX               ;                       ;
; systolicArray:systolicArr|multiplierBlock:row_loop[0].col_loop[1].mb|bOut[1]                 ; Duplicated      ; Register Packing ; Timing optimization        ; Q         ;                ; systolicArray:systolicArr|multiplierBlock:row_loop[0].col_loop[1].mb|bOut[1]~_Duplicate_1        ; Q                ;                       ;
; systolicArray:systolicArr|multiplierBlock:row_loop[0].col_loop[1].mb|bOut[1]~SCLR_LUT        ; Created         ; Register Packing ; Timing optimization        ;           ;                ;                                                                                                  ;                  ;                       ;
; systolicArray:systolicArr|multiplierBlock:row_loop[0].col_loop[1].mb|bOut[2]                 ; Packed Register ; Register Packing ; Timing optimization        ; Q         ;                ; systolicArray:systolicArr|multiplierBlock:row_loop[1].col_loop[1].mb|Mult0~mac                   ; AX               ;                       ;
; systolicArray:systolicArr|multiplierBlock:row_loop[0].col_loop[1].mb|bOut[2]                 ; Duplicated      ; Register Packing ; Timing optimization        ; Q         ;                ; systolicArray:systolicArr|multiplierBlock:row_loop[0].col_loop[1].mb|bOut[2]~_Duplicate_1        ; Q                ;                       ;
; systolicArray:systolicArr|multiplierBlock:row_loop[0].col_loop[1].mb|bOut[2]~SCLR_LUT        ; Created         ; Register Packing ; Timing optimization        ;           ;                ;                                                                                                  ;                  ;                       ;
; systolicArray:systolicArr|multiplierBlock:row_loop[0].col_loop[1].mb|bOut[3]                 ; Packed Register ; Register Packing ; Timing optimization        ; Q         ;                ; systolicArray:systolicArr|multiplierBlock:row_loop[1].col_loop[1].mb|Mult0~mac                   ; AX               ;                       ;
; systolicArray:systolicArr|multiplierBlock:row_loop[0].col_loop[1].mb|bOut[3]                 ; Duplicated      ; Register Packing ; Timing optimization        ; Q         ;                ; systolicArray:systolicArr|multiplierBlock:row_loop[0].col_loop[1].mb|bOut[3]~_Duplicate_1        ; Q                ;                       ;
; systolicArray:systolicArr|multiplierBlock:row_loop[0].col_loop[1].mb|bOut[3]~SCLR_LUT        ; Created         ; Register Packing ; Timing optimization        ;           ;                ;                                                                                                  ;                  ;                       ;
; systolicArray:systolicArr|multiplierBlock:row_loop[0].col_loop[1].mb|bOut[4]                 ; Packed Register ; Register Packing ; Timing optimization        ; Q         ;                ; systolicArray:systolicArr|multiplierBlock:row_loop[1].col_loop[1].mb|Mult0~mac                   ; AX               ;                       ;
; systolicArray:systolicArr|multiplierBlock:row_loop[0].col_loop[1].mb|bOut[4]                 ; Duplicated      ; Register Packing ; Timing optimization        ; Q         ;                ; systolicArray:systolicArr|multiplierBlock:row_loop[0].col_loop[1].mb|bOut[4]~_Duplicate_1        ; Q                ;                       ;
; systolicArray:systolicArr|multiplierBlock:row_loop[0].col_loop[1].mb|bOut[4]~SCLR_LUT        ; Created         ; Register Packing ; Timing optimization        ;           ;                ;                                                                                                  ;                  ;                       ;
; systolicArray:systolicArr|multiplierBlock:row_loop[0].col_loop[1].mb|bOut[5]                 ; Packed Register ; Register Packing ; Timing optimization        ; Q         ;                ; systolicArray:systolicArr|multiplierBlock:row_loop[1].col_loop[1].mb|Mult0~mac                   ; AX               ;                       ;
; systolicArray:systolicArr|multiplierBlock:row_loop[0].col_loop[1].mb|bOut[5]                 ; Duplicated      ; Register Packing ; Timing optimization        ; Q         ;                ; systolicArray:systolicArr|multiplierBlock:row_loop[0].col_loop[1].mb|bOut[5]~_Duplicate_1        ; Q                ;                       ;
; systolicArray:systolicArr|multiplierBlock:row_loop[0].col_loop[1].mb|bOut[5]~SCLR_LUT        ; Created         ; Register Packing ; Timing optimization        ;           ;                ;                                                                                                  ;                  ;                       ;
; systolicArray:systolicArr|multiplierBlock:row_loop[0].col_loop[1].mb|partialSum[0]           ; Packed Register ; Register Packing ; Timing optimization        ; Q         ;                ; systolicArray:systolicArr|multiplierBlock:row_loop[0].col_loop[1].mb|Mult0~mac                   ; BY               ;                       ;
; systolicArray:systolicArr|multiplierBlock:row_loop[0].col_loop[1].mb|partialSum[0]           ; Duplicated      ; Register Packing ; Timing optimization        ; Q         ;                ; systolicArray:systolicArr|multiplierBlock:row_loop[0].col_loop[1].mb|partialSum[0]~_Duplicate_1  ; Q                ;                       ;
; systolicArray:systolicArr|multiplierBlock:row_loop[0].col_loop[1].mb|partialSum[0]~SCLR_LUT  ; Created         ; Register Packing ; Timing optimization        ;           ;                ;                                                                                                  ;                  ;                       ;
; systolicArray:systolicArr|multiplierBlock:row_loop[0].col_loop[1].mb|partialSum[1]           ; Packed Register ; Register Packing ; Timing optimization        ; Q         ;                ; systolicArray:systolicArr|multiplierBlock:row_loop[0].col_loop[1].mb|Mult0~mac                   ; BY               ;                       ;
; systolicArray:systolicArr|multiplierBlock:row_loop[0].col_loop[1].mb|partialSum[1]           ; Duplicated      ; Register Packing ; Timing optimization        ; Q         ;                ; systolicArray:systolicArr|multiplierBlock:row_loop[0].col_loop[1].mb|partialSum[1]~_Duplicate_1  ; Q                ;                       ;
; systolicArray:systolicArr|multiplierBlock:row_loop[0].col_loop[1].mb|partialSum[1]~SCLR_LUT  ; Created         ; Register Packing ; Timing optimization        ;           ;                ;                                                                                                  ;                  ;                       ;
; systolicArray:systolicArr|multiplierBlock:row_loop[0].col_loop[1].mb|partialSum[2]           ; Packed Register ; Register Packing ; Timing optimization        ; Q         ;                ; systolicArray:systolicArr|multiplierBlock:row_loop[0].col_loop[1].mb|Mult0~mac                   ; BY               ;                       ;
; systolicArray:systolicArr|multiplierBlock:row_loop[0].col_loop[1].mb|partialSum[2]           ; Duplicated      ; Register Packing ; Timing optimization        ; Q         ;                ; systolicArray:systolicArr|multiplierBlock:row_loop[0].col_loop[1].mb|partialSum[2]~_Duplicate_1  ; Q                ;                       ;
; systolicArray:systolicArr|multiplierBlock:row_loop[0].col_loop[1].mb|partialSum[2]~SCLR_LUT  ; Created         ; Register Packing ; Timing optimization        ;           ;                ;                                                                                                  ;                  ;                       ;
; systolicArray:systolicArr|multiplierBlock:row_loop[0].col_loop[1].mb|partialSum[3]           ; Packed Register ; Register Packing ; Timing optimization        ; Q         ;                ; systolicArray:systolicArr|multiplierBlock:row_loop[0].col_loop[1].mb|Mult0~mac                   ; BY               ;                       ;
; systolicArray:systolicArr|multiplierBlock:row_loop[0].col_loop[1].mb|partialSum[3]           ; Duplicated      ; Register Packing ; Timing optimization        ; Q         ;                ; systolicArray:systolicArr|multiplierBlock:row_loop[0].col_loop[1].mb|partialSum[3]~_Duplicate_1  ; Q                ;                       ;
; systolicArray:systolicArr|multiplierBlock:row_loop[0].col_loop[1].mb|partialSum[3]~SCLR_LUT  ; Created         ; Register Packing ; Timing optimization        ;           ;                ;                                                                                                  ;                  ;                       ;
; systolicArray:systolicArr|multiplierBlock:row_loop[0].col_loop[1].mb|partialSum[4]           ; Packed Register ; Register Packing ; Timing optimization        ; Q         ;                ; systolicArray:systolicArr|multiplierBlock:row_loop[0].col_loop[1].mb|Mult0~mac                   ; BY               ;                       ;
; systolicArray:systolicArr|multiplierBlock:row_loop[0].col_loop[1].mb|partialSum[4]           ; Duplicated      ; Register Packing ; Timing optimization        ; Q         ;                ; systolicArray:systolicArr|multiplierBlock:row_loop[0].col_loop[1].mb|partialSum[4]~_Duplicate_1  ; Q                ;                       ;
; systolicArray:systolicArr|multiplierBlock:row_loop[0].col_loop[1].mb|partialSum[4]~SCLR_LUT  ; Created         ; Register Packing ; Timing optimization        ;           ;                ;                                                                                                  ;                  ;                       ;
; systolicArray:systolicArr|multiplierBlock:row_loop[0].col_loop[1].mb|partialSum[5]           ; Packed Register ; Register Packing ; Timing optimization        ; Q         ;                ; systolicArray:systolicArr|multiplierBlock:row_loop[0].col_loop[1].mb|Mult0~mac                   ; BY               ;                       ;
; systolicArray:systolicArr|multiplierBlock:row_loop[0].col_loop[1].mb|partialSum[5]           ; Duplicated      ; Register Packing ; Timing optimization        ; Q         ;                ; systolicArray:systolicArr|multiplierBlock:row_loop[0].col_loop[1].mb|partialSum[5]~_Duplicate_1  ; Q                ;                       ;
; systolicArray:systolicArr|multiplierBlock:row_loop[0].col_loop[1].mb|partialSum[5]~SCLR_LUT  ; Created         ; Register Packing ; Timing optimization        ;           ;                ;                                                                                                  ;                  ;                       ;
; systolicArray:systolicArr|multiplierBlock:row_loop[0].col_loop[1].mb|partialSum[6]           ; Packed Register ; Register Packing ; Timing optimization        ; Q         ;                ; systolicArray:systolicArr|multiplierBlock:row_loop[0].col_loop[1].mb|Mult0~mac                   ; BY               ;                       ;
; systolicArray:systolicArr|multiplierBlock:row_loop[0].col_loop[1].mb|partialSum[6]           ; Duplicated      ; Register Packing ; Timing optimization        ; Q         ;                ; systolicArray:systolicArr|multiplierBlock:row_loop[0].col_loop[1].mb|partialSum[6]~_Duplicate_1  ; Q                ;                       ;
; systolicArray:systolicArr|multiplierBlock:row_loop[0].col_loop[1].mb|partialSum[6]~SCLR_LUT  ; Created         ; Register Packing ; Timing optimization        ;           ;                ;                                                                                                  ;                  ;                       ;
; systolicArray:systolicArr|multiplierBlock:row_loop[0].col_loop[1].mb|partialSum[7]           ; Packed Register ; Register Packing ; Timing optimization        ; Q         ;                ; systolicArray:systolicArr|multiplierBlock:row_loop[0].col_loop[1].mb|Mult0~mac                   ; BY               ;                       ;
; systolicArray:systolicArr|multiplierBlock:row_loop[0].col_loop[1].mb|partialSum[7]           ; Duplicated      ; Register Packing ; Timing optimization        ; Q         ;                ; systolicArray:systolicArr|multiplierBlock:row_loop[0].col_loop[1].mb|partialSum[7]~_Duplicate_1  ; Q                ;                       ;
; systolicArray:systolicArr|multiplierBlock:row_loop[0].col_loop[1].mb|partialSum[7]~SCLR_LUT  ; Created         ; Register Packing ; Timing optimization        ;           ;                ;                                                                                                  ;                  ;                       ;
; systolicArray:systolicArr|multiplierBlock:row_loop[0].col_loop[1].mb|partialSum[8]           ; Packed Register ; Register Packing ; Timing optimization        ; Q         ;                ; systolicArray:systolicArr|multiplierBlock:row_loop[0].col_loop[1].mb|Mult0~mac                   ; BY               ;                       ;
; systolicArray:systolicArr|multiplierBlock:row_loop[0].col_loop[1].mb|partialSum[8]           ; Duplicated      ; Register Packing ; Timing optimization        ; Q         ;                ; systolicArray:systolicArr|multiplierBlock:row_loop[0].col_loop[1].mb|partialSum[8]~_Duplicate_1  ; Q                ;                       ;
; systolicArray:systolicArr|multiplierBlock:row_loop[0].col_loop[1].mb|partialSum[8]~SCLR_LUT  ; Created         ; Register Packing ; Timing optimization        ;           ;                ;                                                                                                  ;                  ;                       ;
; systolicArray:systolicArr|multiplierBlock:row_loop[0].col_loop[1].mb|partialSum[9]           ; Packed Register ; Register Packing ; Timing optimization        ; Q         ;                ; systolicArray:systolicArr|multiplierBlock:row_loop[0].col_loop[1].mb|Mult0~mac                   ; BY               ;                       ;
; systolicArray:systolicArr|multiplierBlock:row_loop[0].col_loop[1].mb|partialSum[9]           ; Duplicated      ; Register Packing ; Timing optimization        ; Q         ;                ; systolicArray:systolicArr|multiplierBlock:row_loop[0].col_loop[1].mb|partialSum[9]~_Duplicate_1  ; Q                ;                       ;
; systolicArray:systolicArr|multiplierBlock:row_loop[0].col_loop[1].mb|partialSum[9]~SCLR_LUT  ; Created         ; Register Packing ; Timing optimization        ;           ;                ;                                                                                                  ;                  ;                       ;
; systolicArray:systolicArr|multiplierBlock:row_loop[0].col_loop[1].mb|partialSum[10]          ; Packed Register ; Register Packing ; Timing optimization        ; Q         ;                ; systolicArray:systolicArr|multiplierBlock:row_loop[0].col_loop[1].mb|Mult0~mac                   ; BY               ;                       ;
; systolicArray:systolicArr|multiplierBlock:row_loop[0].col_loop[1].mb|partialSum[10]          ; Duplicated      ; Register Packing ; Timing optimization        ; Q         ;                ; systolicArray:systolicArr|multiplierBlock:row_loop[0].col_loop[1].mb|partialSum[10]~_Duplicate_1 ; Q                ;                       ;
; systolicArray:systolicArr|multiplierBlock:row_loop[0].col_loop[1].mb|partialSum[10]~SCLR_LUT ; Created         ; Register Packing ; Timing optimization        ;           ;                ;                                                                                                  ;                  ;                       ;
; systolicArray:systolicArr|multiplierBlock:row_loop[0].col_loop[1].mb|partialSum[11]          ; Packed Register ; Register Packing ; Timing optimization        ; Q         ;                ; systolicArray:systolicArr|multiplierBlock:row_loop[0].col_loop[1].mb|Mult0~mac                   ; BY               ;                       ;
; systolicArray:systolicArr|multiplierBlock:row_loop[0].col_loop[1].mb|partialSum[11]          ; Duplicated      ; Register Packing ; Timing optimization        ; Q         ;                ; systolicArray:systolicArr|multiplierBlock:row_loop[0].col_loop[1].mb|partialSum[11]~_Duplicate_1 ; Q                ;                       ;
; systolicArray:systolicArr|multiplierBlock:row_loop[0].col_loop[1].mb|partialSum[11]~SCLR_LUT ; Created         ; Register Packing ; Timing optimization        ;           ;                ;                                                                                                  ;                  ;                       ;
; systolicArray:systolicArr|multiplierBlock:row_loop[0].col_loop[1].mb|partialSum[12]          ; Packed Register ; Register Packing ; Timing optimization        ; Q         ;                ; systolicArray:systolicArr|multiplierBlock:row_loop[0].col_loop[1].mb|Mult0~mac                   ; BY               ;                       ;
; systolicArray:systolicArr|multiplierBlock:row_loop[0].col_loop[1].mb|partialSum[12]~SCLR_LUT ; Created         ; Register Packing ; Timing optimization        ;           ;                ;                                                                                                  ;                  ;                       ;
; systolicArray:systolicArr|multiplierBlock:row_loop[0].col_loop[1].mb|partialSum[13]          ; Packed Register ; Register Packing ; Timing optimization        ; Q         ;                ; systolicArray:systolicArr|multiplierBlock:row_loop[0].col_loop[1].mb|Mult0~mac                   ; BY               ;                       ;
; systolicArray:systolicArr|multiplierBlock:row_loop[0].col_loop[1].mb|partialSum[13]~SCLR_LUT ; Created         ; Register Packing ; Timing optimization        ;           ;                ;                                                                                                  ;                  ;                       ;
; systolicArray:systolicArr|multiplierBlock:row_loop[0].col_loop[1].mb|partialSum[14]          ; Packed Register ; Register Packing ; Timing optimization        ; Q         ;                ; systolicArray:systolicArr|multiplierBlock:row_loop[0].col_loop[1].mb|Mult0~mac                   ; BY               ;                       ;
; systolicArray:systolicArr|multiplierBlock:row_loop[0].col_loop[1].mb|partialSum[14]~SCLR_LUT ; Created         ; Register Packing ; Timing optimization        ;           ;                ;                                                                                                  ;                  ;                       ;
; systolicArray:systolicArr|multiplierBlock:row_loop[0].col_loop[1].mb|partialSum[15]          ; Packed Register ; Register Packing ; Timing optimization        ; Q         ;                ; systolicArray:systolicArr|multiplierBlock:row_loop[0].col_loop[1].mb|Mult0~mac                   ; BY               ;                       ;
; systolicArray:systolicArr|multiplierBlock:row_loop[0].col_loop[1].mb|partialSum[15]~SCLR_LUT ; Created         ; Register Packing ; Timing optimization        ;           ;                ;                                                                                                  ;                  ;                       ;
; systolicArray:systolicArr|multiplierBlock:row_loop[0].col_loop[1].mb|partialSum[16]          ; Packed Register ; Register Packing ; Timing optimization        ; Q         ;                ; systolicArray:systolicArr|multiplierBlock:row_loop[0].col_loop[1].mb|Mult0~mac                   ; BY               ;                       ;
; systolicArray:systolicArr|multiplierBlock:row_loop[0].col_loop[1].mb|partialSum[16]~SCLR_LUT ; Created         ; Register Packing ; Timing optimization        ;           ;                ;                                                                                                  ;                  ;                       ;
; systolicArray:systolicArr|multiplierBlock:row_loop[0].col_loop[1].mb|partialSum[17]          ; Packed Register ; Register Packing ; Timing optimization        ; Q         ;                ; systolicArray:systolicArr|multiplierBlock:row_loop[0].col_loop[1].mb|Mult0~mac                   ; BY               ;                       ;
; systolicArray:systolicArr|multiplierBlock:row_loop[0].col_loop[1].mb|partialSum[17]~SCLR_LUT ; Created         ; Register Packing ; Timing optimization        ;           ;                ;                                                                                                  ;                  ;                       ;
; systolicArray:systolicArr|multiplierBlock:row_loop[0].col_loop[1].mb|partialSum[18]          ; Packed Register ; Register Packing ; Timing optimization        ; Q         ;                ; systolicArray:systolicArr|multiplierBlock:row_loop[0].col_loop[1].mb|Mult0~mac                   ; BX               ;                       ;
; systolicArray:systolicArr|multiplierBlock:row_loop[0].col_loop[1].mb|partialSum[18]~SCLR_LUT ; Created         ; Register Packing ; Timing optimization        ;           ;                ;                                                                                                  ;                  ;                       ;
; systolicArray:systolicArr|multiplierBlock:row_loop[0].col_loop[1].mb|partialSum[19]          ; Packed Register ; Register Packing ; Timing optimization        ; Q         ;                ; systolicArray:systolicArr|multiplierBlock:row_loop[0].col_loop[1].mb|Mult0~mac                   ; BX               ;                       ;
; systolicArray:systolicArr|multiplierBlock:row_loop[0].col_loop[1].mb|partialSum[19]~SCLR_LUT ; Created         ; Register Packing ; Timing optimization        ;           ;                ;                                                                                                  ;                  ;                       ;
; systolicArray:systolicArr|multiplierBlock:row_loop[0].col_loop[1].mb|partialSum[20]          ; Packed Register ; Register Packing ; Timing optimization        ; Q         ;                ; systolicArray:systolicArr|multiplierBlock:row_loop[0].col_loop[1].mb|Mult0~mac                   ; BX               ;                       ;
; systolicArray:systolicArr|multiplierBlock:row_loop[0].col_loop[1].mb|partialSum[20]~SCLR_LUT ; Created         ; Register Packing ; Timing optimization        ;           ;                ;                                                                                                  ;                  ;                       ;
; systolicArray:systolicArr|multiplierBlock:row_loop[0].col_loop[1].mb|partialSum[21]          ; Packed Register ; Register Packing ; Timing optimization        ; Q         ;                ; systolicArray:systolicArr|multiplierBlock:row_loop[0].col_loop[1].mb|Mult0~mac                   ; BX               ;                       ;
; systolicArray:systolicArr|multiplierBlock:row_loop[0].col_loop[1].mb|partialSum[21]~SCLR_LUT ; Created         ; Register Packing ; Timing optimization        ;           ;                ;                                                                                                  ;                  ;                       ;
; systolicArray:systolicArr|multiplierBlock:row_loop[0].col_loop[1].mb|partialSum[22]          ; Packed Register ; Register Packing ; Timing optimization        ; Q         ;                ; systolicArray:systolicArr|multiplierBlock:row_loop[0].col_loop[1].mb|Mult0~mac                   ; BX               ;                       ;
; systolicArray:systolicArr|multiplierBlock:row_loop[0].col_loop[1].mb|partialSum[22]~SCLR_LUT ; Created         ; Register Packing ; Timing optimization        ;           ;                ;                                                                                                  ;                  ;                       ;
; systolicArray:systolicArr|multiplierBlock:row_loop[0].col_loop[1].mb|partialSum[23]          ; Packed Register ; Register Packing ; Timing optimization        ; Q         ;                ; systolicArray:systolicArr|multiplierBlock:row_loop[0].col_loop[1].mb|Mult0~mac                   ; BX               ;                       ;
; systolicArray:systolicArr|multiplierBlock:row_loop[0].col_loop[1].mb|partialSum[23]~SCLR_LUT ; Created         ; Register Packing ; Timing optimization        ;           ;                ;                                                                                                  ;                  ;                       ;
; systolicArray:systolicArr|multiplierBlock:row_loop[0].col_loop[1].mb|partialSum[24]          ; Packed Register ; Register Packing ; Timing optimization        ; Q         ;                ; systolicArray:systolicArr|multiplierBlock:row_loop[0].col_loop[1].mb|Mult0~mac                   ; BX               ;                       ;
; systolicArray:systolicArr|multiplierBlock:row_loop[0].col_loop[1].mb|partialSum[24]~SCLR_LUT ; Created         ; Register Packing ; Timing optimization        ;           ;                ;                                                                                                  ;                  ;                       ;
; systolicArray:systolicArr|multiplierBlock:row_loop[0].col_loop[1].mb|partialSum[25]          ; Packed Register ; Register Packing ; Timing optimization        ; Q         ;                ; systolicArray:systolicArr|multiplierBlock:row_loop[0].col_loop[1].mb|Mult0~mac                   ; BX               ;                       ;
; systolicArray:systolicArr|multiplierBlock:row_loop[0].col_loop[1].mb|partialSum[25]~SCLR_LUT ; Created         ; Register Packing ; Timing optimization        ;           ;                ;                                                                                                  ;                  ;                       ;
; systolicArray:systolicArr|multiplierBlock:row_loop[0].col_loop[1].mb|partialSum[26]          ; Packed Register ; Register Packing ; Timing optimization        ; Q         ;                ; systolicArray:systolicArr|multiplierBlock:row_loop[0].col_loop[1].mb|Mult0~mac                   ; BX               ;                       ;
; systolicArray:systolicArr|multiplierBlock:row_loop[0].col_loop[1].mb|partialSum[26]~SCLR_LUT ; Created         ; Register Packing ; Timing optimization        ;           ;                ;                                                                                                  ;                  ;                       ;
; systolicArray:systolicArr|multiplierBlock:row_loop[0].col_loop[1].mb|partialSum[27]          ; Packed Register ; Register Packing ; Timing optimization        ; Q         ;                ; systolicArray:systolicArr|multiplierBlock:row_loop[0].col_loop[1].mb|Mult0~mac                   ; BX               ;                       ;
; systolicArray:systolicArr|multiplierBlock:row_loop[0].col_loop[1].mb|partialSum[27]~SCLR_LUT ; Created         ; Register Packing ; Timing optimization        ;           ;                ;                                                                                                  ;                  ;                       ;
; systolicArray:systolicArr|multiplierBlock:row_loop[0].col_loop[1].mb|partialSum[28]          ; Packed Register ; Register Packing ; Timing optimization        ; Q         ;                ; systolicArray:systolicArr|multiplierBlock:row_loop[0].col_loop[1].mb|Mult0~mac                   ; BX               ;                       ;
; systolicArray:systolicArr|multiplierBlock:row_loop[0].col_loop[1].mb|partialSum[28]~SCLR_LUT ; Created         ; Register Packing ; Timing optimization        ;           ;                ;                                                                                                  ;                  ;                       ;
; systolicArray:systolicArr|multiplierBlock:row_loop[0].col_loop[1].mb|partialSum[29]          ; Packed Register ; Register Packing ; Timing optimization        ; Q         ;                ; systolicArray:systolicArr|multiplierBlock:row_loop[0].col_loop[1].mb|Mult0~mac                   ; BX               ;                       ;
; systolicArray:systolicArr|multiplierBlock:row_loop[0].col_loop[1].mb|partialSum[29]~SCLR_LUT ; Created         ; Register Packing ; Timing optimization        ;           ;                ;                                                                                                  ;                  ;                       ;
; systolicArray:systolicArr|multiplierBlock:row_loop[0].col_loop[1].mb|partialSum[30]          ; Packed Register ; Register Packing ; Timing optimization        ; Q         ;                ; systolicArray:systolicArr|multiplierBlock:row_loop[0].col_loop[1].mb|Mult0~mac                   ; BX               ;                       ;
; systolicArray:systolicArr|multiplierBlock:row_loop[0].col_loop[1].mb|partialSum[30]~SCLR_LUT ; Created         ; Register Packing ; Timing optimization        ;           ;                ;                                                                                                  ;                  ;                       ;
; systolicArray:systolicArr|multiplierBlock:row_loop[0].col_loop[1].mb|partialSum[31]          ; Packed Register ; Register Packing ; Timing optimization        ; Q         ;                ; systolicArray:systolicArr|multiplierBlock:row_loop[0].col_loop[1].mb|Mult0~mac                   ; BX               ;                       ;
; systolicArray:systolicArr|multiplierBlock:row_loop[0].col_loop[1].mb|partialSum[31]~SCLR_LUT ; Created         ; Register Packing ; Timing optimization        ;           ;                ;                                                                                                  ;                  ;                       ;
; systolicArray:systolicArr|multiplierBlock:row_loop[0].col_loop[2].mb|bOut[0]                 ; Packed Register ; Register Packing ; Timing optimization        ; Q         ;                ; systolicArray:systolicArr|multiplierBlock:row_loop[1].col_loop[2].mb|Mult0~mac                   ; AX               ;                       ;
; systolicArray:systolicArr|multiplierBlock:row_loop[0].col_loop[2].mb|bOut[0]                 ; Duplicated      ; Register Packing ; Timing optimization        ; Q         ;                ; systolicArray:systolicArr|multiplierBlock:row_loop[0].col_loop[2].mb|bOut[0]~_Duplicate_1        ; Q                ;                       ;
; systolicArray:systolicArr|multiplierBlock:row_loop[0].col_loop[2].mb|bOut[0]~SCLR_LUT        ; Created         ; Register Packing ; Timing optimization        ;           ;                ;                                                                                                  ;                  ;                       ;
; systolicArray:systolicArr|multiplierBlock:row_loop[0].col_loop[2].mb|bOut[1]                 ; Packed Register ; Register Packing ; Timing optimization        ; Q         ;                ; systolicArray:systolicArr|multiplierBlock:row_loop[1].col_loop[2].mb|Mult0~mac                   ; AX               ;                       ;
; systolicArray:systolicArr|multiplierBlock:row_loop[0].col_loop[2].mb|bOut[1]                 ; Duplicated      ; Register Packing ; Timing optimization        ; Q         ;                ; systolicArray:systolicArr|multiplierBlock:row_loop[0].col_loop[2].mb|bOut[1]~_Duplicate_1        ; Q                ;                       ;
; systolicArray:systolicArr|multiplierBlock:row_loop[0].col_loop[2].mb|bOut[1]~SCLR_LUT        ; Created         ; Register Packing ; Timing optimization        ;           ;                ;                                                                                                  ;                  ;                       ;
; systolicArray:systolicArr|multiplierBlock:row_loop[0].col_loop[2].mb|bOut[2]                 ; Packed Register ; Register Packing ; Timing optimization        ; Q         ;                ; systolicArray:systolicArr|multiplierBlock:row_loop[1].col_loop[2].mb|Mult0~mac                   ; AX               ;                       ;
; systolicArray:systolicArr|multiplierBlock:row_loop[0].col_loop[2].mb|bOut[2]                 ; Duplicated      ; Register Packing ; Timing optimization        ; Q         ;                ; systolicArray:systolicArr|multiplierBlock:row_loop[0].col_loop[2].mb|bOut[2]~_Duplicate_1        ; Q                ;                       ;
; systolicArray:systolicArr|multiplierBlock:row_loop[0].col_loop[2].mb|bOut[2]~SCLR_LUT        ; Created         ; Register Packing ; Timing optimization        ;           ;                ;                                                                                                  ;                  ;                       ;
; systolicArray:systolicArr|multiplierBlock:row_loop[0].col_loop[2].mb|bOut[3]                 ; Packed Register ; Register Packing ; Timing optimization        ; Q         ;                ; systolicArray:systolicArr|multiplierBlock:row_loop[1].col_loop[2].mb|Mult0~mac                   ; AX               ;                       ;
; systolicArray:systolicArr|multiplierBlock:row_loop[0].col_loop[2].mb|bOut[3]                 ; Duplicated      ; Register Packing ; Timing optimization        ; Q         ;                ; systolicArray:systolicArr|multiplierBlock:row_loop[0].col_loop[2].mb|bOut[3]~_Duplicate_1        ; Q                ;                       ;
; systolicArray:systolicArr|multiplierBlock:row_loop[0].col_loop[2].mb|bOut[3]~SCLR_LUT        ; Created         ; Register Packing ; Timing optimization        ;           ;                ;                                                                                                  ;                  ;                       ;
; systolicArray:systolicArr|multiplierBlock:row_loop[0].col_loop[2].mb|bOut[4]                 ; Packed Register ; Register Packing ; Timing optimization        ; Q         ;                ; systolicArray:systolicArr|multiplierBlock:row_loop[1].col_loop[2].mb|Mult0~mac                   ; AX               ;                       ;
; systolicArray:systolicArr|multiplierBlock:row_loop[0].col_loop[2].mb|bOut[4]                 ; Duplicated      ; Register Packing ; Timing optimization        ; Q         ;                ; systolicArray:systolicArr|multiplierBlock:row_loop[0].col_loop[2].mb|bOut[4]~_Duplicate_1        ; Q                ;                       ;
; systolicArray:systolicArr|multiplierBlock:row_loop[0].col_loop[2].mb|bOut[4]~SCLR_LUT        ; Created         ; Register Packing ; Timing optimization        ;           ;                ;                                                                                                  ;                  ;                       ;
; systolicArray:systolicArr|multiplierBlock:row_loop[0].col_loop[2].mb|bOut[5]                 ; Packed Register ; Register Packing ; Timing optimization        ; Q         ;                ; systolicArray:systolicArr|multiplierBlock:row_loop[1].col_loop[2].mb|Mult0~mac                   ; AX               ;                       ;
; systolicArray:systolicArr|multiplierBlock:row_loop[0].col_loop[2].mb|bOut[5]                 ; Duplicated      ; Register Packing ; Timing optimization        ; Q         ;                ; systolicArray:systolicArr|multiplierBlock:row_loop[0].col_loop[2].mb|bOut[5]~_Duplicate_1        ; Q                ;                       ;
; systolicArray:systolicArr|multiplierBlock:row_loop[0].col_loop[2].mb|bOut[5]~SCLR_LUT        ; Created         ; Register Packing ; Timing optimization        ;           ;                ;                                                                                                  ;                  ;                       ;
; systolicArray:systolicArr|multiplierBlock:row_loop[0].col_loop[2].mb|partialSum[0]           ; Packed Register ; Register Packing ; Timing optimization        ; Q         ;                ; systolicArray:systolicArr|multiplierBlock:row_loop[0].col_loop[2].mb|Mult0~mac                   ; BY               ;                       ;
; systolicArray:systolicArr|multiplierBlock:row_loop[0].col_loop[2].mb|partialSum[0]           ; Duplicated      ; Register Packing ; Timing optimization        ; Q         ;                ; systolicArray:systolicArr|multiplierBlock:row_loop[0].col_loop[2].mb|partialSum[0]~_Duplicate_1  ; Q                ;                       ;
; systolicArray:systolicArr|multiplierBlock:row_loop[0].col_loop[2].mb|partialSum[0]~SCLR_LUT  ; Created         ; Register Packing ; Timing optimization        ;           ;                ;                                                                                                  ;                  ;                       ;
; systolicArray:systolicArr|multiplierBlock:row_loop[0].col_loop[2].mb|partialSum[1]           ; Packed Register ; Register Packing ; Timing optimization        ; Q         ;                ; systolicArray:systolicArr|multiplierBlock:row_loop[0].col_loop[2].mb|Mult0~mac                   ; BY               ;                       ;
; systolicArray:systolicArr|multiplierBlock:row_loop[0].col_loop[2].mb|partialSum[1]           ; Duplicated      ; Register Packing ; Timing optimization        ; Q         ;                ; systolicArray:systolicArr|multiplierBlock:row_loop[0].col_loop[2].mb|partialSum[1]~_Duplicate_1  ; Q                ;                       ;
; systolicArray:systolicArr|multiplierBlock:row_loop[0].col_loop[2].mb|partialSum[1]~SCLR_LUT  ; Created         ; Register Packing ; Timing optimization        ;           ;                ;                                                                                                  ;                  ;                       ;
; systolicArray:systolicArr|multiplierBlock:row_loop[0].col_loop[2].mb|partialSum[2]           ; Packed Register ; Register Packing ; Timing optimization        ; Q         ;                ; systolicArray:systolicArr|multiplierBlock:row_loop[0].col_loop[2].mb|Mult0~mac                   ; BY               ;                       ;
; systolicArray:systolicArr|multiplierBlock:row_loop[0].col_loop[2].mb|partialSum[2]           ; Duplicated      ; Register Packing ; Timing optimization        ; Q         ;                ; systolicArray:systolicArr|multiplierBlock:row_loop[0].col_loop[2].mb|partialSum[2]~_Duplicate_1  ; Q                ;                       ;
; systolicArray:systolicArr|multiplierBlock:row_loop[0].col_loop[2].mb|partialSum[2]~SCLR_LUT  ; Created         ; Register Packing ; Timing optimization        ;           ;                ;                                                                                                  ;                  ;                       ;
; systolicArray:systolicArr|multiplierBlock:row_loop[0].col_loop[2].mb|partialSum[3]           ; Packed Register ; Register Packing ; Timing optimization        ; Q         ;                ; systolicArray:systolicArr|multiplierBlock:row_loop[0].col_loop[2].mb|Mult0~mac                   ; BY               ;                       ;
; systolicArray:systolicArr|multiplierBlock:row_loop[0].col_loop[2].mb|partialSum[3]           ; Duplicated      ; Register Packing ; Timing optimization        ; Q         ;                ; systolicArray:systolicArr|multiplierBlock:row_loop[0].col_loop[2].mb|partialSum[3]~_Duplicate_1  ; Q                ;                       ;
; systolicArray:systolicArr|multiplierBlock:row_loop[0].col_loop[2].mb|partialSum[3]~SCLR_LUT  ; Created         ; Register Packing ; Timing optimization        ;           ;                ;                                                                                                  ;                  ;                       ;
; systolicArray:systolicArr|multiplierBlock:row_loop[0].col_loop[2].mb|partialSum[4]           ; Packed Register ; Register Packing ; Timing optimization        ; Q         ;                ; systolicArray:systolicArr|multiplierBlock:row_loop[0].col_loop[2].mb|Mult0~mac                   ; BY               ;                       ;
; systolicArray:systolicArr|multiplierBlock:row_loop[0].col_loop[2].mb|partialSum[4]           ; Duplicated      ; Register Packing ; Timing optimization        ; Q         ;                ; systolicArray:systolicArr|multiplierBlock:row_loop[0].col_loop[2].mb|partialSum[4]~_Duplicate_1  ; Q                ;                       ;
; systolicArray:systolicArr|multiplierBlock:row_loop[0].col_loop[2].mb|partialSum[4]~SCLR_LUT  ; Created         ; Register Packing ; Timing optimization        ;           ;                ;                                                                                                  ;                  ;                       ;
; systolicArray:systolicArr|multiplierBlock:row_loop[0].col_loop[2].mb|partialSum[5]           ; Packed Register ; Register Packing ; Timing optimization        ; Q         ;                ; systolicArray:systolicArr|multiplierBlock:row_loop[0].col_loop[2].mb|Mult0~mac                   ; BY               ;                       ;
; systolicArray:systolicArr|multiplierBlock:row_loop[0].col_loop[2].mb|partialSum[5]           ; Duplicated      ; Register Packing ; Timing optimization        ; Q         ;                ; systolicArray:systolicArr|multiplierBlock:row_loop[0].col_loop[2].mb|partialSum[5]~_Duplicate_1  ; Q                ;                       ;
; systolicArray:systolicArr|multiplierBlock:row_loop[0].col_loop[2].mb|partialSum[5]~SCLR_LUT  ; Created         ; Register Packing ; Timing optimization        ;           ;                ;                                                                                                  ;                  ;                       ;
; systolicArray:systolicArr|multiplierBlock:row_loop[0].col_loop[2].mb|partialSum[6]           ; Packed Register ; Register Packing ; Timing optimization        ; Q         ;                ; systolicArray:systolicArr|multiplierBlock:row_loop[0].col_loop[2].mb|Mult0~mac                   ; BY               ;                       ;
; systolicArray:systolicArr|multiplierBlock:row_loop[0].col_loop[2].mb|partialSum[6]           ; Duplicated      ; Register Packing ; Timing optimization        ; Q         ;                ; systolicArray:systolicArr|multiplierBlock:row_loop[0].col_loop[2].mb|partialSum[6]~_Duplicate_1  ; Q                ;                       ;
; systolicArray:systolicArr|multiplierBlock:row_loop[0].col_loop[2].mb|partialSum[6]~SCLR_LUT  ; Created         ; Register Packing ; Timing optimization        ;           ;                ;                                                                                                  ;                  ;                       ;
; systolicArray:systolicArr|multiplierBlock:row_loop[0].col_loop[2].mb|partialSum[7]           ; Packed Register ; Register Packing ; Timing optimization        ; Q         ;                ; systolicArray:systolicArr|multiplierBlock:row_loop[0].col_loop[2].mb|Mult0~mac                   ; BY               ;                       ;
; systolicArray:systolicArr|multiplierBlock:row_loop[0].col_loop[2].mb|partialSum[7]           ; Duplicated      ; Register Packing ; Timing optimization        ; Q         ;                ; systolicArray:systolicArr|multiplierBlock:row_loop[0].col_loop[2].mb|partialSum[7]~_Duplicate_1  ; Q                ;                       ;
; systolicArray:systolicArr|multiplierBlock:row_loop[0].col_loop[2].mb|partialSum[7]~SCLR_LUT  ; Created         ; Register Packing ; Timing optimization        ;           ;                ;                                                                                                  ;                  ;                       ;
; systolicArray:systolicArr|multiplierBlock:row_loop[0].col_loop[2].mb|partialSum[8]           ; Packed Register ; Register Packing ; Timing optimization        ; Q         ;                ; systolicArray:systolicArr|multiplierBlock:row_loop[0].col_loop[2].mb|Mult0~mac                   ; BY               ;                       ;
; systolicArray:systolicArr|multiplierBlock:row_loop[0].col_loop[2].mb|partialSum[8]           ; Duplicated      ; Register Packing ; Timing optimization        ; Q         ;                ; systolicArray:systolicArr|multiplierBlock:row_loop[0].col_loop[2].mb|partialSum[8]~_Duplicate_1  ; Q                ;                       ;
; systolicArray:systolicArr|multiplierBlock:row_loop[0].col_loop[2].mb|partialSum[8]~SCLR_LUT  ; Created         ; Register Packing ; Timing optimization        ;           ;                ;                                                                                                  ;                  ;                       ;
; systolicArray:systolicArr|multiplierBlock:row_loop[0].col_loop[2].mb|partialSum[9]           ; Packed Register ; Register Packing ; Timing optimization        ; Q         ;                ; systolicArray:systolicArr|multiplierBlock:row_loop[0].col_loop[2].mb|Mult0~mac                   ; BY               ;                       ;
; systolicArray:systolicArr|multiplierBlock:row_loop[0].col_loop[2].mb|partialSum[9]           ; Duplicated      ; Register Packing ; Timing optimization        ; Q         ;                ; systolicArray:systolicArr|multiplierBlock:row_loop[0].col_loop[2].mb|partialSum[9]~_Duplicate_1  ; Q                ;                       ;
; systolicArray:systolicArr|multiplierBlock:row_loop[0].col_loop[2].mb|partialSum[9]~SCLR_LUT  ; Created         ; Register Packing ; Timing optimization        ;           ;                ;                                                                                                  ;                  ;                       ;
; systolicArray:systolicArr|multiplierBlock:row_loop[0].col_loop[2].mb|partialSum[10]          ; Packed Register ; Register Packing ; Timing optimization        ; Q         ;                ; systolicArray:systolicArr|multiplierBlock:row_loop[0].col_loop[2].mb|Mult0~mac                   ; BY               ;                       ;
; systolicArray:systolicArr|multiplierBlock:row_loop[0].col_loop[2].mb|partialSum[10]          ; Duplicated      ; Register Packing ; Timing optimization        ; Q         ;                ; systolicArray:systolicArr|multiplierBlock:row_loop[0].col_loop[2].mb|partialSum[10]~_Duplicate_1 ; Q                ;                       ;
; systolicArray:systolicArr|multiplierBlock:row_loop[0].col_loop[2].mb|partialSum[10]~SCLR_LUT ; Created         ; Register Packing ; Timing optimization        ;           ;                ;                                                                                                  ;                  ;                       ;
; systolicArray:systolicArr|multiplierBlock:row_loop[0].col_loop[2].mb|partialSum[11]          ; Packed Register ; Register Packing ; Timing optimization        ; Q         ;                ; systolicArray:systolicArr|multiplierBlock:row_loop[0].col_loop[2].mb|Mult0~mac                   ; BY               ;                       ;
; systolicArray:systolicArr|multiplierBlock:row_loop[0].col_loop[2].mb|partialSum[11]          ; Duplicated      ; Register Packing ; Timing optimization        ; Q         ;                ; systolicArray:systolicArr|multiplierBlock:row_loop[0].col_loop[2].mb|partialSum[11]~_Duplicate_1 ; Q                ;                       ;
; systolicArray:systolicArr|multiplierBlock:row_loop[0].col_loop[2].mb|partialSum[11]~SCLR_LUT ; Created         ; Register Packing ; Timing optimization        ;           ;                ;                                                                                                  ;                  ;                       ;
; systolicArray:systolicArr|multiplierBlock:row_loop[0].col_loop[2].mb|partialSum[12]          ; Packed Register ; Register Packing ; Timing optimization        ; Q         ;                ; systolicArray:systolicArr|multiplierBlock:row_loop[0].col_loop[2].mb|Mult0~mac                   ; BY               ;                       ;
; systolicArray:systolicArr|multiplierBlock:row_loop[0].col_loop[2].mb|partialSum[12]~SCLR_LUT ; Created         ; Register Packing ; Timing optimization        ;           ;                ;                                                                                                  ;                  ;                       ;
; systolicArray:systolicArr|multiplierBlock:row_loop[0].col_loop[2].mb|partialSum[13]          ; Packed Register ; Register Packing ; Timing optimization        ; Q         ;                ; systolicArray:systolicArr|multiplierBlock:row_loop[0].col_loop[2].mb|Mult0~mac                   ; BY               ;                       ;
; systolicArray:systolicArr|multiplierBlock:row_loop[0].col_loop[2].mb|partialSum[13]~SCLR_LUT ; Created         ; Register Packing ; Timing optimization        ;           ;                ;                                                                                                  ;                  ;                       ;
; systolicArray:systolicArr|multiplierBlock:row_loop[0].col_loop[2].mb|partialSum[14]          ; Packed Register ; Register Packing ; Timing optimization        ; Q         ;                ; systolicArray:systolicArr|multiplierBlock:row_loop[0].col_loop[2].mb|Mult0~mac                   ; BY               ;                       ;
; systolicArray:systolicArr|multiplierBlock:row_loop[0].col_loop[2].mb|partialSum[14]~SCLR_LUT ; Created         ; Register Packing ; Timing optimization        ;           ;                ;                                                                                                  ;                  ;                       ;
; systolicArray:systolicArr|multiplierBlock:row_loop[0].col_loop[2].mb|partialSum[15]          ; Packed Register ; Register Packing ; Timing optimization        ; Q         ;                ; systolicArray:systolicArr|multiplierBlock:row_loop[0].col_loop[2].mb|Mult0~mac                   ; BY               ;                       ;
; systolicArray:systolicArr|multiplierBlock:row_loop[0].col_loop[2].mb|partialSum[15]~SCLR_LUT ; Created         ; Register Packing ; Timing optimization        ;           ;                ;                                                                                                  ;                  ;                       ;
; systolicArray:systolicArr|multiplierBlock:row_loop[0].col_loop[2].mb|partialSum[16]          ; Packed Register ; Register Packing ; Timing optimization        ; Q         ;                ; systolicArray:systolicArr|multiplierBlock:row_loop[0].col_loop[2].mb|Mult0~mac                   ; BY               ;                       ;
; systolicArray:systolicArr|multiplierBlock:row_loop[0].col_loop[2].mb|partialSum[16]~SCLR_LUT ; Created         ; Register Packing ; Timing optimization        ;           ;                ;                                                                                                  ;                  ;                       ;
; systolicArray:systolicArr|multiplierBlock:row_loop[0].col_loop[2].mb|partialSum[17]          ; Packed Register ; Register Packing ; Timing optimization        ; Q         ;                ; systolicArray:systolicArr|multiplierBlock:row_loop[0].col_loop[2].mb|Mult0~mac                   ; BY               ;                       ;
; systolicArray:systolicArr|multiplierBlock:row_loop[0].col_loop[2].mb|partialSum[17]~SCLR_LUT ; Created         ; Register Packing ; Timing optimization        ;           ;                ;                                                                                                  ;                  ;                       ;
; systolicArray:systolicArr|multiplierBlock:row_loop[0].col_loop[2].mb|partialSum[18]          ; Packed Register ; Register Packing ; Timing optimization        ; Q         ;                ; systolicArray:systolicArr|multiplierBlock:row_loop[0].col_loop[2].mb|Mult0~mac                   ; BX               ;                       ;
; systolicArray:systolicArr|multiplierBlock:row_loop[0].col_loop[2].mb|partialSum[18]~SCLR_LUT ; Created         ; Register Packing ; Timing optimization        ;           ;                ;                                                                                                  ;                  ;                       ;
; systolicArray:systolicArr|multiplierBlock:row_loop[0].col_loop[2].mb|partialSum[19]          ; Packed Register ; Register Packing ; Timing optimization        ; Q         ;                ; systolicArray:systolicArr|multiplierBlock:row_loop[0].col_loop[2].mb|Mult0~mac                   ; BX               ;                       ;
; systolicArray:systolicArr|multiplierBlock:row_loop[0].col_loop[2].mb|partialSum[19]~SCLR_LUT ; Created         ; Register Packing ; Timing optimization        ;           ;                ;                                                                                                  ;                  ;                       ;
; systolicArray:systolicArr|multiplierBlock:row_loop[0].col_loop[2].mb|partialSum[20]          ; Packed Register ; Register Packing ; Timing optimization        ; Q         ;                ; systolicArray:systolicArr|multiplierBlock:row_loop[0].col_loop[2].mb|Mult0~mac                   ; BX               ;                       ;
; systolicArray:systolicArr|multiplierBlock:row_loop[0].col_loop[2].mb|partialSum[20]~SCLR_LUT ; Created         ; Register Packing ; Timing optimization        ;           ;                ;                                                                                                  ;                  ;                       ;
; systolicArray:systolicArr|multiplierBlock:row_loop[0].col_loop[2].mb|partialSum[21]          ; Packed Register ; Register Packing ; Timing optimization        ; Q         ;                ; systolicArray:systolicArr|multiplierBlock:row_loop[0].col_loop[2].mb|Mult0~mac                   ; BX               ;                       ;
; systolicArray:systolicArr|multiplierBlock:row_loop[0].col_loop[2].mb|partialSum[21]~SCLR_LUT ; Created         ; Register Packing ; Timing optimization        ;           ;                ;                                                                                                  ;                  ;                       ;
; systolicArray:systolicArr|multiplierBlock:row_loop[0].col_loop[2].mb|partialSum[22]          ; Packed Register ; Register Packing ; Timing optimization        ; Q         ;                ; systolicArray:systolicArr|multiplierBlock:row_loop[0].col_loop[2].mb|Mult0~mac                   ; BX               ;                       ;
; systolicArray:systolicArr|multiplierBlock:row_loop[0].col_loop[2].mb|partialSum[22]~SCLR_LUT ; Created         ; Register Packing ; Timing optimization        ;           ;                ;                                                                                                  ;                  ;                       ;
; systolicArray:systolicArr|multiplierBlock:row_loop[0].col_loop[2].mb|partialSum[23]          ; Packed Register ; Register Packing ; Timing optimization        ; Q         ;                ; systolicArray:systolicArr|multiplierBlock:row_loop[0].col_loop[2].mb|Mult0~mac                   ; BX               ;                       ;
; systolicArray:systolicArr|multiplierBlock:row_loop[0].col_loop[2].mb|partialSum[23]~SCLR_LUT ; Created         ; Register Packing ; Timing optimization        ;           ;                ;                                                                                                  ;                  ;                       ;
; systolicArray:systolicArr|multiplierBlock:row_loop[0].col_loop[2].mb|partialSum[24]          ; Packed Register ; Register Packing ; Timing optimization        ; Q         ;                ; systolicArray:systolicArr|multiplierBlock:row_loop[0].col_loop[2].mb|Mult0~mac                   ; BX               ;                       ;
; systolicArray:systolicArr|multiplierBlock:row_loop[0].col_loop[2].mb|partialSum[24]~SCLR_LUT ; Created         ; Register Packing ; Timing optimization        ;           ;                ;                                                                                                  ;                  ;                       ;
; systolicArray:systolicArr|multiplierBlock:row_loop[0].col_loop[2].mb|partialSum[25]          ; Packed Register ; Register Packing ; Timing optimization        ; Q         ;                ; systolicArray:systolicArr|multiplierBlock:row_loop[0].col_loop[2].mb|Mult0~mac                   ; BX               ;                       ;
; systolicArray:systolicArr|multiplierBlock:row_loop[0].col_loop[2].mb|partialSum[25]~SCLR_LUT ; Created         ; Register Packing ; Timing optimization        ;           ;                ;                                                                                                  ;                  ;                       ;
; systolicArray:systolicArr|multiplierBlock:row_loop[0].col_loop[2].mb|partialSum[26]          ; Packed Register ; Register Packing ; Timing optimization        ; Q         ;                ; systolicArray:systolicArr|multiplierBlock:row_loop[0].col_loop[2].mb|Mult0~mac                   ; BX               ;                       ;
; systolicArray:systolicArr|multiplierBlock:row_loop[0].col_loop[2].mb|partialSum[26]~SCLR_LUT ; Created         ; Register Packing ; Timing optimization        ;           ;                ;                                                                                                  ;                  ;                       ;
; systolicArray:systolicArr|multiplierBlock:row_loop[0].col_loop[2].mb|partialSum[27]          ; Packed Register ; Register Packing ; Timing optimization        ; Q         ;                ; systolicArray:systolicArr|multiplierBlock:row_loop[0].col_loop[2].mb|Mult0~mac                   ; BX               ;                       ;
; systolicArray:systolicArr|multiplierBlock:row_loop[0].col_loop[2].mb|partialSum[27]~SCLR_LUT ; Created         ; Register Packing ; Timing optimization        ;           ;                ;                                                                                                  ;                  ;                       ;
; systolicArray:systolicArr|multiplierBlock:row_loop[0].col_loop[2].mb|partialSum[28]          ; Packed Register ; Register Packing ; Timing optimization        ; Q         ;                ; systolicArray:systolicArr|multiplierBlock:row_loop[0].col_loop[2].mb|Mult0~mac                   ; BX               ;                       ;
; systolicArray:systolicArr|multiplierBlock:row_loop[0].col_loop[2].mb|partialSum[28]~SCLR_LUT ; Created         ; Register Packing ; Timing optimization        ;           ;                ;                                                                                                  ;                  ;                       ;
; systolicArray:systolicArr|multiplierBlock:row_loop[0].col_loop[2].mb|partialSum[29]          ; Packed Register ; Register Packing ; Timing optimization        ; Q         ;                ; systolicArray:systolicArr|multiplierBlock:row_loop[0].col_loop[2].mb|Mult0~mac                   ; BX               ;                       ;
; systolicArray:systolicArr|multiplierBlock:row_loop[0].col_loop[2].mb|partialSum[29]~SCLR_LUT ; Created         ; Register Packing ; Timing optimization        ;           ;                ;                                                                                                  ;                  ;                       ;
; systolicArray:systolicArr|multiplierBlock:row_loop[0].col_loop[2].mb|partialSum[30]          ; Packed Register ; Register Packing ; Timing optimization        ; Q         ;                ; systolicArray:systolicArr|multiplierBlock:row_loop[0].col_loop[2].mb|Mult0~mac                   ; BX               ;                       ;
; systolicArray:systolicArr|multiplierBlock:row_loop[0].col_loop[2].mb|partialSum[30]~SCLR_LUT ; Created         ; Register Packing ; Timing optimization        ;           ;                ;                                                                                                  ;                  ;                       ;
; systolicArray:systolicArr|multiplierBlock:row_loop[0].col_loop[2].mb|partialSum[31]          ; Packed Register ; Register Packing ; Timing optimization        ; Q         ;                ; systolicArray:systolicArr|multiplierBlock:row_loop[0].col_loop[2].mb|Mult0~mac                   ; BX               ;                       ;
; systolicArray:systolicArr|multiplierBlock:row_loop[0].col_loop[2].mb|partialSum[31]~SCLR_LUT ; Created         ; Register Packing ; Timing optimization        ;           ;                ;                                                                                                  ;                  ;                       ;
; systolicArray:systolicArr|multiplierBlock:row_loop[1].col_loop[0].mb|aOut[0]                 ; Packed Register ; Register Packing ; Timing optimization        ; Q         ;                ; systolicArray:systolicArr|multiplierBlock:row_loop[1].col_loop[1].mb|Mult0~mac                   ; AY               ;                       ;
; systolicArray:systolicArr|multiplierBlock:row_loop[1].col_loop[0].mb|aOut[0]                 ; Duplicated      ; Register Packing ; Timing optimization        ; Q         ;                ; systolicArray:systolicArr|multiplierBlock:row_loop[1].col_loop[0].mb|aOut[0]~_Duplicate_1        ; Q                ;                       ;
; systolicArray:systolicArr|multiplierBlock:row_loop[1].col_loop[0].mb|aOut[0]~SCLR_LUT        ; Created         ; Register Packing ; Timing optimization        ;           ;                ;                                                                                                  ;                  ;                       ;
; systolicArray:systolicArr|multiplierBlock:row_loop[1].col_loop[0].mb|aOut[1]                 ; Packed Register ; Register Packing ; Timing optimization        ; Q         ;                ; systolicArray:systolicArr|multiplierBlock:row_loop[1].col_loop[1].mb|Mult0~mac                   ; AY               ;                       ;
; systolicArray:systolicArr|multiplierBlock:row_loop[1].col_loop[0].mb|aOut[1]                 ; Duplicated      ; Register Packing ; Timing optimization        ; Q         ;                ; systolicArray:systolicArr|multiplierBlock:row_loop[1].col_loop[0].mb|aOut[1]~_Duplicate_1        ; Q                ;                       ;
; systolicArray:systolicArr|multiplierBlock:row_loop[1].col_loop[0].mb|aOut[1]~SCLR_LUT        ; Created         ; Register Packing ; Timing optimization        ;           ;                ;                                                                                                  ;                  ;                       ;
; systolicArray:systolicArr|multiplierBlock:row_loop[1].col_loop[0].mb|aOut[2]                 ; Packed Register ; Register Packing ; Timing optimization        ; Q         ;                ; systolicArray:systolicArr|multiplierBlock:row_loop[1].col_loop[1].mb|Mult0~mac                   ; AY               ;                       ;
; systolicArray:systolicArr|multiplierBlock:row_loop[1].col_loop[0].mb|aOut[2]                 ; Duplicated      ; Register Packing ; Timing optimization        ; Q         ;                ; systolicArray:systolicArr|multiplierBlock:row_loop[1].col_loop[0].mb|aOut[2]~_Duplicate_1        ; Q                ;                       ;
; systolicArray:systolicArr|multiplierBlock:row_loop[1].col_loop[0].mb|aOut[2]~SCLR_LUT        ; Created         ; Register Packing ; Timing optimization        ;           ;                ;                                                                                                  ;                  ;                       ;
; systolicArray:systolicArr|multiplierBlock:row_loop[1].col_loop[0].mb|aOut[3]                 ; Packed Register ; Register Packing ; Timing optimization        ; Q         ;                ; systolicArray:systolicArr|multiplierBlock:row_loop[1].col_loop[1].mb|Mult0~mac                   ; AY               ;                       ;
; systolicArray:systolicArr|multiplierBlock:row_loop[1].col_loop[0].mb|aOut[3]                 ; Duplicated      ; Register Packing ; Timing optimization        ; Q         ;                ; systolicArray:systolicArr|multiplierBlock:row_loop[1].col_loop[0].mb|aOut[3]~_Duplicate_1        ; Q                ;                       ;
; systolicArray:systolicArr|multiplierBlock:row_loop[1].col_loop[0].mb|aOut[3]~SCLR_LUT        ; Created         ; Register Packing ; Timing optimization        ;           ;                ;                                                                                                  ;                  ;                       ;
; systolicArray:systolicArr|multiplierBlock:row_loop[1].col_loop[0].mb|aOut[4]                 ; Packed Register ; Register Packing ; Timing optimization        ; Q         ;                ; systolicArray:systolicArr|multiplierBlock:row_loop[1].col_loop[1].mb|Mult0~mac                   ; AY               ;                       ;
; systolicArray:systolicArr|multiplierBlock:row_loop[1].col_loop[0].mb|aOut[4]                 ; Duplicated      ; Register Packing ; Timing optimization        ; Q         ;                ; systolicArray:systolicArr|multiplierBlock:row_loop[1].col_loop[0].mb|aOut[4]~_Duplicate_1        ; Q                ;                       ;
; systolicArray:systolicArr|multiplierBlock:row_loop[1].col_loop[0].mb|aOut[4]~SCLR_LUT        ; Created         ; Register Packing ; Timing optimization        ;           ;                ;                                                                                                  ;                  ;                       ;
; systolicArray:systolicArr|multiplierBlock:row_loop[1].col_loop[0].mb|aOut[5]                 ; Packed Register ; Register Packing ; Timing optimization        ; Q         ;                ; systolicArray:systolicArr|multiplierBlock:row_loop[1].col_loop[1].mb|Mult0~mac                   ; AY               ;                       ;
; systolicArray:systolicArr|multiplierBlock:row_loop[1].col_loop[0].mb|aOut[5]                 ; Duplicated      ; Register Packing ; Timing optimization        ; Q         ;                ; systolicArray:systolicArr|multiplierBlock:row_loop[1].col_loop[0].mb|aOut[5]~_Duplicate_1        ; Q                ;                       ;
; systolicArray:systolicArr|multiplierBlock:row_loop[1].col_loop[0].mb|aOut[5]~SCLR_LUT        ; Created         ; Register Packing ; Timing optimization        ;           ;                ;                                                                                                  ;                  ;                       ;
; systolicArray:systolicArr|multiplierBlock:row_loop[1].col_loop[0].mb|bOut[0]                 ; Packed Register ; Register Packing ; Timing optimization        ; Q         ;                ; systolicArray:systolicArr|multiplierBlock:row_loop[2].col_loop[0].mb|Mult0~mac                   ; AX               ;                       ;
; systolicArray:systolicArr|multiplierBlock:row_loop[1].col_loop[0].mb|bOut[0]~SCLR_LUT        ; Created         ; Register Packing ; Timing optimization        ;           ;                ;                                                                                                  ;                  ;                       ;
; systolicArray:systolicArr|multiplierBlock:row_loop[1].col_loop[0].mb|bOut[1]                 ; Packed Register ; Register Packing ; Timing optimization        ; Q         ;                ; systolicArray:systolicArr|multiplierBlock:row_loop[2].col_loop[0].mb|Mult0~mac                   ; AX               ;                       ;
; systolicArray:systolicArr|multiplierBlock:row_loop[1].col_loop[0].mb|bOut[1]~SCLR_LUT        ; Created         ; Register Packing ; Timing optimization        ;           ;                ;                                                                                                  ;                  ;                       ;
; systolicArray:systolicArr|multiplierBlock:row_loop[1].col_loop[0].mb|bOut[2]                 ; Packed Register ; Register Packing ; Timing optimization        ; Q         ;                ; systolicArray:systolicArr|multiplierBlock:row_loop[2].col_loop[0].mb|Mult0~mac                   ; AX               ;                       ;
; systolicArray:systolicArr|multiplierBlock:row_loop[1].col_loop[0].mb|bOut[2]~SCLR_LUT        ; Created         ; Register Packing ; Timing optimization        ;           ;                ;                                                                                                  ;                  ;                       ;
; systolicArray:systolicArr|multiplierBlock:row_loop[1].col_loop[0].mb|bOut[3]                 ; Packed Register ; Register Packing ; Timing optimization        ; Q         ;                ; systolicArray:systolicArr|multiplierBlock:row_loop[2].col_loop[0].mb|Mult0~mac                   ; AX               ;                       ;
; systolicArray:systolicArr|multiplierBlock:row_loop[1].col_loop[0].mb|bOut[3]~SCLR_LUT        ; Created         ; Register Packing ; Timing optimization        ;           ;                ;                                                                                                  ;                  ;                       ;
; systolicArray:systolicArr|multiplierBlock:row_loop[1].col_loop[0].mb|bOut[4]                 ; Packed Register ; Register Packing ; Timing optimization        ; Q         ;                ; systolicArray:systolicArr|multiplierBlock:row_loop[2].col_loop[0].mb|Mult0~mac                   ; AX               ;                       ;
; systolicArray:systolicArr|multiplierBlock:row_loop[1].col_loop[0].mb|bOut[4]~SCLR_LUT        ; Created         ; Register Packing ; Timing optimization        ;           ;                ;                                                                                                  ;                  ;                       ;
; systolicArray:systolicArr|multiplierBlock:row_loop[1].col_loop[0].mb|bOut[5]                 ; Packed Register ; Register Packing ; Timing optimization        ; Q         ;                ; systolicArray:systolicArr|multiplierBlock:row_loop[2].col_loop[0].mb|Mult0~mac                   ; AX               ;                       ;
; systolicArray:systolicArr|multiplierBlock:row_loop[1].col_loop[0].mb|bOut[5]~SCLR_LUT        ; Created         ; Register Packing ; Timing optimization        ;           ;                ;                                                                                                  ;                  ;                       ;
; systolicArray:systolicArr|multiplierBlock:row_loop[1].col_loop[0].mb|partialSum[0]           ; Packed Register ; Register Packing ; Timing optimization        ; Q         ;                ; systolicArray:systolicArr|multiplierBlock:row_loop[1].col_loop[0].mb|Mult0~mac                   ; BY               ;                       ;
; systolicArray:systolicArr|multiplierBlock:row_loop[1].col_loop[0].mb|partialSum[0]           ; Duplicated      ; Register Packing ; Timing optimization        ; Q         ;                ; systolicArray:systolicArr|multiplierBlock:row_loop[1].col_loop[0].mb|partialSum[0]~_Duplicate_1  ; Q                ;                       ;
; systolicArray:systolicArr|multiplierBlock:row_loop[1].col_loop[0].mb|partialSum[0]~SCLR_LUT  ; Created         ; Register Packing ; Timing optimization        ;           ;                ;                                                                                                  ;                  ;                       ;
; systolicArray:systolicArr|multiplierBlock:row_loop[1].col_loop[0].mb|partialSum[1]           ; Packed Register ; Register Packing ; Timing optimization        ; Q         ;                ; systolicArray:systolicArr|multiplierBlock:row_loop[1].col_loop[0].mb|Mult0~mac                   ; BY               ;                       ;
; systolicArray:systolicArr|multiplierBlock:row_loop[1].col_loop[0].mb|partialSum[1]           ; Duplicated      ; Register Packing ; Timing optimization        ; Q         ;                ; systolicArray:systolicArr|multiplierBlock:row_loop[1].col_loop[0].mb|partialSum[1]~_Duplicate_1  ; Q                ;                       ;
; systolicArray:systolicArr|multiplierBlock:row_loop[1].col_loop[0].mb|partialSum[1]~SCLR_LUT  ; Created         ; Register Packing ; Timing optimization        ;           ;                ;                                                                                                  ;                  ;                       ;
; systolicArray:systolicArr|multiplierBlock:row_loop[1].col_loop[0].mb|partialSum[2]           ; Packed Register ; Register Packing ; Timing optimization        ; Q         ;                ; systolicArray:systolicArr|multiplierBlock:row_loop[1].col_loop[0].mb|Mult0~mac                   ; BY               ;                       ;
; systolicArray:systolicArr|multiplierBlock:row_loop[1].col_loop[0].mb|partialSum[2]           ; Duplicated      ; Register Packing ; Timing optimization        ; Q         ;                ; systolicArray:systolicArr|multiplierBlock:row_loop[1].col_loop[0].mb|partialSum[2]~_Duplicate_1  ; Q                ;                       ;
; systolicArray:systolicArr|multiplierBlock:row_loop[1].col_loop[0].mb|partialSum[2]~SCLR_LUT  ; Created         ; Register Packing ; Timing optimization        ;           ;                ;                                                                                                  ;                  ;                       ;
; systolicArray:systolicArr|multiplierBlock:row_loop[1].col_loop[0].mb|partialSum[3]           ; Packed Register ; Register Packing ; Timing optimization        ; Q         ;                ; systolicArray:systolicArr|multiplierBlock:row_loop[1].col_loop[0].mb|Mult0~mac                   ; BY               ;                       ;
; systolicArray:systolicArr|multiplierBlock:row_loop[1].col_loop[0].mb|partialSum[3]           ; Duplicated      ; Register Packing ; Timing optimization        ; Q         ;                ; systolicArray:systolicArr|multiplierBlock:row_loop[1].col_loop[0].mb|partialSum[3]~_Duplicate_1  ; Q                ;                       ;
; systolicArray:systolicArr|multiplierBlock:row_loop[1].col_loop[0].mb|partialSum[3]~SCLR_LUT  ; Created         ; Register Packing ; Timing optimization        ;           ;                ;                                                                                                  ;                  ;                       ;
; systolicArray:systolicArr|multiplierBlock:row_loop[1].col_loop[0].mb|partialSum[4]           ; Packed Register ; Register Packing ; Timing optimization        ; Q         ;                ; systolicArray:systolicArr|multiplierBlock:row_loop[1].col_loop[0].mb|Mult0~mac                   ; BY               ;                       ;
; systolicArray:systolicArr|multiplierBlock:row_loop[1].col_loop[0].mb|partialSum[4]           ; Duplicated      ; Register Packing ; Timing optimization        ; Q         ;                ; systolicArray:systolicArr|multiplierBlock:row_loop[1].col_loop[0].mb|partialSum[4]~_Duplicate_1  ; Q                ;                       ;
; systolicArray:systolicArr|multiplierBlock:row_loop[1].col_loop[0].mb|partialSum[4]~SCLR_LUT  ; Created         ; Register Packing ; Timing optimization        ;           ;                ;                                                                                                  ;                  ;                       ;
; systolicArray:systolicArr|multiplierBlock:row_loop[1].col_loop[0].mb|partialSum[5]           ; Packed Register ; Register Packing ; Timing optimization        ; Q         ;                ; systolicArray:systolicArr|multiplierBlock:row_loop[1].col_loop[0].mb|Mult0~mac                   ; BY               ;                       ;
; systolicArray:systolicArr|multiplierBlock:row_loop[1].col_loop[0].mb|partialSum[5]           ; Duplicated      ; Register Packing ; Timing optimization        ; Q         ;                ; systolicArray:systolicArr|multiplierBlock:row_loop[1].col_loop[0].mb|partialSum[5]~_Duplicate_1  ; Q                ;                       ;
; systolicArray:systolicArr|multiplierBlock:row_loop[1].col_loop[0].mb|partialSum[5]~SCLR_LUT  ; Created         ; Register Packing ; Timing optimization        ;           ;                ;                                                                                                  ;                  ;                       ;
; systolicArray:systolicArr|multiplierBlock:row_loop[1].col_loop[0].mb|partialSum[6]           ; Packed Register ; Register Packing ; Timing optimization        ; Q         ;                ; systolicArray:systolicArr|multiplierBlock:row_loop[1].col_loop[0].mb|Mult0~mac                   ; BY               ;                       ;
; systolicArray:systolicArr|multiplierBlock:row_loop[1].col_loop[0].mb|partialSum[6]           ; Duplicated      ; Register Packing ; Timing optimization        ; Q         ;                ; systolicArray:systolicArr|multiplierBlock:row_loop[1].col_loop[0].mb|partialSum[6]~_Duplicate_1  ; Q                ;                       ;
; systolicArray:systolicArr|multiplierBlock:row_loop[1].col_loop[0].mb|partialSum[6]~SCLR_LUT  ; Created         ; Register Packing ; Timing optimization        ;           ;                ;                                                                                                  ;                  ;                       ;
; systolicArray:systolicArr|multiplierBlock:row_loop[1].col_loop[0].mb|partialSum[7]           ; Packed Register ; Register Packing ; Timing optimization        ; Q         ;                ; systolicArray:systolicArr|multiplierBlock:row_loop[1].col_loop[0].mb|Mult0~mac                   ; BY               ;                       ;
; systolicArray:systolicArr|multiplierBlock:row_loop[1].col_loop[0].mb|partialSum[7]           ; Duplicated      ; Register Packing ; Timing optimization        ; Q         ;                ; systolicArray:systolicArr|multiplierBlock:row_loop[1].col_loop[0].mb|partialSum[7]~_Duplicate_1  ; Q                ;                       ;
; systolicArray:systolicArr|multiplierBlock:row_loop[1].col_loop[0].mb|partialSum[7]~SCLR_LUT  ; Created         ; Register Packing ; Timing optimization        ;           ;                ;                                                                                                  ;                  ;                       ;
; systolicArray:systolicArr|multiplierBlock:row_loop[1].col_loop[0].mb|partialSum[8]           ; Packed Register ; Register Packing ; Timing optimization        ; Q         ;                ; systolicArray:systolicArr|multiplierBlock:row_loop[1].col_loop[0].mb|Mult0~mac                   ; BY               ;                       ;
; systolicArray:systolicArr|multiplierBlock:row_loop[1].col_loop[0].mb|partialSum[8]           ; Duplicated      ; Register Packing ; Timing optimization        ; Q         ;                ; systolicArray:systolicArr|multiplierBlock:row_loop[1].col_loop[0].mb|partialSum[8]~_Duplicate_1  ; Q                ;                       ;
; systolicArray:systolicArr|multiplierBlock:row_loop[1].col_loop[0].mb|partialSum[8]~SCLR_LUT  ; Created         ; Register Packing ; Timing optimization        ;           ;                ;                                                                                                  ;                  ;                       ;
; systolicArray:systolicArr|multiplierBlock:row_loop[1].col_loop[0].mb|partialSum[9]           ; Packed Register ; Register Packing ; Timing optimization        ; Q         ;                ; systolicArray:systolicArr|multiplierBlock:row_loop[1].col_loop[0].mb|Mult0~mac                   ; BY               ;                       ;
; systolicArray:systolicArr|multiplierBlock:row_loop[1].col_loop[0].mb|partialSum[9]           ; Duplicated      ; Register Packing ; Timing optimization        ; Q         ;                ; systolicArray:systolicArr|multiplierBlock:row_loop[1].col_loop[0].mb|partialSum[9]~_Duplicate_1  ; Q                ;                       ;
; systolicArray:systolicArr|multiplierBlock:row_loop[1].col_loop[0].mb|partialSum[9]~SCLR_LUT  ; Created         ; Register Packing ; Timing optimization        ;           ;                ;                                                                                                  ;                  ;                       ;
; systolicArray:systolicArr|multiplierBlock:row_loop[1].col_loop[0].mb|partialSum[10]          ; Packed Register ; Register Packing ; Timing optimization        ; Q         ;                ; systolicArray:systolicArr|multiplierBlock:row_loop[1].col_loop[0].mb|Mult0~mac                   ; BY               ;                       ;
; systolicArray:systolicArr|multiplierBlock:row_loop[1].col_loop[0].mb|partialSum[10]          ; Duplicated      ; Register Packing ; Timing optimization        ; Q         ;                ; systolicArray:systolicArr|multiplierBlock:row_loop[1].col_loop[0].mb|partialSum[10]~_Duplicate_1 ; Q                ;                       ;
; systolicArray:systolicArr|multiplierBlock:row_loop[1].col_loop[0].mb|partialSum[10]~SCLR_LUT ; Created         ; Register Packing ; Timing optimization        ;           ;                ;                                                                                                  ;                  ;                       ;
; systolicArray:systolicArr|multiplierBlock:row_loop[1].col_loop[0].mb|partialSum[11]          ; Packed Register ; Register Packing ; Timing optimization        ; Q         ;                ; systolicArray:systolicArr|multiplierBlock:row_loop[1].col_loop[0].mb|Mult0~mac                   ; BY               ;                       ;
; systolicArray:systolicArr|multiplierBlock:row_loop[1].col_loop[0].mb|partialSum[11]          ; Duplicated      ; Register Packing ; Timing optimization        ; Q         ;                ; systolicArray:systolicArr|multiplierBlock:row_loop[1].col_loop[0].mb|partialSum[11]~_Duplicate_1 ; Q                ;                       ;
; systolicArray:systolicArr|multiplierBlock:row_loop[1].col_loop[0].mb|partialSum[11]~SCLR_LUT ; Created         ; Register Packing ; Timing optimization        ;           ;                ;                                                                                                  ;                  ;                       ;
; systolicArray:systolicArr|multiplierBlock:row_loop[1].col_loop[0].mb|partialSum[12]          ; Packed Register ; Register Packing ; Timing optimization        ; Q         ;                ; systolicArray:systolicArr|multiplierBlock:row_loop[1].col_loop[0].mb|Mult0~mac                   ; BY               ;                       ;
; systolicArray:systolicArr|multiplierBlock:row_loop[1].col_loop[0].mb|partialSum[12]~SCLR_LUT ; Created         ; Register Packing ; Timing optimization        ;           ;                ;                                                                                                  ;                  ;                       ;
; systolicArray:systolicArr|multiplierBlock:row_loop[1].col_loop[0].mb|partialSum[13]          ; Packed Register ; Register Packing ; Timing optimization        ; Q         ;                ; systolicArray:systolicArr|multiplierBlock:row_loop[1].col_loop[0].mb|Mult0~mac                   ; BY               ;                       ;
; systolicArray:systolicArr|multiplierBlock:row_loop[1].col_loop[0].mb|partialSum[13]~SCLR_LUT ; Created         ; Register Packing ; Timing optimization        ;           ;                ;                                                                                                  ;                  ;                       ;
; systolicArray:systolicArr|multiplierBlock:row_loop[1].col_loop[0].mb|partialSum[14]          ; Packed Register ; Register Packing ; Timing optimization        ; Q         ;                ; systolicArray:systolicArr|multiplierBlock:row_loop[1].col_loop[0].mb|Mult0~mac                   ; BY               ;                       ;
; systolicArray:systolicArr|multiplierBlock:row_loop[1].col_loop[0].mb|partialSum[14]~SCLR_LUT ; Created         ; Register Packing ; Timing optimization        ;           ;                ;                                                                                                  ;                  ;                       ;
; systolicArray:systolicArr|multiplierBlock:row_loop[1].col_loop[0].mb|partialSum[15]          ; Packed Register ; Register Packing ; Timing optimization        ; Q         ;                ; systolicArray:systolicArr|multiplierBlock:row_loop[1].col_loop[0].mb|Mult0~mac                   ; BY               ;                       ;
; systolicArray:systolicArr|multiplierBlock:row_loop[1].col_loop[0].mb|partialSum[15]~SCLR_LUT ; Created         ; Register Packing ; Timing optimization        ;           ;                ;                                                                                                  ;                  ;                       ;
; systolicArray:systolicArr|multiplierBlock:row_loop[1].col_loop[0].mb|partialSum[16]          ; Packed Register ; Register Packing ; Timing optimization        ; Q         ;                ; systolicArray:systolicArr|multiplierBlock:row_loop[1].col_loop[0].mb|Mult0~mac                   ; BY               ;                       ;
; systolicArray:systolicArr|multiplierBlock:row_loop[1].col_loop[0].mb|partialSum[16]~SCLR_LUT ; Created         ; Register Packing ; Timing optimization        ;           ;                ;                                                                                                  ;                  ;                       ;
; systolicArray:systolicArr|multiplierBlock:row_loop[1].col_loop[0].mb|partialSum[17]          ; Packed Register ; Register Packing ; Timing optimization        ; Q         ;                ; systolicArray:systolicArr|multiplierBlock:row_loop[1].col_loop[0].mb|Mult0~mac                   ; BY               ;                       ;
; systolicArray:systolicArr|multiplierBlock:row_loop[1].col_loop[0].mb|partialSum[17]~SCLR_LUT ; Created         ; Register Packing ; Timing optimization        ;           ;                ;                                                                                                  ;                  ;                       ;
; systolicArray:systolicArr|multiplierBlock:row_loop[1].col_loop[0].mb|partialSum[18]          ; Packed Register ; Register Packing ; Timing optimization        ; Q         ;                ; systolicArray:systolicArr|multiplierBlock:row_loop[1].col_loop[0].mb|Mult0~mac                   ; BX               ;                       ;
; systolicArray:systolicArr|multiplierBlock:row_loop[1].col_loop[0].mb|partialSum[18]~SCLR_LUT ; Created         ; Register Packing ; Timing optimization        ;           ;                ;                                                                                                  ;                  ;                       ;
; systolicArray:systolicArr|multiplierBlock:row_loop[1].col_loop[0].mb|partialSum[19]          ; Packed Register ; Register Packing ; Timing optimization        ; Q         ;                ; systolicArray:systolicArr|multiplierBlock:row_loop[1].col_loop[0].mb|Mult0~mac                   ; BX               ;                       ;
; systolicArray:systolicArr|multiplierBlock:row_loop[1].col_loop[0].mb|partialSum[19]~SCLR_LUT ; Created         ; Register Packing ; Timing optimization        ;           ;                ;                                                                                                  ;                  ;                       ;
; systolicArray:systolicArr|multiplierBlock:row_loop[1].col_loop[0].mb|partialSum[20]          ; Packed Register ; Register Packing ; Timing optimization        ; Q         ;                ; systolicArray:systolicArr|multiplierBlock:row_loop[1].col_loop[0].mb|Mult0~mac                   ; BX               ;                       ;
; systolicArray:systolicArr|multiplierBlock:row_loop[1].col_loop[0].mb|partialSum[20]~SCLR_LUT ; Created         ; Register Packing ; Timing optimization        ;           ;                ;                                                                                                  ;                  ;                       ;
; systolicArray:systolicArr|multiplierBlock:row_loop[1].col_loop[0].mb|partialSum[21]          ; Packed Register ; Register Packing ; Timing optimization        ; Q         ;                ; systolicArray:systolicArr|multiplierBlock:row_loop[1].col_loop[0].mb|Mult0~mac                   ; BX               ;                       ;
; systolicArray:systolicArr|multiplierBlock:row_loop[1].col_loop[0].mb|partialSum[21]~SCLR_LUT ; Created         ; Register Packing ; Timing optimization        ;           ;                ;                                                                                                  ;                  ;                       ;
; systolicArray:systolicArr|multiplierBlock:row_loop[1].col_loop[0].mb|partialSum[22]          ; Packed Register ; Register Packing ; Timing optimization        ; Q         ;                ; systolicArray:systolicArr|multiplierBlock:row_loop[1].col_loop[0].mb|Mult0~mac                   ; BX               ;                       ;
; systolicArray:systolicArr|multiplierBlock:row_loop[1].col_loop[0].mb|partialSum[22]~SCLR_LUT ; Created         ; Register Packing ; Timing optimization        ;           ;                ;                                                                                                  ;                  ;                       ;
; systolicArray:systolicArr|multiplierBlock:row_loop[1].col_loop[0].mb|partialSum[23]          ; Packed Register ; Register Packing ; Timing optimization        ; Q         ;                ; systolicArray:systolicArr|multiplierBlock:row_loop[1].col_loop[0].mb|Mult0~mac                   ; BX               ;                       ;
; systolicArray:systolicArr|multiplierBlock:row_loop[1].col_loop[0].mb|partialSum[23]~SCLR_LUT ; Created         ; Register Packing ; Timing optimization        ;           ;                ;                                                                                                  ;                  ;                       ;
; systolicArray:systolicArr|multiplierBlock:row_loop[1].col_loop[0].mb|partialSum[24]          ; Packed Register ; Register Packing ; Timing optimization        ; Q         ;                ; systolicArray:systolicArr|multiplierBlock:row_loop[1].col_loop[0].mb|Mult0~mac                   ; BX               ;                       ;
; systolicArray:systolicArr|multiplierBlock:row_loop[1].col_loop[0].mb|partialSum[24]~SCLR_LUT ; Created         ; Register Packing ; Timing optimization        ;           ;                ;                                                                                                  ;                  ;                       ;
; systolicArray:systolicArr|multiplierBlock:row_loop[1].col_loop[0].mb|partialSum[25]          ; Packed Register ; Register Packing ; Timing optimization        ; Q         ;                ; systolicArray:systolicArr|multiplierBlock:row_loop[1].col_loop[0].mb|Mult0~mac                   ; BX               ;                       ;
; systolicArray:systolicArr|multiplierBlock:row_loop[1].col_loop[0].mb|partialSum[25]~SCLR_LUT ; Created         ; Register Packing ; Timing optimization        ;           ;                ;                                                                                                  ;                  ;                       ;
; systolicArray:systolicArr|multiplierBlock:row_loop[1].col_loop[0].mb|partialSum[26]          ; Packed Register ; Register Packing ; Timing optimization        ; Q         ;                ; systolicArray:systolicArr|multiplierBlock:row_loop[1].col_loop[0].mb|Mult0~mac                   ; BX               ;                       ;
; systolicArray:systolicArr|multiplierBlock:row_loop[1].col_loop[0].mb|partialSum[26]~SCLR_LUT ; Created         ; Register Packing ; Timing optimization        ;           ;                ;                                                                                                  ;                  ;                       ;
; systolicArray:systolicArr|multiplierBlock:row_loop[1].col_loop[0].mb|partialSum[27]          ; Packed Register ; Register Packing ; Timing optimization        ; Q         ;                ; systolicArray:systolicArr|multiplierBlock:row_loop[1].col_loop[0].mb|Mult0~mac                   ; BX               ;                       ;
; systolicArray:systolicArr|multiplierBlock:row_loop[1].col_loop[0].mb|partialSum[27]~SCLR_LUT ; Created         ; Register Packing ; Timing optimization        ;           ;                ;                                                                                                  ;                  ;                       ;
; systolicArray:systolicArr|multiplierBlock:row_loop[1].col_loop[0].mb|partialSum[28]          ; Packed Register ; Register Packing ; Timing optimization        ; Q         ;                ; systolicArray:systolicArr|multiplierBlock:row_loop[1].col_loop[0].mb|Mult0~mac                   ; BX               ;                       ;
; systolicArray:systolicArr|multiplierBlock:row_loop[1].col_loop[0].mb|partialSum[28]~SCLR_LUT ; Created         ; Register Packing ; Timing optimization        ;           ;                ;                                                                                                  ;                  ;                       ;
; systolicArray:systolicArr|multiplierBlock:row_loop[1].col_loop[0].mb|partialSum[29]          ; Packed Register ; Register Packing ; Timing optimization        ; Q         ;                ; systolicArray:systolicArr|multiplierBlock:row_loop[1].col_loop[0].mb|Mult0~mac                   ; BX               ;                       ;
; systolicArray:systolicArr|multiplierBlock:row_loop[1].col_loop[0].mb|partialSum[29]~SCLR_LUT ; Created         ; Register Packing ; Timing optimization        ;           ;                ;                                                                                                  ;                  ;                       ;
; systolicArray:systolicArr|multiplierBlock:row_loop[1].col_loop[0].mb|partialSum[30]          ; Packed Register ; Register Packing ; Timing optimization        ; Q         ;                ; systolicArray:systolicArr|multiplierBlock:row_loop[1].col_loop[0].mb|Mult0~mac                   ; BX               ;                       ;
; systolicArray:systolicArr|multiplierBlock:row_loop[1].col_loop[0].mb|partialSum[30]~SCLR_LUT ; Created         ; Register Packing ; Timing optimization        ;           ;                ;                                                                                                  ;                  ;                       ;
; systolicArray:systolicArr|multiplierBlock:row_loop[1].col_loop[0].mb|partialSum[31]          ; Packed Register ; Register Packing ; Timing optimization        ; Q         ;                ; systolicArray:systolicArr|multiplierBlock:row_loop[1].col_loop[0].mb|Mult0~mac                   ; BX               ;                       ;
; systolicArray:systolicArr|multiplierBlock:row_loop[1].col_loop[0].mb|partialSum[31]~SCLR_LUT ; Created         ; Register Packing ; Timing optimization        ;           ;                ;                                                                                                  ;                  ;                       ;
; systolicArray:systolicArr|multiplierBlock:row_loop[1].col_loop[1].mb|aOut[0]                 ; Packed Register ; Register Packing ; Timing optimization        ; Q         ;                ; systolicArray:systolicArr|multiplierBlock:row_loop[1].col_loop[2].mb|Mult0~mac                   ; AY               ;                       ;
; systolicArray:systolicArr|multiplierBlock:row_loop[1].col_loop[1].mb|aOut[0]~SCLR_LUT        ; Created         ; Register Packing ; Timing optimization        ;           ;                ;                                                                                                  ;                  ;                       ;
; systolicArray:systolicArr|multiplierBlock:row_loop[1].col_loop[1].mb|aOut[1]                 ; Packed Register ; Register Packing ; Timing optimization        ; Q         ;                ; systolicArray:systolicArr|multiplierBlock:row_loop[1].col_loop[2].mb|Mult0~mac                   ; AY               ;                       ;
; systolicArray:systolicArr|multiplierBlock:row_loop[1].col_loop[1].mb|aOut[1]~SCLR_LUT        ; Created         ; Register Packing ; Timing optimization        ;           ;                ;                                                                                                  ;                  ;                       ;
; systolicArray:systolicArr|multiplierBlock:row_loop[1].col_loop[1].mb|aOut[2]                 ; Packed Register ; Register Packing ; Timing optimization        ; Q         ;                ; systolicArray:systolicArr|multiplierBlock:row_loop[1].col_loop[2].mb|Mult0~mac                   ; AY               ;                       ;
; systolicArray:systolicArr|multiplierBlock:row_loop[1].col_loop[1].mb|aOut[2]~SCLR_LUT        ; Created         ; Register Packing ; Timing optimization        ;           ;                ;                                                                                                  ;                  ;                       ;
; systolicArray:systolicArr|multiplierBlock:row_loop[1].col_loop[1].mb|aOut[3]                 ; Packed Register ; Register Packing ; Timing optimization        ; Q         ;                ; systolicArray:systolicArr|multiplierBlock:row_loop[1].col_loop[2].mb|Mult0~mac                   ; AY               ;                       ;
; systolicArray:systolicArr|multiplierBlock:row_loop[1].col_loop[1].mb|aOut[3]~SCLR_LUT        ; Created         ; Register Packing ; Timing optimization        ;           ;                ;                                                                                                  ;                  ;                       ;
; systolicArray:systolicArr|multiplierBlock:row_loop[1].col_loop[1].mb|aOut[4]                 ; Packed Register ; Register Packing ; Timing optimization        ; Q         ;                ; systolicArray:systolicArr|multiplierBlock:row_loop[1].col_loop[2].mb|Mult0~mac                   ; AY               ;                       ;
; systolicArray:systolicArr|multiplierBlock:row_loop[1].col_loop[1].mb|aOut[4]~SCLR_LUT        ; Created         ; Register Packing ; Timing optimization        ;           ;                ;                                                                                                  ;                  ;                       ;
; systolicArray:systolicArr|multiplierBlock:row_loop[1].col_loop[1].mb|aOut[5]                 ; Packed Register ; Register Packing ; Timing optimization        ; Q         ;                ; systolicArray:systolicArr|multiplierBlock:row_loop[1].col_loop[2].mb|Mult0~mac                   ; AY               ;                       ;
; systolicArray:systolicArr|multiplierBlock:row_loop[1].col_loop[1].mb|aOut[5]~SCLR_LUT        ; Created         ; Register Packing ; Timing optimization        ;           ;                ;                                                                                                  ;                  ;                       ;
; systolicArray:systolicArr|multiplierBlock:row_loop[1].col_loop[1].mb|bOut[0]                 ; Packed Register ; Register Packing ; Timing optimization        ; Q         ;                ; systolicArray:systolicArr|multiplierBlock:row_loop[2].col_loop[1].mb|Mult0~mac                   ; AX               ;                       ;
; systolicArray:systolicArr|multiplierBlock:row_loop[1].col_loop[1].mb|bOut[0]~SCLR_LUT        ; Created         ; Register Packing ; Timing optimization        ;           ;                ;                                                                                                  ;                  ;                       ;
; systolicArray:systolicArr|multiplierBlock:row_loop[1].col_loop[1].mb|bOut[1]                 ; Packed Register ; Register Packing ; Timing optimization        ; Q         ;                ; systolicArray:systolicArr|multiplierBlock:row_loop[2].col_loop[1].mb|Mult0~mac                   ; AX               ;                       ;
; systolicArray:systolicArr|multiplierBlock:row_loop[1].col_loop[1].mb|bOut[1]~SCLR_LUT        ; Created         ; Register Packing ; Timing optimization        ;           ;                ;                                                                                                  ;                  ;                       ;
; systolicArray:systolicArr|multiplierBlock:row_loop[1].col_loop[1].mb|bOut[2]                 ; Packed Register ; Register Packing ; Timing optimization        ; Q         ;                ; systolicArray:systolicArr|multiplierBlock:row_loop[2].col_loop[1].mb|Mult0~mac                   ; AX               ;                       ;
; systolicArray:systolicArr|multiplierBlock:row_loop[1].col_loop[1].mb|bOut[2]~SCLR_LUT        ; Created         ; Register Packing ; Timing optimization        ;           ;                ;                                                                                                  ;                  ;                       ;
; systolicArray:systolicArr|multiplierBlock:row_loop[1].col_loop[1].mb|bOut[3]                 ; Packed Register ; Register Packing ; Timing optimization        ; Q         ;                ; systolicArray:systolicArr|multiplierBlock:row_loop[2].col_loop[1].mb|Mult0~mac                   ; AX               ;                       ;
; systolicArray:systolicArr|multiplierBlock:row_loop[1].col_loop[1].mb|bOut[3]~SCLR_LUT        ; Created         ; Register Packing ; Timing optimization        ;           ;                ;                                                                                                  ;                  ;                       ;
; systolicArray:systolicArr|multiplierBlock:row_loop[1].col_loop[1].mb|bOut[4]                 ; Packed Register ; Register Packing ; Timing optimization        ; Q         ;                ; systolicArray:systolicArr|multiplierBlock:row_loop[2].col_loop[1].mb|Mult0~mac                   ; AX               ;                       ;
; systolicArray:systolicArr|multiplierBlock:row_loop[1].col_loop[1].mb|bOut[4]~SCLR_LUT        ; Created         ; Register Packing ; Timing optimization        ;           ;                ;                                                                                                  ;                  ;                       ;
; systolicArray:systolicArr|multiplierBlock:row_loop[1].col_loop[1].mb|bOut[5]                 ; Packed Register ; Register Packing ; Timing optimization        ; Q         ;                ; systolicArray:systolicArr|multiplierBlock:row_loop[2].col_loop[1].mb|Mult0~mac                   ; AX               ;                       ;
; systolicArray:systolicArr|multiplierBlock:row_loop[1].col_loop[1].mb|bOut[5]~SCLR_LUT        ; Created         ; Register Packing ; Timing optimization        ;           ;                ;                                                                                                  ;                  ;                       ;
; systolicArray:systolicArr|multiplierBlock:row_loop[1].col_loop[1].mb|partialSum[0]           ; Packed Register ; Register Packing ; Timing optimization        ; Q         ;                ; systolicArray:systolicArr|multiplierBlock:row_loop[1].col_loop[1].mb|Mult0~mac                   ; BY               ;                       ;
; systolicArray:systolicArr|multiplierBlock:row_loop[1].col_loop[1].mb|partialSum[0]           ; Duplicated      ; Register Packing ; Timing optimization        ; Q         ;                ; systolicArray:systolicArr|multiplierBlock:row_loop[1].col_loop[1].mb|partialSum[0]~_Duplicate_1  ; Q                ;                       ;
; systolicArray:systolicArr|multiplierBlock:row_loop[1].col_loop[1].mb|partialSum[0]~SCLR_LUT  ; Created         ; Register Packing ; Timing optimization        ;           ;                ;                                                                                                  ;                  ;                       ;
; systolicArray:systolicArr|multiplierBlock:row_loop[1].col_loop[1].mb|partialSum[1]           ; Packed Register ; Register Packing ; Timing optimization        ; Q         ;                ; systolicArray:systolicArr|multiplierBlock:row_loop[1].col_loop[1].mb|Mult0~mac                   ; BY               ;                       ;
; systolicArray:systolicArr|multiplierBlock:row_loop[1].col_loop[1].mb|partialSum[1]           ; Duplicated      ; Register Packing ; Timing optimization        ; Q         ;                ; systolicArray:systolicArr|multiplierBlock:row_loop[1].col_loop[1].mb|partialSum[1]~_Duplicate_1  ; Q                ;                       ;
; systolicArray:systolicArr|multiplierBlock:row_loop[1].col_loop[1].mb|partialSum[1]~SCLR_LUT  ; Created         ; Register Packing ; Timing optimization        ;           ;                ;                                                                                                  ;                  ;                       ;
; systolicArray:systolicArr|multiplierBlock:row_loop[1].col_loop[1].mb|partialSum[2]           ; Packed Register ; Register Packing ; Timing optimization        ; Q         ;                ; systolicArray:systolicArr|multiplierBlock:row_loop[1].col_loop[1].mb|Mult0~mac                   ; BY               ;                       ;
; systolicArray:systolicArr|multiplierBlock:row_loop[1].col_loop[1].mb|partialSum[2]           ; Duplicated      ; Register Packing ; Timing optimization        ; Q         ;                ; systolicArray:systolicArr|multiplierBlock:row_loop[1].col_loop[1].mb|partialSum[2]~_Duplicate_1  ; Q                ;                       ;
; systolicArray:systolicArr|multiplierBlock:row_loop[1].col_loop[1].mb|partialSum[2]~SCLR_LUT  ; Created         ; Register Packing ; Timing optimization        ;           ;                ;                                                                                                  ;                  ;                       ;
; systolicArray:systolicArr|multiplierBlock:row_loop[1].col_loop[1].mb|partialSum[3]           ; Packed Register ; Register Packing ; Timing optimization        ; Q         ;                ; systolicArray:systolicArr|multiplierBlock:row_loop[1].col_loop[1].mb|Mult0~mac                   ; BY               ;                       ;
; systolicArray:systolicArr|multiplierBlock:row_loop[1].col_loop[1].mb|partialSum[3]           ; Duplicated      ; Register Packing ; Timing optimization        ; Q         ;                ; systolicArray:systolicArr|multiplierBlock:row_loop[1].col_loop[1].mb|partialSum[3]~_Duplicate_1  ; Q                ;                       ;
; systolicArray:systolicArr|multiplierBlock:row_loop[1].col_loop[1].mb|partialSum[3]~SCLR_LUT  ; Created         ; Register Packing ; Timing optimization        ;           ;                ;                                                                                                  ;                  ;                       ;
; systolicArray:systolicArr|multiplierBlock:row_loop[1].col_loop[1].mb|partialSum[4]           ; Packed Register ; Register Packing ; Timing optimization        ; Q         ;                ; systolicArray:systolicArr|multiplierBlock:row_loop[1].col_loop[1].mb|Mult0~mac                   ; BY               ;                       ;
; systolicArray:systolicArr|multiplierBlock:row_loop[1].col_loop[1].mb|partialSum[4]           ; Duplicated      ; Register Packing ; Timing optimization        ; Q         ;                ; systolicArray:systolicArr|multiplierBlock:row_loop[1].col_loop[1].mb|partialSum[4]~_Duplicate_1  ; Q                ;                       ;
; systolicArray:systolicArr|multiplierBlock:row_loop[1].col_loop[1].mb|partialSum[4]~SCLR_LUT  ; Created         ; Register Packing ; Timing optimization        ;           ;                ;                                                                                                  ;                  ;                       ;
; systolicArray:systolicArr|multiplierBlock:row_loop[1].col_loop[1].mb|partialSum[5]           ; Packed Register ; Register Packing ; Timing optimization        ; Q         ;                ; systolicArray:systolicArr|multiplierBlock:row_loop[1].col_loop[1].mb|Mult0~mac                   ; BY               ;                       ;
; systolicArray:systolicArr|multiplierBlock:row_loop[1].col_loop[1].mb|partialSum[5]           ; Duplicated      ; Register Packing ; Timing optimization        ; Q         ;                ; systolicArray:systolicArr|multiplierBlock:row_loop[1].col_loop[1].mb|partialSum[5]~_Duplicate_1  ; Q                ;                       ;
; systolicArray:systolicArr|multiplierBlock:row_loop[1].col_loop[1].mb|partialSum[5]~SCLR_LUT  ; Created         ; Register Packing ; Timing optimization        ;           ;                ;                                                                                                  ;                  ;                       ;
; systolicArray:systolicArr|multiplierBlock:row_loop[1].col_loop[1].mb|partialSum[6]           ; Packed Register ; Register Packing ; Timing optimization        ; Q         ;                ; systolicArray:systolicArr|multiplierBlock:row_loop[1].col_loop[1].mb|Mult0~mac                   ; BY               ;                       ;
; systolicArray:systolicArr|multiplierBlock:row_loop[1].col_loop[1].mb|partialSum[6]           ; Duplicated      ; Register Packing ; Timing optimization        ; Q         ;                ; systolicArray:systolicArr|multiplierBlock:row_loop[1].col_loop[1].mb|partialSum[6]~_Duplicate_1  ; Q                ;                       ;
; systolicArray:systolicArr|multiplierBlock:row_loop[1].col_loop[1].mb|partialSum[6]~SCLR_LUT  ; Created         ; Register Packing ; Timing optimization        ;           ;                ;                                                                                                  ;                  ;                       ;
; systolicArray:systolicArr|multiplierBlock:row_loop[1].col_loop[1].mb|partialSum[7]           ; Packed Register ; Register Packing ; Timing optimization        ; Q         ;                ; systolicArray:systolicArr|multiplierBlock:row_loop[1].col_loop[1].mb|Mult0~mac                   ; BY               ;                       ;
; systolicArray:systolicArr|multiplierBlock:row_loop[1].col_loop[1].mb|partialSum[7]           ; Duplicated      ; Register Packing ; Timing optimization        ; Q         ;                ; systolicArray:systolicArr|multiplierBlock:row_loop[1].col_loop[1].mb|partialSum[7]~_Duplicate_1  ; Q                ;                       ;
; systolicArray:systolicArr|multiplierBlock:row_loop[1].col_loop[1].mb|partialSum[7]~SCLR_LUT  ; Created         ; Register Packing ; Timing optimization        ;           ;                ;                                                                                                  ;                  ;                       ;
; systolicArray:systolicArr|multiplierBlock:row_loop[1].col_loop[1].mb|partialSum[8]           ; Packed Register ; Register Packing ; Timing optimization        ; Q         ;                ; systolicArray:systolicArr|multiplierBlock:row_loop[1].col_loop[1].mb|Mult0~mac                   ; BY               ;                       ;
; systolicArray:systolicArr|multiplierBlock:row_loop[1].col_loop[1].mb|partialSum[8]           ; Duplicated      ; Register Packing ; Timing optimization        ; Q         ;                ; systolicArray:systolicArr|multiplierBlock:row_loop[1].col_loop[1].mb|partialSum[8]~_Duplicate_1  ; Q                ;                       ;
; systolicArray:systolicArr|multiplierBlock:row_loop[1].col_loop[1].mb|partialSum[8]~SCLR_LUT  ; Created         ; Register Packing ; Timing optimization        ;           ;                ;                                                                                                  ;                  ;                       ;
; systolicArray:systolicArr|multiplierBlock:row_loop[1].col_loop[1].mb|partialSum[9]           ; Packed Register ; Register Packing ; Timing optimization        ; Q         ;                ; systolicArray:systolicArr|multiplierBlock:row_loop[1].col_loop[1].mb|Mult0~mac                   ; BY               ;                       ;
; systolicArray:systolicArr|multiplierBlock:row_loop[1].col_loop[1].mb|partialSum[9]           ; Duplicated      ; Register Packing ; Timing optimization        ; Q         ;                ; systolicArray:systolicArr|multiplierBlock:row_loop[1].col_loop[1].mb|partialSum[9]~_Duplicate_1  ; Q                ;                       ;
; systolicArray:systolicArr|multiplierBlock:row_loop[1].col_loop[1].mb|partialSum[9]~SCLR_LUT  ; Created         ; Register Packing ; Timing optimization        ;           ;                ;                                                                                                  ;                  ;                       ;
; systolicArray:systolicArr|multiplierBlock:row_loop[1].col_loop[1].mb|partialSum[10]          ; Packed Register ; Register Packing ; Timing optimization        ; Q         ;                ; systolicArray:systolicArr|multiplierBlock:row_loop[1].col_loop[1].mb|Mult0~mac                   ; BY               ;                       ;
; systolicArray:systolicArr|multiplierBlock:row_loop[1].col_loop[1].mb|partialSum[10]          ; Duplicated      ; Register Packing ; Timing optimization        ; Q         ;                ; systolicArray:systolicArr|multiplierBlock:row_loop[1].col_loop[1].mb|partialSum[10]~_Duplicate_1 ; Q                ;                       ;
; systolicArray:systolicArr|multiplierBlock:row_loop[1].col_loop[1].mb|partialSum[10]~SCLR_LUT ; Created         ; Register Packing ; Timing optimization        ;           ;                ;                                                                                                  ;                  ;                       ;
; systolicArray:systolicArr|multiplierBlock:row_loop[1].col_loop[1].mb|partialSum[11]          ; Packed Register ; Register Packing ; Timing optimization        ; Q         ;                ; systolicArray:systolicArr|multiplierBlock:row_loop[1].col_loop[1].mb|Mult0~mac                   ; BY               ;                       ;
; systolicArray:systolicArr|multiplierBlock:row_loop[1].col_loop[1].mb|partialSum[11]          ; Duplicated      ; Register Packing ; Timing optimization        ; Q         ;                ; systolicArray:systolicArr|multiplierBlock:row_loop[1].col_loop[1].mb|partialSum[11]~_Duplicate_1 ; Q                ;                       ;
; systolicArray:systolicArr|multiplierBlock:row_loop[1].col_loop[1].mb|partialSum[11]~SCLR_LUT ; Created         ; Register Packing ; Timing optimization        ;           ;                ;                                                                                                  ;                  ;                       ;
; systolicArray:systolicArr|multiplierBlock:row_loop[1].col_loop[1].mb|partialSum[12]          ; Packed Register ; Register Packing ; Timing optimization        ; Q         ;                ; systolicArray:systolicArr|multiplierBlock:row_loop[1].col_loop[1].mb|Mult0~mac                   ; BY               ;                       ;
; systolicArray:systolicArr|multiplierBlock:row_loop[1].col_loop[1].mb|partialSum[12]~SCLR_LUT ; Created         ; Register Packing ; Timing optimization        ;           ;                ;                                                                                                  ;                  ;                       ;
; systolicArray:systolicArr|multiplierBlock:row_loop[1].col_loop[1].mb|partialSum[13]          ; Packed Register ; Register Packing ; Timing optimization        ; Q         ;                ; systolicArray:systolicArr|multiplierBlock:row_loop[1].col_loop[1].mb|Mult0~mac                   ; BY               ;                       ;
; systolicArray:systolicArr|multiplierBlock:row_loop[1].col_loop[1].mb|partialSum[13]~SCLR_LUT ; Created         ; Register Packing ; Timing optimization        ;           ;                ;                                                                                                  ;                  ;                       ;
; systolicArray:systolicArr|multiplierBlock:row_loop[1].col_loop[1].mb|partialSum[14]          ; Packed Register ; Register Packing ; Timing optimization        ; Q         ;                ; systolicArray:systolicArr|multiplierBlock:row_loop[1].col_loop[1].mb|Mult0~mac                   ; BY               ;                       ;
; systolicArray:systolicArr|multiplierBlock:row_loop[1].col_loop[1].mb|partialSum[14]~SCLR_LUT ; Created         ; Register Packing ; Timing optimization        ;           ;                ;                                                                                                  ;                  ;                       ;
; systolicArray:systolicArr|multiplierBlock:row_loop[1].col_loop[1].mb|partialSum[15]          ; Packed Register ; Register Packing ; Timing optimization        ; Q         ;                ; systolicArray:systolicArr|multiplierBlock:row_loop[1].col_loop[1].mb|Mult0~mac                   ; BY               ;                       ;
; systolicArray:systolicArr|multiplierBlock:row_loop[1].col_loop[1].mb|partialSum[15]~SCLR_LUT ; Created         ; Register Packing ; Timing optimization        ;           ;                ;                                                                                                  ;                  ;                       ;
; systolicArray:systolicArr|multiplierBlock:row_loop[1].col_loop[1].mb|partialSum[16]          ; Packed Register ; Register Packing ; Timing optimization        ; Q         ;                ; systolicArray:systolicArr|multiplierBlock:row_loop[1].col_loop[1].mb|Mult0~mac                   ; BY               ;                       ;
; systolicArray:systolicArr|multiplierBlock:row_loop[1].col_loop[1].mb|partialSum[16]~SCLR_LUT ; Created         ; Register Packing ; Timing optimization        ;           ;                ;                                                                                                  ;                  ;                       ;
; systolicArray:systolicArr|multiplierBlock:row_loop[1].col_loop[1].mb|partialSum[17]          ; Packed Register ; Register Packing ; Timing optimization        ; Q         ;                ; systolicArray:systolicArr|multiplierBlock:row_loop[1].col_loop[1].mb|Mult0~mac                   ; BY               ;                       ;
; systolicArray:systolicArr|multiplierBlock:row_loop[1].col_loop[1].mb|partialSum[17]~SCLR_LUT ; Created         ; Register Packing ; Timing optimization        ;           ;                ;                                                                                                  ;                  ;                       ;
; systolicArray:systolicArr|multiplierBlock:row_loop[1].col_loop[1].mb|partialSum[18]          ; Packed Register ; Register Packing ; Timing optimization        ; Q         ;                ; systolicArray:systolicArr|multiplierBlock:row_loop[1].col_loop[1].mb|Mult0~mac                   ; BX               ;                       ;
; systolicArray:systolicArr|multiplierBlock:row_loop[1].col_loop[1].mb|partialSum[18]~SCLR_LUT ; Created         ; Register Packing ; Timing optimization        ;           ;                ;                                                                                                  ;                  ;                       ;
; systolicArray:systolicArr|multiplierBlock:row_loop[1].col_loop[1].mb|partialSum[19]          ; Packed Register ; Register Packing ; Timing optimization        ; Q         ;                ; systolicArray:systolicArr|multiplierBlock:row_loop[1].col_loop[1].mb|Mult0~mac                   ; BX               ;                       ;
; systolicArray:systolicArr|multiplierBlock:row_loop[1].col_loop[1].mb|partialSum[19]~SCLR_LUT ; Created         ; Register Packing ; Timing optimization        ;           ;                ;                                                                                                  ;                  ;                       ;
; systolicArray:systolicArr|multiplierBlock:row_loop[1].col_loop[1].mb|partialSum[20]          ; Packed Register ; Register Packing ; Timing optimization        ; Q         ;                ; systolicArray:systolicArr|multiplierBlock:row_loop[1].col_loop[1].mb|Mult0~mac                   ; BX               ;                       ;
; systolicArray:systolicArr|multiplierBlock:row_loop[1].col_loop[1].mb|partialSum[20]~SCLR_LUT ; Created         ; Register Packing ; Timing optimization        ;           ;                ;                                                                                                  ;                  ;                       ;
; systolicArray:systolicArr|multiplierBlock:row_loop[1].col_loop[1].mb|partialSum[21]          ; Packed Register ; Register Packing ; Timing optimization        ; Q         ;                ; systolicArray:systolicArr|multiplierBlock:row_loop[1].col_loop[1].mb|Mult0~mac                   ; BX               ;                       ;
; systolicArray:systolicArr|multiplierBlock:row_loop[1].col_loop[1].mb|partialSum[21]~SCLR_LUT ; Created         ; Register Packing ; Timing optimization        ;           ;                ;                                                                                                  ;                  ;                       ;
; systolicArray:systolicArr|multiplierBlock:row_loop[1].col_loop[1].mb|partialSum[22]          ; Packed Register ; Register Packing ; Timing optimization        ; Q         ;                ; systolicArray:systolicArr|multiplierBlock:row_loop[1].col_loop[1].mb|Mult0~mac                   ; BX               ;                       ;
; systolicArray:systolicArr|multiplierBlock:row_loop[1].col_loop[1].mb|partialSum[22]~SCLR_LUT ; Created         ; Register Packing ; Timing optimization        ;           ;                ;                                                                                                  ;                  ;                       ;
; systolicArray:systolicArr|multiplierBlock:row_loop[1].col_loop[1].mb|partialSum[23]          ; Packed Register ; Register Packing ; Timing optimization        ; Q         ;                ; systolicArray:systolicArr|multiplierBlock:row_loop[1].col_loop[1].mb|Mult0~mac                   ; BX               ;                       ;
; systolicArray:systolicArr|multiplierBlock:row_loop[1].col_loop[1].mb|partialSum[23]~SCLR_LUT ; Created         ; Register Packing ; Timing optimization        ;           ;                ;                                                                                                  ;                  ;                       ;
; systolicArray:systolicArr|multiplierBlock:row_loop[1].col_loop[1].mb|partialSum[24]          ; Packed Register ; Register Packing ; Timing optimization        ; Q         ;                ; systolicArray:systolicArr|multiplierBlock:row_loop[1].col_loop[1].mb|Mult0~mac                   ; BX               ;                       ;
; systolicArray:systolicArr|multiplierBlock:row_loop[1].col_loop[1].mb|partialSum[24]~SCLR_LUT ; Created         ; Register Packing ; Timing optimization        ;           ;                ;                                                                                                  ;                  ;                       ;
; systolicArray:systolicArr|multiplierBlock:row_loop[1].col_loop[1].mb|partialSum[25]          ; Packed Register ; Register Packing ; Timing optimization        ; Q         ;                ; systolicArray:systolicArr|multiplierBlock:row_loop[1].col_loop[1].mb|Mult0~mac                   ; BX               ;                       ;
; systolicArray:systolicArr|multiplierBlock:row_loop[1].col_loop[1].mb|partialSum[25]~SCLR_LUT ; Created         ; Register Packing ; Timing optimization        ;           ;                ;                                                                                                  ;                  ;                       ;
; systolicArray:systolicArr|multiplierBlock:row_loop[1].col_loop[1].mb|partialSum[26]          ; Packed Register ; Register Packing ; Timing optimization        ; Q         ;                ; systolicArray:systolicArr|multiplierBlock:row_loop[1].col_loop[1].mb|Mult0~mac                   ; BX               ;                       ;
; systolicArray:systolicArr|multiplierBlock:row_loop[1].col_loop[1].mb|partialSum[26]~SCLR_LUT ; Created         ; Register Packing ; Timing optimization        ;           ;                ;                                                                                                  ;                  ;                       ;
; systolicArray:systolicArr|multiplierBlock:row_loop[1].col_loop[1].mb|partialSum[27]          ; Packed Register ; Register Packing ; Timing optimization        ; Q         ;                ; systolicArray:systolicArr|multiplierBlock:row_loop[1].col_loop[1].mb|Mult0~mac                   ; BX               ;                       ;
; systolicArray:systolicArr|multiplierBlock:row_loop[1].col_loop[1].mb|partialSum[27]~SCLR_LUT ; Created         ; Register Packing ; Timing optimization        ;           ;                ;                                                                                                  ;                  ;                       ;
; systolicArray:systolicArr|multiplierBlock:row_loop[1].col_loop[1].mb|partialSum[28]          ; Packed Register ; Register Packing ; Timing optimization        ; Q         ;                ; systolicArray:systolicArr|multiplierBlock:row_loop[1].col_loop[1].mb|Mult0~mac                   ; BX               ;                       ;
; systolicArray:systolicArr|multiplierBlock:row_loop[1].col_loop[1].mb|partialSum[28]~SCLR_LUT ; Created         ; Register Packing ; Timing optimization        ;           ;                ;                                                                                                  ;                  ;                       ;
; systolicArray:systolicArr|multiplierBlock:row_loop[1].col_loop[1].mb|partialSum[29]          ; Packed Register ; Register Packing ; Timing optimization        ; Q         ;                ; systolicArray:systolicArr|multiplierBlock:row_loop[1].col_loop[1].mb|Mult0~mac                   ; BX               ;                       ;
; systolicArray:systolicArr|multiplierBlock:row_loop[1].col_loop[1].mb|partialSum[29]~SCLR_LUT ; Created         ; Register Packing ; Timing optimization        ;           ;                ;                                                                                                  ;                  ;                       ;
; systolicArray:systolicArr|multiplierBlock:row_loop[1].col_loop[1].mb|partialSum[30]          ; Packed Register ; Register Packing ; Timing optimization        ; Q         ;                ; systolicArray:systolicArr|multiplierBlock:row_loop[1].col_loop[1].mb|Mult0~mac                   ; BX               ;                       ;
; systolicArray:systolicArr|multiplierBlock:row_loop[1].col_loop[1].mb|partialSum[30]~SCLR_LUT ; Created         ; Register Packing ; Timing optimization        ;           ;                ;                                                                                                  ;                  ;                       ;
; systolicArray:systolicArr|multiplierBlock:row_loop[1].col_loop[1].mb|partialSum[31]          ; Packed Register ; Register Packing ; Timing optimization        ; Q         ;                ; systolicArray:systolicArr|multiplierBlock:row_loop[1].col_loop[1].mb|Mult0~mac                   ; BX               ;                       ;
; systolicArray:systolicArr|multiplierBlock:row_loop[1].col_loop[1].mb|partialSum[31]~SCLR_LUT ; Created         ; Register Packing ; Timing optimization        ;           ;                ;                                                                                                  ;                  ;                       ;
; systolicArray:systolicArr|multiplierBlock:row_loop[1].col_loop[2].mb|bOut[0]                 ; Packed Register ; Register Packing ; Timing optimization        ; Q         ;                ; systolicArray:systolicArr|multiplierBlock:row_loop[2].col_loop[2].mb|Mult0~mac                   ; AX               ;                       ;
; systolicArray:systolicArr|multiplierBlock:row_loop[1].col_loop[2].mb|bOut[0]~SCLR_LUT        ; Created         ; Register Packing ; Timing optimization        ;           ;                ;                                                                                                  ;                  ;                       ;
; systolicArray:systolicArr|multiplierBlock:row_loop[1].col_loop[2].mb|bOut[1]                 ; Packed Register ; Register Packing ; Timing optimization        ; Q         ;                ; systolicArray:systolicArr|multiplierBlock:row_loop[2].col_loop[2].mb|Mult0~mac                   ; AX               ;                       ;
; systolicArray:systolicArr|multiplierBlock:row_loop[1].col_loop[2].mb|bOut[1]~SCLR_LUT        ; Created         ; Register Packing ; Timing optimization        ;           ;                ;                                                                                                  ;                  ;                       ;
; systolicArray:systolicArr|multiplierBlock:row_loop[1].col_loop[2].mb|bOut[2]                 ; Packed Register ; Register Packing ; Timing optimization        ; Q         ;                ; systolicArray:systolicArr|multiplierBlock:row_loop[2].col_loop[2].mb|Mult0~mac                   ; AX               ;                       ;
; systolicArray:systolicArr|multiplierBlock:row_loop[1].col_loop[2].mb|bOut[2]~SCLR_LUT        ; Created         ; Register Packing ; Timing optimization        ;           ;                ;                                                                                                  ;                  ;                       ;
; systolicArray:systolicArr|multiplierBlock:row_loop[1].col_loop[2].mb|bOut[3]                 ; Packed Register ; Register Packing ; Timing optimization        ; Q         ;                ; systolicArray:systolicArr|multiplierBlock:row_loop[2].col_loop[2].mb|Mult0~mac                   ; AX               ;                       ;
; systolicArray:systolicArr|multiplierBlock:row_loop[1].col_loop[2].mb|bOut[3]~SCLR_LUT        ; Created         ; Register Packing ; Timing optimization        ;           ;                ;                                                                                                  ;                  ;                       ;
; systolicArray:systolicArr|multiplierBlock:row_loop[1].col_loop[2].mb|bOut[4]                 ; Packed Register ; Register Packing ; Timing optimization        ; Q         ;                ; systolicArray:systolicArr|multiplierBlock:row_loop[2].col_loop[2].mb|Mult0~mac                   ; AX               ;                       ;
; systolicArray:systolicArr|multiplierBlock:row_loop[1].col_loop[2].mb|bOut[4]~SCLR_LUT        ; Created         ; Register Packing ; Timing optimization        ;           ;                ;                                                                                                  ;                  ;                       ;
; systolicArray:systolicArr|multiplierBlock:row_loop[1].col_loop[2].mb|bOut[5]                 ; Packed Register ; Register Packing ; Timing optimization        ; Q         ;                ; systolicArray:systolicArr|multiplierBlock:row_loop[2].col_loop[2].mb|Mult0~mac                   ; AX               ;                       ;
; systolicArray:systolicArr|multiplierBlock:row_loop[1].col_loop[2].mb|bOut[5]~SCLR_LUT        ; Created         ; Register Packing ; Timing optimization        ;           ;                ;                                                                                                  ;                  ;                       ;
; systolicArray:systolicArr|multiplierBlock:row_loop[1].col_loop[2].mb|partialSum[0]           ; Packed Register ; Register Packing ; Timing optimization        ; Q         ;                ; systolicArray:systolicArr|multiplierBlock:row_loop[1].col_loop[2].mb|Mult0~mac                   ; BY               ;                       ;
; systolicArray:systolicArr|multiplierBlock:row_loop[1].col_loop[2].mb|partialSum[0]           ; Duplicated      ; Register Packing ; Timing optimization        ; Q         ;                ; systolicArray:systolicArr|multiplierBlock:row_loop[1].col_loop[2].mb|partialSum[0]~_Duplicate_1  ; Q                ;                       ;
; systolicArray:systolicArr|multiplierBlock:row_loop[1].col_loop[2].mb|partialSum[0]~SCLR_LUT  ; Created         ; Register Packing ; Timing optimization        ;           ;                ;                                                                                                  ;                  ;                       ;
; systolicArray:systolicArr|multiplierBlock:row_loop[1].col_loop[2].mb|partialSum[1]           ; Packed Register ; Register Packing ; Timing optimization        ; Q         ;                ; systolicArray:systolicArr|multiplierBlock:row_loop[1].col_loop[2].mb|Mult0~mac                   ; BY               ;                       ;
; systolicArray:systolicArr|multiplierBlock:row_loop[1].col_loop[2].mb|partialSum[1]           ; Duplicated      ; Register Packing ; Timing optimization        ; Q         ;                ; systolicArray:systolicArr|multiplierBlock:row_loop[1].col_loop[2].mb|partialSum[1]~_Duplicate_1  ; Q                ;                       ;
; systolicArray:systolicArr|multiplierBlock:row_loop[1].col_loop[2].mb|partialSum[1]~SCLR_LUT  ; Created         ; Register Packing ; Timing optimization        ;           ;                ;                                                                                                  ;                  ;                       ;
; systolicArray:systolicArr|multiplierBlock:row_loop[1].col_loop[2].mb|partialSum[2]           ; Packed Register ; Register Packing ; Timing optimization        ; Q         ;                ; systolicArray:systolicArr|multiplierBlock:row_loop[1].col_loop[2].mb|Mult0~mac                   ; BY               ;                       ;
; systolicArray:systolicArr|multiplierBlock:row_loop[1].col_loop[2].mb|partialSum[2]           ; Duplicated      ; Register Packing ; Timing optimization        ; Q         ;                ; systolicArray:systolicArr|multiplierBlock:row_loop[1].col_loop[2].mb|partialSum[2]~_Duplicate_1  ; Q                ;                       ;
; systolicArray:systolicArr|multiplierBlock:row_loop[1].col_loop[2].mb|partialSum[2]~SCLR_LUT  ; Created         ; Register Packing ; Timing optimization        ;           ;                ;                                                                                                  ;                  ;                       ;
; systolicArray:systolicArr|multiplierBlock:row_loop[1].col_loop[2].mb|partialSum[3]           ; Packed Register ; Register Packing ; Timing optimization        ; Q         ;                ; systolicArray:systolicArr|multiplierBlock:row_loop[1].col_loop[2].mb|Mult0~mac                   ; BY               ;                       ;
; systolicArray:systolicArr|multiplierBlock:row_loop[1].col_loop[2].mb|partialSum[3]           ; Duplicated      ; Register Packing ; Timing optimization        ; Q         ;                ; systolicArray:systolicArr|multiplierBlock:row_loop[1].col_loop[2].mb|partialSum[3]~_Duplicate_1  ; Q                ;                       ;
; systolicArray:systolicArr|multiplierBlock:row_loop[1].col_loop[2].mb|partialSum[3]~SCLR_LUT  ; Created         ; Register Packing ; Timing optimization        ;           ;                ;                                                                                                  ;                  ;                       ;
; systolicArray:systolicArr|multiplierBlock:row_loop[1].col_loop[2].mb|partialSum[4]           ; Packed Register ; Register Packing ; Timing optimization        ; Q         ;                ; systolicArray:systolicArr|multiplierBlock:row_loop[1].col_loop[2].mb|Mult0~mac                   ; BY               ;                       ;
; systolicArray:systolicArr|multiplierBlock:row_loop[1].col_loop[2].mb|partialSum[4]           ; Duplicated      ; Register Packing ; Timing optimization        ; Q         ;                ; systolicArray:systolicArr|multiplierBlock:row_loop[1].col_loop[2].mb|partialSum[4]~_Duplicate_1  ; Q                ;                       ;
; systolicArray:systolicArr|multiplierBlock:row_loop[1].col_loop[2].mb|partialSum[4]~SCLR_LUT  ; Created         ; Register Packing ; Timing optimization        ;           ;                ;                                                                                                  ;                  ;                       ;
; systolicArray:systolicArr|multiplierBlock:row_loop[1].col_loop[2].mb|partialSum[5]           ; Packed Register ; Register Packing ; Timing optimization        ; Q         ;                ; systolicArray:systolicArr|multiplierBlock:row_loop[1].col_loop[2].mb|Mult0~mac                   ; BY               ;                       ;
; systolicArray:systolicArr|multiplierBlock:row_loop[1].col_loop[2].mb|partialSum[5]           ; Duplicated      ; Register Packing ; Timing optimization        ; Q         ;                ; systolicArray:systolicArr|multiplierBlock:row_loop[1].col_loop[2].mb|partialSum[5]~_Duplicate_1  ; Q                ;                       ;
; systolicArray:systolicArr|multiplierBlock:row_loop[1].col_loop[2].mb|partialSum[5]~SCLR_LUT  ; Created         ; Register Packing ; Timing optimization        ;           ;                ;                                                                                                  ;                  ;                       ;
; systolicArray:systolicArr|multiplierBlock:row_loop[1].col_loop[2].mb|partialSum[6]           ; Packed Register ; Register Packing ; Timing optimization        ; Q         ;                ; systolicArray:systolicArr|multiplierBlock:row_loop[1].col_loop[2].mb|Mult0~mac                   ; BY               ;                       ;
; systolicArray:systolicArr|multiplierBlock:row_loop[1].col_loop[2].mb|partialSum[6]           ; Duplicated      ; Register Packing ; Timing optimization        ; Q         ;                ; systolicArray:systolicArr|multiplierBlock:row_loop[1].col_loop[2].mb|partialSum[6]~_Duplicate_1  ; Q                ;                       ;
; systolicArray:systolicArr|multiplierBlock:row_loop[1].col_loop[2].mb|partialSum[6]~SCLR_LUT  ; Created         ; Register Packing ; Timing optimization        ;           ;                ;                                                                                                  ;                  ;                       ;
; systolicArray:systolicArr|multiplierBlock:row_loop[1].col_loop[2].mb|partialSum[7]           ; Packed Register ; Register Packing ; Timing optimization        ; Q         ;                ; systolicArray:systolicArr|multiplierBlock:row_loop[1].col_loop[2].mb|Mult0~mac                   ; BY               ;                       ;
; systolicArray:systolicArr|multiplierBlock:row_loop[1].col_loop[2].mb|partialSum[7]           ; Duplicated      ; Register Packing ; Timing optimization        ; Q         ;                ; systolicArray:systolicArr|multiplierBlock:row_loop[1].col_loop[2].mb|partialSum[7]~_Duplicate_1  ; Q                ;                       ;
; systolicArray:systolicArr|multiplierBlock:row_loop[1].col_loop[2].mb|partialSum[7]~SCLR_LUT  ; Created         ; Register Packing ; Timing optimization        ;           ;                ;                                                                                                  ;                  ;                       ;
; systolicArray:systolicArr|multiplierBlock:row_loop[1].col_loop[2].mb|partialSum[8]           ; Packed Register ; Register Packing ; Timing optimization        ; Q         ;                ; systolicArray:systolicArr|multiplierBlock:row_loop[1].col_loop[2].mb|Mult0~mac                   ; BY               ;                       ;
; systolicArray:systolicArr|multiplierBlock:row_loop[1].col_loop[2].mb|partialSum[8]           ; Duplicated      ; Register Packing ; Timing optimization        ; Q         ;                ; systolicArray:systolicArr|multiplierBlock:row_loop[1].col_loop[2].mb|partialSum[8]~_Duplicate_1  ; Q                ;                       ;
; systolicArray:systolicArr|multiplierBlock:row_loop[1].col_loop[2].mb|partialSum[8]~SCLR_LUT  ; Created         ; Register Packing ; Timing optimization        ;           ;                ;                                                                                                  ;                  ;                       ;
; systolicArray:systolicArr|multiplierBlock:row_loop[1].col_loop[2].mb|partialSum[9]           ; Packed Register ; Register Packing ; Timing optimization        ; Q         ;                ; systolicArray:systolicArr|multiplierBlock:row_loop[1].col_loop[2].mb|Mult0~mac                   ; BY               ;                       ;
; systolicArray:systolicArr|multiplierBlock:row_loop[1].col_loop[2].mb|partialSum[9]           ; Duplicated      ; Register Packing ; Timing optimization        ; Q         ;                ; systolicArray:systolicArr|multiplierBlock:row_loop[1].col_loop[2].mb|partialSum[9]~_Duplicate_1  ; Q                ;                       ;
; systolicArray:systolicArr|multiplierBlock:row_loop[1].col_loop[2].mb|partialSum[9]~SCLR_LUT  ; Created         ; Register Packing ; Timing optimization        ;           ;                ;                                                                                                  ;                  ;                       ;
; systolicArray:systolicArr|multiplierBlock:row_loop[1].col_loop[2].mb|partialSum[10]          ; Packed Register ; Register Packing ; Timing optimization        ; Q         ;                ; systolicArray:systolicArr|multiplierBlock:row_loop[1].col_loop[2].mb|Mult0~mac                   ; BY               ;                       ;
; systolicArray:systolicArr|multiplierBlock:row_loop[1].col_loop[2].mb|partialSum[10]          ; Duplicated      ; Register Packing ; Timing optimization        ; Q         ;                ; systolicArray:systolicArr|multiplierBlock:row_loop[1].col_loop[2].mb|partialSum[10]~_Duplicate_1 ; Q                ;                       ;
; systolicArray:systolicArr|multiplierBlock:row_loop[1].col_loop[2].mb|partialSum[10]~SCLR_LUT ; Created         ; Register Packing ; Timing optimization        ;           ;                ;                                                                                                  ;                  ;                       ;
; systolicArray:systolicArr|multiplierBlock:row_loop[1].col_loop[2].mb|partialSum[11]          ; Packed Register ; Register Packing ; Timing optimization        ; Q         ;                ; systolicArray:systolicArr|multiplierBlock:row_loop[1].col_loop[2].mb|Mult0~mac                   ; BY               ;                       ;
; systolicArray:systolicArr|multiplierBlock:row_loop[1].col_loop[2].mb|partialSum[11]          ; Duplicated      ; Register Packing ; Timing optimization        ; Q         ;                ; systolicArray:systolicArr|multiplierBlock:row_loop[1].col_loop[2].mb|partialSum[11]~_Duplicate_1 ; Q                ;                       ;
; systolicArray:systolicArr|multiplierBlock:row_loop[1].col_loop[2].mb|partialSum[11]~SCLR_LUT ; Created         ; Register Packing ; Timing optimization        ;           ;                ;                                                                                                  ;                  ;                       ;
; systolicArray:systolicArr|multiplierBlock:row_loop[1].col_loop[2].mb|partialSum[12]          ; Packed Register ; Register Packing ; Timing optimization        ; Q         ;                ; systolicArray:systolicArr|multiplierBlock:row_loop[1].col_loop[2].mb|Mult0~mac                   ; BY               ;                       ;
; systolicArray:systolicArr|multiplierBlock:row_loop[1].col_loop[2].mb|partialSum[12]~SCLR_LUT ; Created         ; Register Packing ; Timing optimization        ;           ;                ;                                                                                                  ;                  ;                       ;
; systolicArray:systolicArr|multiplierBlock:row_loop[1].col_loop[2].mb|partialSum[13]          ; Packed Register ; Register Packing ; Timing optimization        ; Q         ;                ; systolicArray:systolicArr|multiplierBlock:row_loop[1].col_loop[2].mb|Mult0~mac                   ; BY               ;                       ;
; systolicArray:systolicArr|multiplierBlock:row_loop[1].col_loop[2].mb|partialSum[13]~SCLR_LUT ; Created         ; Register Packing ; Timing optimization        ;           ;                ;                                                                                                  ;                  ;                       ;
; systolicArray:systolicArr|multiplierBlock:row_loop[1].col_loop[2].mb|partialSum[14]          ; Packed Register ; Register Packing ; Timing optimization        ; Q         ;                ; systolicArray:systolicArr|multiplierBlock:row_loop[1].col_loop[2].mb|Mult0~mac                   ; BY               ;                       ;
; systolicArray:systolicArr|multiplierBlock:row_loop[1].col_loop[2].mb|partialSum[14]~SCLR_LUT ; Created         ; Register Packing ; Timing optimization        ;           ;                ;                                                                                                  ;                  ;                       ;
; systolicArray:systolicArr|multiplierBlock:row_loop[1].col_loop[2].mb|partialSum[15]          ; Packed Register ; Register Packing ; Timing optimization        ; Q         ;                ; systolicArray:systolicArr|multiplierBlock:row_loop[1].col_loop[2].mb|Mult0~mac                   ; BY               ;                       ;
; systolicArray:systolicArr|multiplierBlock:row_loop[1].col_loop[2].mb|partialSum[15]~SCLR_LUT ; Created         ; Register Packing ; Timing optimization        ;           ;                ;                                                                                                  ;                  ;                       ;
; systolicArray:systolicArr|multiplierBlock:row_loop[1].col_loop[2].mb|partialSum[16]          ; Packed Register ; Register Packing ; Timing optimization        ; Q         ;                ; systolicArray:systolicArr|multiplierBlock:row_loop[1].col_loop[2].mb|Mult0~mac                   ; BY               ;                       ;
; systolicArray:systolicArr|multiplierBlock:row_loop[1].col_loop[2].mb|partialSum[16]~SCLR_LUT ; Created         ; Register Packing ; Timing optimization        ;           ;                ;                                                                                                  ;                  ;                       ;
; systolicArray:systolicArr|multiplierBlock:row_loop[1].col_loop[2].mb|partialSum[17]          ; Packed Register ; Register Packing ; Timing optimization        ; Q         ;                ; systolicArray:systolicArr|multiplierBlock:row_loop[1].col_loop[2].mb|Mult0~mac                   ; BY               ;                       ;
; systolicArray:systolicArr|multiplierBlock:row_loop[1].col_loop[2].mb|partialSum[17]~SCLR_LUT ; Created         ; Register Packing ; Timing optimization        ;           ;                ;                                                                                                  ;                  ;                       ;
; systolicArray:systolicArr|multiplierBlock:row_loop[1].col_loop[2].mb|partialSum[18]          ; Packed Register ; Register Packing ; Timing optimization        ; Q         ;                ; systolicArray:systolicArr|multiplierBlock:row_loop[1].col_loop[2].mb|Mult0~mac                   ; BX               ;                       ;
; systolicArray:systolicArr|multiplierBlock:row_loop[1].col_loop[2].mb|partialSum[18]~SCLR_LUT ; Created         ; Register Packing ; Timing optimization        ;           ;                ;                                                                                                  ;                  ;                       ;
; systolicArray:systolicArr|multiplierBlock:row_loop[1].col_loop[2].mb|partialSum[19]          ; Packed Register ; Register Packing ; Timing optimization        ; Q         ;                ; systolicArray:systolicArr|multiplierBlock:row_loop[1].col_loop[2].mb|Mult0~mac                   ; BX               ;                       ;
; systolicArray:systolicArr|multiplierBlock:row_loop[1].col_loop[2].mb|partialSum[19]~SCLR_LUT ; Created         ; Register Packing ; Timing optimization        ;           ;                ;                                                                                                  ;                  ;                       ;
; systolicArray:systolicArr|multiplierBlock:row_loop[1].col_loop[2].mb|partialSum[20]          ; Packed Register ; Register Packing ; Timing optimization        ; Q         ;                ; systolicArray:systolicArr|multiplierBlock:row_loop[1].col_loop[2].mb|Mult0~mac                   ; BX               ;                       ;
; systolicArray:systolicArr|multiplierBlock:row_loop[1].col_loop[2].mb|partialSum[20]~SCLR_LUT ; Created         ; Register Packing ; Timing optimization        ;           ;                ;                                                                                                  ;                  ;                       ;
; systolicArray:systolicArr|multiplierBlock:row_loop[1].col_loop[2].mb|partialSum[21]          ; Packed Register ; Register Packing ; Timing optimization        ; Q         ;                ; systolicArray:systolicArr|multiplierBlock:row_loop[1].col_loop[2].mb|Mult0~mac                   ; BX               ;                       ;
; systolicArray:systolicArr|multiplierBlock:row_loop[1].col_loop[2].mb|partialSum[21]~SCLR_LUT ; Created         ; Register Packing ; Timing optimization        ;           ;                ;                                                                                                  ;                  ;                       ;
; systolicArray:systolicArr|multiplierBlock:row_loop[1].col_loop[2].mb|partialSum[22]          ; Packed Register ; Register Packing ; Timing optimization        ; Q         ;                ; systolicArray:systolicArr|multiplierBlock:row_loop[1].col_loop[2].mb|Mult0~mac                   ; BX               ;                       ;
; systolicArray:systolicArr|multiplierBlock:row_loop[1].col_loop[2].mb|partialSum[22]~SCLR_LUT ; Created         ; Register Packing ; Timing optimization        ;           ;                ;                                                                                                  ;                  ;                       ;
; systolicArray:systolicArr|multiplierBlock:row_loop[1].col_loop[2].mb|partialSum[23]          ; Packed Register ; Register Packing ; Timing optimization        ; Q         ;                ; systolicArray:systolicArr|multiplierBlock:row_loop[1].col_loop[2].mb|Mult0~mac                   ; BX               ;                       ;
; systolicArray:systolicArr|multiplierBlock:row_loop[1].col_loop[2].mb|partialSum[23]~SCLR_LUT ; Created         ; Register Packing ; Timing optimization        ;           ;                ;                                                                                                  ;                  ;                       ;
; systolicArray:systolicArr|multiplierBlock:row_loop[1].col_loop[2].mb|partialSum[24]          ; Packed Register ; Register Packing ; Timing optimization        ; Q         ;                ; systolicArray:systolicArr|multiplierBlock:row_loop[1].col_loop[2].mb|Mult0~mac                   ; BX               ;                       ;
; systolicArray:systolicArr|multiplierBlock:row_loop[1].col_loop[2].mb|partialSum[24]~SCLR_LUT ; Created         ; Register Packing ; Timing optimization        ;           ;                ;                                                                                                  ;                  ;                       ;
; systolicArray:systolicArr|multiplierBlock:row_loop[1].col_loop[2].mb|partialSum[25]          ; Packed Register ; Register Packing ; Timing optimization        ; Q         ;                ; systolicArray:systolicArr|multiplierBlock:row_loop[1].col_loop[2].mb|Mult0~mac                   ; BX               ;                       ;
; systolicArray:systolicArr|multiplierBlock:row_loop[1].col_loop[2].mb|partialSum[25]~SCLR_LUT ; Created         ; Register Packing ; Timing optimization        ;           ;                ;                                                                                                  ;                  ;                       ;
; systolicArray:systolicArr|multiplierBlock:row_loop[1].col_loop[2].mb|partialSum[26]          ; Packed Register ; Register Packing ; Timing optimization        ; Q         ;                ; systolicArray:systolicArr|multiplierBlock:row_loop[1].col_loop[2].mb|Mult0~mac                   ; BX               ;                       ;
; systolicArray:systolicArr|multiplierBlock:row_loop[1].col_loop[2].mb|partialSum[26]~SCLR_LUT ; Created         ; Register Packing ; Timing optimization        ;           ;                ;                                                                                                  ;                  ;                       ;
; systolicArray:systolicArr|multiplierBlock:row_loop[1].col_loop[2].mb|partialSum[27]          ; Packed Register ; Register Packing ; Timing optimization        ; Q         ;                ; systolicArray:systolicArr|multiplierBlock:row_loop[1].col_loop[2].mb|Mult0~mac                   ; BX               ;                       ;
; systolicArray:systolicArr|multiplierBlock:row_loop[1].col_loop[2].mb|partialSum[27]~SCLR_LUT ; Created         ; Register Packing ; Timing optimization        ;           ;                ;                                                                                                  ;                  ;                       ;
; systolicArray:systolicArr|multiplierBlock:row_loop[1].col_loop[2].mb|partialSum[28]          ; Packed Register ; Register Packing ; Timing optimization        ; Q         ;                ; systolicArray:systolicArr|multiplierBlock:row_loop[1].col_loop[2].mb|Mult0~mac                   ; BX               ;                       ;
; systolicArray:systolicArr|multiplierBlock:row_loop[1].col_loop[2].mb|partialSum[28]~SCLR_LUT ; Created         ; Register Packing ; Timing optimization        ;           ;                ;                                                                                                  ;                  ;                       ;
; systolicArray:systolicArr|multiplierBlock:row_loop[1].col_loop[2].mb|partialSum[29]          ; Packed Register ; Register Packing ; Timing optimization        ; Q         ;                ; systolicArray:systolicArr|multiplierBlock:row_loop[1].col_loop[2].mb|Mult0~mac                   ; BX               ;                       ;
; systolicArray:systolicArr|multiplierBlock:row_loop[1].col_loop[2].mb|partialSum[29]~SCLR_LUT ; Created         ; Register Packing ; Timing optimization        ;           ;                ;                                                                                                  ;                  ;                       ;
; systolicArray:systolicArr|multiplierBlock:row_loop[1].col_loop[2].mb|partialSum[30]          ; Packed Register ; Register Packing ; Timing optimization        ; Q         ;                ; systolicArray:systolicArr|multiplierBlock:row_loop[1].col_loop[2].mb|Mult0~mac                   ; BX               ;                       ;
; systolicArray:systolicArr|multiplierBlock:row_loop[1].col_loop[2].mb|partialSum[30]~SCLR_LUT ; Created         ; Register Packing ; Timing optimization        ;           ;                ;                                                                                                  ;                  ;                       ;
; systolicArray:systolicArr|multiplierBlock:row_loop[1].col_loop[2].mb|partialSum[31]          ; Packed Register ; Register Packing ; Timing optimization        ; Q         ;                ; systolicArray:systolicArr|multiplierBlock:row_loop[1].col_loop[2].mb|Mult0~mac                   ; BX               ;                       ;
; systolicArray:systolicArr|multiplierBlock:row_loop[1].col_loop[2].mb|partialSum[31]~SCLR_LUT ; Created         ; Register Packing ; Timing optimization        ;           ;                ;                                                                                                  ;                  ;                       ;
; systolicArray:systolicArr|multiplierBlock:row_loop[2].col_loop[0].mb|aOut[0]                 ; Packed Register ; Register Packing ; Timing optimization        ; Q         ;                ; systolicArray:systolicArr|multiplierBlock:row_loop[2].col_loop[1].mb|Mult0~mac                   ; AY               ;                       ;
; systolicArray:systolicArr|multiplierBlock:row_loop[2].col_loop[0].mb|aOut[0]                 ; Duplicated      ; Register Packing ; Timing optimization        ; Q         ;                ; systolicArray:systolicArr|multiplierBlock:row_loop[2].col_loop[0].mb|aOut[0]~_Duplicate_1        ; Q                ;                       ;
; systolicArray:systolicArr|multiplierBlock:row_loop[2].col_loop[0].mb|aOut[0]~SCLR_LUT        ; Created         ; Register Packing ; Timing optimization        ;           ;                ;                                                                                                  ;                  ;                       ;
; systolicArray:systolicArr|multiplierBlock:row_loop[2].col_loop[0].mb|aOut[1]                 ; Packed Register ; Register Packing ; Timing optimization        ; Q         ;                ; systolicArray:systolicArr|multiplierBlock:row_loop[2].col_loop[1].mb|Mult0~mac                   ; AY               ;                       ;
; systolicArray:systolicArr|multiplierBlock:row_loop[2].col_loop[0].mb|aOut[1]                 ; Duplicated      ; Register Packing ; Timing optimization        ; Q         ;                ; systolicArray:systolicArr|multiplierBlock:row_loop[2].col_loop[0].mb|aOut[1]~_Duplicate_1        ; Q                ;                       ;
; systolicArray:systolicArr|multiplierBlock:row_loop[2].col_loop[0].mb|aOut[1]~SCLR_LUT        ; Created         ; Register Packing ; Timing optimization        ;           ;                ;                                                                                                  ;                  ;                       ;
; systolicArray:systolicArr|multiplierBlock:row_loop[2].col_loop[0].mb|aOut[2]                 ; Packed Register ; Register Packing ; Timing optimization        ; Q         ;                ; systolicArray:systolicArr|multiplierBlock:row_loop[2].col_loop[1].mb|Mult0~mac                   ; AY               ;                       ;
; systolicArray:systolicArr|multiplierBlock:row_loop[2].col_loop[0].mb|aOut[2]                 ; Duplicated      ; Register Packing ; Timing optimization        ; Q         ;                ; systolicArray:systolicArr|multiplierBlock:row_loop[2].col_loop[0].mb|aOut[2]~_Duplicate_1        ; Q                ;                       ;
; systolicArray:systolicArr|multiplierBlock:row_loop[2].col_loop[0].mb|aOut[2]~SCLR_LUT        ; Created         ; Register Packing ; Timing optimization        ;           ;                ;                                                                                                  ;                  ;                       ;
; systolicArray:systolicArr|multiplierBlock:row_loop[2].col_loop[0].mb|aOut[3]                 ; Packed Register ; Register Packing ; Timing optimization        ; Q         ;                ; systolicArray:systolicArr|multiplierBlock:row_loop[2].col_loop[1].mb|Mult0~mac                   ; AY               ;                       ;
; systolicArray:systolicArr|multiplierBlock:row_loop[2].col_loop[0].mb|aOut[3]                 ; Duplicated      ; Register Packing ; Timing optimization        ; Q         ;                ; systolicArray:systolicArr|multiplierBlock:row_loop[2].col_loop[0].mb|aOut[3]~_Duplicate_1        ; Q                ;                       ;
; systolicArray:systolicArr|multiplierBlock:row_loop[2].col_loop[0].mb|aOut[3]~SCLR_LUT        ; Created         ; Register Packing ; Timing optimization        ;           ;                ;                                                                                                  ;                  ;                       ;
; systolicArray:systolicArr|multiplierBlock:row_loop[2].col_loop[0].mb|aOut[4]                 ; Packed Register ; Register Packing ; Timing optimization        ; Q         ;                ; systolicArray:systolicArr|multiplierBlock:row_loop[2].col_loop[1].mb|Mult0~mac                   ; AY               ;                       ;
; systolicArray:systolicArr|multiplierBlock:row_loop[2].col_loop[0].mb|aOut[4]                 ; Duplicated      ; Register Packing ; Timing optimization        ; Q         ;                ; systolicArray:systolicArr|multiplierBlock:row_loop[2].col_loop[0].mb|aOut[4]~_Duplicate_1        ; Q                ;                       ;
; systolicArray:systolicArr|multiplierBlock:row_loop[2].col_loop[0].mb|aOut[4]~SCLR_LUT        ; Created         ; Register Packing ; Timing optimization        ;           ;                ;                                                                                                  ;                  ;                       ;
; systolicArray:systolicArr|multiplierBlock:row_loop[2].col_loop[0].mb|aOut[5]                 ; Packed Register ; Register Packing ; Timing optimization        ; Q         ;                ; systolicArray:systolicArr|multiplierBlock:row_loop[2].col_loop[1].mb|Mult0~mac                   ; AY               ;                       ;
; systolicArray:systolicArr|multiplierBlock:row_loop[2].col_loop[0].mb|aOut[5]                 ; Duplicated      ; Register Packing ; Timing optimization        ; Q         ;                ; systolicArray:systolicArr|multiplierBlock:row_loop[2].col_loop[0].mb|aOut[5]~_Duplicate_1        ; Q                ;                       ;
; systolicArray:systolicArr|multiplierBlock:row_loop[2].col_loop[0].mb|aOut[5]~SCLR_LUT        ; Created         ; Register Packing ; Timing optimization        ;           ;                ;                                                                                                  ;                  ;                       ;
; systolicArray:systolicArr|multiplierBlock:row_loop[2].col_loop[0].mb|partialSum[0]           ; Packed Register ; Register Packing ; Timing optimization        ; Q         ;                ; systolicArray:systolicArr|multiplierBlock:row_loop[2].col_loop[0].mb|Mult0~mac                   ; BY               ;                       ;
; systolicArray:systolicArr|multiplierBlock:row_loop[2].col_loop[0].mb|partialSum[0]           ; Duplicated      ; Register Packing ; Timing optimization        ; Q         ;                ; systolicArray:systolicArr|multiplierBlock:row_loop[2].col_loop[0].mb|partialSum[0]~_Duplicate_1  ; Q                ;                       ;
; systolicArray:systolicArr|multiplierBlock:row_loop[2].col_loop[0].mb|partialSum[0]~SCLR_LUT  ; Created         ; Register Packing ; Timing optimization        ;           ;                ;                                                                                                  ;                  ;                       ;
; systolicArray:systolicArr|multiplierBlock:row_loop[2].col_loop[0].mb|partialSum[1]           ; Packed Register ; Register Packing ; Timing optimization        ; Q         ;                ; systolicArray:systolicArr|multiplierBlock:row_loop[2].col_loop[0].mb|Mult0~mac                   ; BY               ;                       ;
; systolicArray:systolicArr|multiplierBlock:row_loop[2].col_loop[0].mb|partialSum[1]           ; Duplicated      ; Register Packing ; Timing optimization        ; Q         ;                ; systolicArray:systolicArr|multiplierBlock:row_loop[2].col_loop[0].mb|partialSum[1]~_Duplicate_1  ; Q                ;                       ;
; systolicArray:systolicArr|multiplierBlock:row_loop[2].col_loop[0].mb|partialSum[1]~SCLR_LUT  ; Created         ; Register Packing ; Timing optimization        ;           ;                ;                                                                                                  ;                  ;                       ;
; systolicArray:systolicArr|multiplierBlock:row_loop[2].col_loop[0].mb|partialSum[2]           ; Packed Register ; Register Packing ; Timing optimization        ; Q         ;                ; systolicArray:systolicArr|multiplierBlock:row_loop[2].col_loop[0].mb|Mult0~mac                   ; BY               ;                       ;
; systolicArray:systolicArr|multiplierBlock:row_loop[2].col_loop[0].mb|partialSum[2]           ; Duplicated      ; Register Packing ; Timing optimization        ; Q         ;                ; systolicArray:systolicArr|multiplierBlock:row_loop[2].col_loop[0].mb|partialSum[2]~_Duplicate_1  ; Q                ;                       ;
; systolicArray:systolicArr|multiplierBlock:row_loop[2].col_loop[0].mb|partialSum[2]~SCLR_LUT  ; Created         ; Register Packing ; Timing optimization        ;           ;                ;                                                                                                  ;                  ;                       ;
; systolicArray:systolicArr|multiplierBlock:row_loop[2].col_loop[0].mb|partialSum[3]           ; Packed Register ; Register Packing ; Timing optimization        ; Q         ;                ; systolicArray:systolicArr|multiplierBlock:row_loop[2].col_loop[0].mb|Mult0~mac                   ; BY               ;                       ;
; systolicArray:systolicArr|multiplierBlock:row_loop[2].col_loop[0].mb|partialSum[3]           ; Duplicated      ; Register Packing ; Timing optimization        ; Q         ;                ; systolicArray:systolicArr|multiplierBlock:row_loop[2].col_loop[0].mb|partialSum[3]~_Duplicate_1  ; Q                ;                       ;
; systolicArray:systolicArr|multiplierBlock:row_loop[2].col_loop[0].mb|partialSum[3]~SCLR_LUT  ; Created         ; Register Packing ; Timing optimization        ;           ;                ;                                                                                                  ;                  ;                       ;
; systolicArray:systolicArr|multiplierBlock:row_loop[2].col_loop[0].mb|partialSum[4]           ; Packed Register ; Register Packing ; Timing optimization        ; Q         ;                ; systolicArray:systolicArr|multiplierBlock:row_loop[2].col_loop[0].mb|Mult0~mac                   ; BY               ;                       ;
; systolicArray:systolicArr|multiplierBlock:row_loop[2].col_loop[0].mb|partialSum[4]           ; Duplicated      ; Register Packing ; Timing optimization        ; Q         ;                ; systolicArray:systolicArr|multiplierBlock:row_loop[2].col_loop[0].mb|partialSum[4]~_Duplicate_1  ; Q                ;                       ;
; systolicArray:systolicArr|multiplierBlock:row_loop[2].col_loop[0].mb|partialSum[4]~SCLR_LUT  ; Created         ; Register Packing ; Timing optimization        ;           ;                ;                                                                                                  ;                  ;                       ;
; systolicArray:systolicArr|multiplierBlock:row_loop[2].col_loop[0].mb|partialSum[5]           ; Packed Register ; Register Packing ; Timing optimization        ; Q         ;                ; systolicArray:systolicArr|multiplierBlock:row_loop[2].col_loop[0].mb|Mult0~mac                   ; BY               ;                       ;
; systolicArray:systolicArr|multiplierBlock:row_loop[2].col_loop[0].mb|partialSum[5]           ; Duplicated      ; Register Packing ; Timing optimization        ; Q         ;                ; systolicArray:systolicArr|multiplierBlock:row_loop[2].col_loop[0].mb|partialSum[5]~_Duplicate_1  ; Q                ;                       ;
; systolicArray:systolicArr|multiplierBlock:row_loop[2].col_loop[0].mb|partialSum[5]~SCLR_LUT  ; Created         ; Register Packing ; Timing optimization        ;           ;                ;                                                                                                  ;                  ;                       ;
; systolicArray:systolicArr|multiplierBlock:row_loop[2].col_loop[0].mb|partialSum[6]           ; Packed Register ; Register Packing ; Timing optimization        ; Q         ;                ; systolicArray:systolicArr|multiplierBlock:row_loop[2].col_loop[0].mb|Mult0~mac                   ; BY               ;                       ;
; systolicArray:systolicArr|multiplierBlock:row_loop[2].col_loop[0].mb|partialSum[6]           ; Duplicated      ; Register Packing ; Timing optimization        ; Q         ;                ; systolicArray:systolicArr|multiplierBlock:row_loop[2].col_loop[0].mb|partialSum[6]~_Duplicate_1  ; Q                ;                       ;
; systolicArray:systolicArr|multiplierBlock:row_loop[2].col_loop[0].mb|partialSum[6]~SCLR_LUT  ; Created         ; Register Packing ; Timing optimization        ;           ;                ;                                                                                                  ;                  ;                       ;
; systolicArray:systolicArr|multiplierBlock:row_loop[2].col_loop[0].mb|partialSum[7]           ; Packed Register ; Register Packing ; Timing optimization        ; Q         ;                ; systolicArray:systolicArr|multiplierBlock:row_loop[2].col_loop[0].mb|Mult0~mac                   ; BY               ;                       ;
; systolicArray:systolicArr|multiplierBlock:row_loop[2].col_loop[0].mb|partialSum[7]           ; Duplicated      ; Register Packing ; Timing optimization        ; Q         ;                ; systolicArray:systolicArr|multiplierBlock:row_loop[2].col_loop[0].mb|partialSum[7]~_Duplicate_1  ; Q                ;                       ;
; systolicArray:systolicArr|multiplierBlock:row_loop[2].col_loop[0].mb|partialSum[7]~SCLR_LUT  ; Created         ; Register Packing ; Timing optimization        ;           ;                ;                                                                                                  ;                  ;                       ;
; systolicArray:systolicArr|multiplierBlock:row_loop[2].col_loop[0].mb|partialSum[8]           ; Packed Register ; Register Packing ; Timing optimization        ; Q         ;                ; systolicArray:systolicArr|multiplierBlock:row_loop[2].col_loop[0].mb|Mult0~mac                   ; BY               ;                       ;
; systolicArray:systolicArr|multiplierBlock:row_loop[2].col_loop[0].mb|partialSum[8]           ; Duplicated      ; Register Packing ; Timing optimization        ; Q         ;                ; systolicArray:systolicArr|multiplierBlock:row_loop[2].col_loop[0].mb|partialSum[8]~_Duplicate_1  ; Q                ;                       ;
; systolicArray:systolicArr|multiplierBlock:row_loop[2].col_loop[0].mb|partialSum[8]~SCLR_LUT  ; Created         ; Register Packing ; Timing optimization        ;           ;                ;                                                                                                  ;                  ;                       ;
; systolicArray:systolicArr|multiplierBlock:row_loop[2].col_loop[0].mb|partialSum[9]           ; Packed Register ; Register Packing ; Timing optimization        ; Q         ;                ; systolicArray:systolicArr|multiplierBlock:row_loop[2].col_loop[0].mb|Mult0~mac                   ; BY               ;                       ;
; systolicArray:systolicArr|multiplierBlock:row_loop[2].col_loop[0].mb|partialSum[9]           ; Duplicated      ; Register Packing ; Timing optimization        ; Q         ;                ; systolicArray:systolicArr|multiplierBlock:row_loop[2].col_loop[0].mb|partialSum[9]~_Duplicate_1  ; Q                ;                       ;
; systolicArray:systolicArr|multiplierBlock:row_loop[2].col_loop[0].mb|partialSum[9]~SCLR_LUT  ; Created         ; Register Packing ; Timing optimization        ;           ;                ;                                                                                                  ;                  ;                       ;
; systolicArray:systolicArr|multiplierBlock:row_loop[2].col_loop[0].mb|partialSum[10]          ; Packed Register ; Register Packing ; Timing optimization        ; Q         ;                ; systolicArray:systolicArr|multiplierBlock:row_loop[2].col_loop[0].mb|Mult0~mac                   ; BY               ;                       ;
; systolicArray:systolicArr|multiplierBlock:row_loop[2].col_loop[0].mb|partialSum[10]          ; Duplicated      ; Register Packing ; Timing optimization        ; Q         ;                ; systolicArray:systolicArr|multiplierBlock:row_loop[2].col_loop[0].mb|partialSum[10]~_Duplicate_1 ; Q                ;                       ;
; systolicArray:systolicArr|multiplierBlock:row_loop[2].col_loop[0].mb|partialSum[10]~SCLR_LUT ; Created         ; Register Packing ; Timing optimization        ;           ;                ;                                                                                                  ;                  ;                       ;
; systolicArray:systolicArr|multiplierBlock:row_loop[2].col_loop[0].mb|partialSum[11]          ; Packed Register ; Register Packing ; Timing optimization        ; Q         ;                ; systolicArray:systolicArr|multiplierBlock:row_loop[2].col_loop[0].mb|Mult0~mac                   ; BY               ;                       ;
; systolicArray:systolicArr|multiplierBlock:row_loop[2].col_loop[0].mb|partialSum[11]          ; Duplicated      ; Register Packing ; Timing optimization        ; Q         ;                ; systolicArray:systolicArr|multiplierBlock:row_loop[2].col_loop[0].mb|partialSum[11]~_Duplicate_1 ; Q                ;                       ;
; systolicArray:systolicArr|multiplierBlock:row_loop[2].col_loop[0].mb|partialSum[11]~SCLR_LUT ; Created         ; Register Packing ; Timing optimization        ;           ;                ;                                                                                                  ;                  ;                       ;
; systolicArray:systolicArr|multiplierBlock:row_loop[2].col_loop[0].mb|partialSum[12]          ; Packed Register ; Register Packing ; Timing optimization        ; Q         ;                ; systolicArray:systolicArr|multiplierBlock:row_loop[2].col_loop[0].mb|Mult0~mac                   ; BY               ;                       ;
; systolicArray:systolicArr|multiplierBlock:row_loop[2].col_loop[0].mb|partialSum[12]~SCLR_LUT ; Created         ; Register Packing ; Timing optimization        ;           ;                ;                                                                                                  ;                  ;                       ;
; systolicArray:systolicArr|multiplierBlock:row_loop[2].col_loop[0].mb|partialSum[13]          ; Packed Register ; Register Packing ; Timing optimization        ; Q         ;                ; systolicArray:systolicArr|multiplierBlock:row_loop[2].col_loop[0].mb|Mult0~mac                   ; BY               ;                       ;
; systolicArray:systolicArr|multiplierBlock:row_loop[2].col_loop[0].mb|partialSum[13]~SCLR_LUT ; Created         ; Register Packing ; Timing optimization        ;           ;                ;                                                                                                  ;                  ;                       ;
; systolicArray:systolicArr|multiplierBlock:row_loop[2].col_loop[0].mb|partialSum[14]          ; Packed Register ; Register Packing ; Timing optimization        ; Q         ;                ; systolicArray:systolicArr|multiplierBlock:row_loop[2].col_loop[0].mb|Mult0~mac                   ; BY               ;                       ;
; systolicArray:systolicArr|multiplierBlock:row_loop[2].col_loop[0].mb|partialSum[14]~SCLR_LUT ; Created         ; Register Packing ; Timing optimization        ;           ;                ;                                                                                                  ;                  ;                       ;
; systolicArray:systolicArr|multiplierBlock:row_loop[2].col_loop[0].mb|partialSum[15]          ; Packed Register ; Register Packing ; Timing optimization        ; Q         ;                ; systolicArray:systolicArr|multiplierBlock:row_loop[2].col_loop[0].mb|Mult0~mac                   ; BY               ;                       ;
; systolicArray:systolicArr|multiplierBlock:row_loop[2].col_loop[0].mb|partialSum[15]~SCLR_LUT ; Created         ; Register Packing ; Timing optimization        ;           ;                ;                                                                                                  ;                  ;                       ;
; systolicArray:systolicArr|multiplierBlock:row_loop[2].col_loop[0].mb|partialSum[16]          ; Packed Register ; Register Packing ; Timing optimization        ; Q         ;                ; systolicArray:systolicArr|multiplierBlock:row_loop[2].col_loop[0].mb|Mult0~mac                   ; BY               ;                       ;
; systolicArray:systolicArr|multiplierBlock:row_loop[2].col_loop[0].mb|partialSum[16]~SCLR_LUT ; Created         ; Register Packing ; Timing optimization        ;           ;                ;                                                                                                  ;                  ;                       ;
; systolicArray:systolicArr|multiplierBlock:row_loop[2].col_loop[0].mb|partialSum[17]          ; Packed Register ; Register Packing ; Timing optimization        ; Q         ;                ; systolicArray:systolicArr|multiplierBlock:row_loop[2].col_loop[0].mb|Mult0~mac                   ; BY               ;                       ;
; systolicArray:systolicArr|multiplierBlock:row_loop[2].col_loop[0].mb|partialSum[17]~SCLR_LUT ; Created         ; Register Packing ; Timing optimization        ;           ;                ;                                                                                                  ;                  ;                       ;
; systolicArray:systolicArr|multiplierBlock:row_loop[2].col_loop[0].mb|partialSum[18]          ; Packed Register ; Register Packing ; Timing optimization        ; Q         ;                ; systolicArray:systolicArr|multiplierBlock:row_loop[2].col_loop[0].mb|Mult0~mac                   ; BX               ;                       ;
; systolicArray:systolicArr|multiplierBlock:row_loop[2].col_loop[0].mb|partialSum[18]~SCLR_LUT ; Created         ; Register Packing ; Timing optimization        ;           ;                ;                                                                                                  ;                  ;                       ;
; systolicArray:systolicArr|multiplierBlock:row_loop[2].col_loop[0].mb|partialSum[19]          ; Packed Register ; Register Packing ; Timing optimization        ; Q         ;                ; systolicArray:systolicArr|multiplierBlock:row_loop[2].col_loop[0].mb|Mult0~mac                   ; BX               ;                       ;
; systolicArray:systolicArr|multiplierBlock:row_loop[2].col_loop[0].mb|partialSum[19]~SCLR_LUT ; Created         ; Register Packing ; Timing optimization        ;           ;                ;                                                                                                  ;                  ;                       ;
; systolicArray:systolicArr|multiplierBlock:row_loop[2].col_loop[0].mb|partialSum[20]          ; Packed Register ; Register Packing ; Timing optimization        ; Q         ;                ; systolicArray:systolicArr|multiplierBlock:row_loop[2].col_loop[0].mb|Mult0~mac                   ; BX               ;                       ;
; systolicArray:systolicArr|multiplierBlock:row_loop[2].col_loop[0].mb|partialSum[20]~SCLR_LUT ; Created         ; Register Packing ; Timing optimization        ;           ;                ;                                                                                                  ;                  ;                       ;
; systolicArray:systolicArr|multiplierBlock:row_loop[2].col_loop[0].mb|partialSum[21]          ; Packed Register ; Register Packing ; Timing optimization        ; Q         ;                ; systolicArray:systolicArr|multiplierBlock:row_loop[2].col_loop[0].mb|Mult0~mac                   ; BX               ;                       ;
; systolicArray:systolicArr|multiplierBlock:row_loop[2].col_loop[0].mb|partialSum[21]~SCLR_LUT ; Created         ; Register Packing ; Timing optimization        ;           ;                ;                                                                                                  ;                  ;                       ;
; systolicArray:systolicArr|multiplierBlock:row_loop[2].col_loop[0].mb|partialSum[22]          ; Packed Register ; Register Packing ; Timing optimization        ; Q         ;                ; systolicArray:systolicArr|multiplierBlock:row_loop[2].col_loop[0].mb|Mult0~mac                   ; BX               ;                       ;
; systolicArray:systolicArr|multiplierBlock:row_loop[2].col_loop[0].mb|partialSum[22]~SCLR_LUT ; Created         ; Register Packing ; Timing optimization        ;           ;                ;                                                                                                  ;                  ;                       ;
; systolicArray:systolicArr|multiplierBlock:row_loop[2].col_loop[0].mb|partialSum[23]          ; Packed Register ; Register Packing ; Timing optimization        ; Q         ;                ; systolicArray:systolicArr|multiplierBlock:row_loop[2].col_loop[0].mb|Mult0~mac                   ; BX               ;                       ;
; systolicArray:systolicArr|multiplierBlock:row_loop[2].col_loop[0].mb|partialSum[23]~SCLR_LUT ; Created         ; Register Packing ; Timing optimization        ;           ;                ;                                                                                                  ;                  ;                       ;
; systolicArray:systolicArr|multiplierBlock:row_loop[2].col_loop[0].mb|partialSum[24]          ; Packed Register ; Register Packing ; Timing optimization        ; Q         ;                ; systolicArray:systolicArr|multiplierBlock:row_loop[2].col_loop[0].mb|Mult0~mac                   ; BX               ;                       ;
; systolicArray:systolicArr|multiplierBlock:row_loop[2].col_loop[0].mb|partialSum[24]~SCLR_LUT ; Created         ; Register Packing ; Timing optimization        ;           ;                ;                                                                                                  ;                  ;                       ;
; systolicArray:systolicArr|multiplierBlock:row_loop[2].col_loop[0].mb|partialSum[25]          ; Packed Register ; Register Packing ; Timing optimization        ; Q         ;                ; systolicArray:systolicArr|multiplierBlock:row_loop[2].col_loop[0].mb|Mult0~mac                   ; BX               ;                       ;
; systolicArray:systolicArr|multiplierBlock:row_loop[2].col_loop[0].mb|partialSum[25]~SCLR_LUT ; Created         ; Register Packing ; Timing optimization        ;           ;                ;                                                                                                  ;                  ;                       ;
; systolicArray:systolicArr|multiplierBlock:row_loop[2].col_loop[0].mb|partialSum[26]          ; Packed Register ; Register Packing ; Timing optimization        ; Q         ;                ; systolicArray:systolicArr|multiplierBlock:row_loop[2].col_loop[0].mb|Mult0~mac                   ; BX               ;                       ;
; systolicArray:systolicArr|multiplierBlock:row_loop[2].col_loop[0].mb|partialSum[26]~SCLR_LUT ; Created         ; Register Packing ; Timing optimization        ;           ;                ;                                                                                                  ;                  ;                       ;
; systolicArray:systolicArr|multiplierBlock:row_loop[2].col_loop[0].mb|partialSum[27]          ; Packed Register ; Register Packing ; Timing optimization        ; Q         ;                ; systolicArray:systolicArr|multiplierBlock:row_loop[2].col_loop[0].mb|Mult0~mac                   ; BX               ;                       ;
; systolicArray:systolicArr|multiplierBlock:row_loop[2].col_loop[0].mb|partialSum[27]~SCLR_LUT ; Created         ; Register Packing ; Timing optimization        ;           ;                ;                                                                                                  ;                  ;                       ;
; systolicArray:systolicArr|multiplierBlock:row_loop[2].col_loop[0].mb|partialSum[28]          ; Packed Register ; Register Packing ; Timing optimization        ; Q         ;                ; systolicArray:systolicArr|multiplierBlock:row_loop[2].col_loop[0].mb|Mult0~mac                   ; BX               ;                       ;
; systolicArray:systolicArr|multiplierBlock:row_loop[2].col_loop[0].mb|partialSum[28]~SCLR_LUT ; Created         ; Register Packing ; Timing optimization        ;           ;                ;                                                                                                  ;                  ;                       ;
; systolicArray:systolicArr|multiplierBlock:row_loop[2].col_loop[0].mb|partialSum[29]          ; Packed Register ; Register Packing ; Timing optimization        ; Q         ;                ; systolicArray:systolicArr|multiplierBlock:row_loop[2].col_loop[0].mb|Mult0~mac                   ; BX               ;                       ;
; systolicArray:systolicArr|multiplierBlock:row_loop[2].col_loop[0].mb|partialSum[29]~SCLR_LUT ; Created         ; Register Packing ; Timing optimization        ;           ;                ;                                                                                                  ;                  ;                       ;
; systolicArray:systolicArr|multiplierBlock:row_loop[2].col_loop[0].mb|partialSum[30]          ; Packed Register ; Register Packing ; Timing optimization        ; Q         ;                ; systolicArray:systolicArr|multiplierBlock:row_loop[2].col_loop[0].mb|Mult0~mac                   ; BX               ;                       ;
; systolicArray:systolicArr|multiplierBlock:row_loop[2].col_loop[0].mb|partialSum[30]~SCLR_LUT ; Created         ; Register Packing ; Timing optimization        ;           ;                ;                                                                                                  ;                  ;                       ;
; systolicArray:systolicArr|multiplierBlock:row_loop[2].col_loop[0].mb|partialSum[31]          ; Packed Register ; Register Packing ; Timing optimization        ; Q         ;                ; systolicArray:systolicArr|multiplierBlock:row_loop[2].col_loop[0].mb|Mult0~mac                   ; BX               ;                       ;
; systolicArray:systolicArr|multiplierBlock:row_loop[2].col_loop[0].mb|partialSum[31]~SCLR_LUT ; Created         ; Register Packing ; Timing optimization        ;           ;                ;                                                                                                  ;                  ;                       ;
; systolicArray:systolicArr|multiplierBlock:row_loop[2].col_loop[1].mb|aOut[0]                 ; Packed Register ; Register Packing ; Timing optimization        ; Q         ;                ; systolicArray:systolicArr|multiplierBlock:row_loop[2].col_loop[2].mb|Mult0~mac                   ; AY               ;                       ;
; systolicArray:systolicArr|multiplierBlock:row_loop[2].col_loop[1].mb|aOut[0]~SCLR_LUT        ; Created         ; Register Packing ; Timing optimization        ;           ;                ;                                                                                                  ;                  ;                       ;
; systolicArray:systolicArr|multiplierBlock:row_loop[2].col_loop[1].mb|aOut[1]                 ; Packed Register ; Register Packing ; Timing optimization        ; Q         ;                ; systolicArray:systolicArr|multiplierBlock:row_loop[2].col_loop[2].mb|Mult0~mac                   ; AY               ;                       ;
; systolicArray:systolicArr|multiplierBlock:row_loop[2].col_loop[1].mb|aOut[1]~SCLR_LUT        ; Created         ; Register Packing ; Timing optimization        ;           ;                ;                                                                                                  ;                  ;                       ;
; systolicArray:systolicArr|multiplierBlock:row_loop[2].col_loop[1].mb|aOut[2]                 ; Packed Register ; Register Packing ; Timing optimization        ; Q         ;                ; systolicArray:systolicArr|multiplierBlock:row_loop[2].col_loop[2].mb|Mult0~mac                   ; AY               ;                       ;
; systolicArray:systolicArr|multiplierBlock:row_loop[2].col_loop[1].mb|aOut[2]~SCLR_LUT        ; Created         ; Register Packing ; Timing optimization        ;           ;                ;                                                                                                  ;                  ;                       ;
; systolicArray:systolicArr|multiplierBlock:row_loop[2].col_loop[1].mb|aOut[3]                 ; Packed Register ; Register Packing ; Timing optimization        ; Q         ;                ; systolicArray:systolicArr|multiplierBlock:row_loop[2].col_loop[2].mb|Mult0~mac                   ; AY               ;                       ;
; systolicArray:systolicArr|multiplierBlock:row_loop[2].col_loop[1].mb|aOut[3]~SCLR_LUT        ; Created         ; Register Packing ; Timing optimization        ;           ;                ;                                                                                                  ;                  ;                       ;
; systolicArray:systolicArr|multiplierBlock:row_loop[2].col_loop[1].mb|aOut[4]                 ; Packed Register ; Register Packing ; Timing optimization        ; Q         ;                ; systolicArray:systolicArr|multiplierBlock:row_loop[2].col_loop[2].mb|Mult0~mac                   ; AY               ;                       ;
; systolicArray:systolicArr|multiplierBlock:row_loop[2].col_loop[1].mb|aOut[4]~SCLR_LUT        ; Created         ; Register Packing ; Timing optimization        ;           ;                ;                                                                                                  ;                  ;                       ;
; systolicArray:systolicArr|multiplierBlock:row_loop[2].col_loop[1].mb|aOut[5]                 ; Packed Register ; Register Packing ; Timing optimization        ; Q         ;                ; systolicArray:systolicArr|multiplierBlock:row_loop[2].col_loop[2].mb|Mult0~mac                   ; AY               ;                       ;
; systolicArray:systolicArr|multiplierBlock:row_loop[2].col_loop[1].mb|aOut[5]~SCLR_LUT        ; Created         ; Register Packing ; Timing optimization        ;           ;                ;                                                                                                  ;                  ;                       ;
; systolicArray:systolicArr|multiplierBlock:row_loop[2].col_loop[1].mb|partialSum[0]           ; Packed Register ; Register Packing ; Timing optimization        ; Q         ;                ; systolicArray:systolicArr|multiplierBlock:row_loop[2].col_loop[1].mb|Mult0~mac                   ; BY               ;                       ;
; systolicArray:systolicArr|multiplierBlock:row_loop[2].col_loop[1].mb|partialSum[0]           ; Duplicated      ; Register Packing ; Timing optimization        ; Q         ;                ; systolicArray:systolicArr|multiplierBlock:row_loop[2].col_loop[1].mb|partialSum[0]~_Duplicate_1  ; Q                ;                       ;
; systolicArray:systolicArr|multiplierBlock:row_loop[2].col_loop[1].mb|partialSum[0]~SCLR_LUT  ; Created         ; Register Packing ; Timing optimization        ;           ;                ;                                                                                                  ;                  ;                       ;
; systolicArray:systolicArr|multiplierBlock:row_loop[2].col_loop[1].mb|partialSum[1]           ; Packed Register ; Register Packing ; Timing optimization        ; Q         ;                ; systolicArray:systolicArr|multiplierBlock:row_loop[2].col_loop[1].mb|Mult0~mac                   ; BY               ;                       ;
; systolicArray:systolicArr|multiplierBlock:row_loop[2].col_loop[1].mb|partialSum[1]           ; Duplicated      ; Register Packing ; Timing optimization        ; Q         ;                ; systolicArray:systolicArr|multiplierBlock:row_loop[2].col_loop[1].mb|partialSum[1]~_Duplicate_1  ; Q                ;                       ;
; systolicArray:systolicArr|multiplierBlock:row_loop[2].col_loop[1].mb|partialSum[1]~SCLR_LUT  ; Created         ; Register Packing ; Timing optimization        ;           ;                ;                                                                                                  ;                  ;                       ;
; systolicArray:systolicArr|multiplierBlock:row_loop[2].col_loop[1].mb|partialSum[2]           ; Packed Register ; Register Packing ; Timing optimization        ; Q         ;                ; systolicArray:systolicArr|multiplierBlock:row_loop[2].col_loop[1].mb|Mult0~mac                   ; BY               ;                       ;
; systolicArray:systolicArr|multiplierBlock:row_loop[2].col_loop[1].mb|partialSum[2]           ; Duplicated      ; Register Packing ; Timing optimization        ; Q         ;                ; systolicArray:systolicArr|multiplierBlock:row_loop[2].col_loop[1].mb|partialSum[2]~_Duplicate_1  ; Q                ;                       ;
; systolicArray:systolicArr|multiplierBlock:row_loop[2].col_loop[1].mb|partialSum[2]~SCLR_LUT  ; Created         ; Register Packing ; Timing optimization        ;           ;                ;                                                                                                  ;                  ;                       ;
; systolicArray:systolicArr|multiplierBlock:row_loop[2].col_loop[1].mb|partialSum[3]           ; Packed Register ; Register Packing ; Timing optimization        ; Q         ;                ; systolicArray:systolicArr|multiplierBlock:row_loop[2].col_loop[1].mb|Mult0~mac                   ; BY               ;                       ;
; systolicArray:systolicArr|multiplierBlock:row_loop[2].col_loop[1].mb|partialSum[3]           ; Duplicated      ; Register Packing ; Timing optimization        ; Q         ;                ; systolicArray:systolicArr|multiplierBlock:row_loop[2].col_loop[1].mb|partialSum[3]~_Duplicate_1  ; Q                ;                       ;
; systolicArray:systolicArr|multiplierBlock:row_loop[2].col_loop[1].mb|partialSum[3]~SCLR_LUT  ; Created         ; Register Packing ; Timing optimization        ;           ;                ;                                                                                                  ;                  ;                       ;
; systolicArray:systolicArr|multiplierBlock:row_loop[2].col_loop[1].mb|partialSum[4]           ; Packed Register ; Register Packing ; Timing optimization        ; Q         ;                ; systolicArray:systolicArr|multiplierBlock:row_loop[2].col_loop[1].mb|Mult0~mac                   ; BY               ;                       ;
; systolicArray:systolicArr|multiplierBlock:row_loop[2].col_loop[1].mb|partialSum[4]           ; Duplicated      ; Register Packing ; Timing optimization        ; Q         ;                ; systolicArray:systolicArr|multiplierBlock:row_loop[2].col_loop[1].mb|partialSum[4]~_Duplicate_1  ; Q                ;                       ;
; systolicArray:systolicArr|multiplierBlock:row_loop[2].col_loop[1].mb|partialSum[4]~SCLR_LUT  ; Created         ; Register Packing ; Timing optimization        ;           ;                ;                                                                                                  ;                  ;                       ;
; systolicArray:systolicArr|multiplierBlock:row_loop[2].col_loop[1].mb|partialSum[5]           ; Packed Register ; Register Packing ; Timing optimization        ; Q         ;                ; systolicArray:systolicArr|multiplierBlock:row_loop[2].col_loop[1].mb|Mult0~mac                   ; BY               ;                       ;
; systolicArray:systolicArr|multiplierBlock:row_loop[2].col_loop[1].mb|partialSum[5]           ; Duplicated      ; Register Packing ; Timing optimization        ; Q         ;                ; systolicArray:systolicArr|multiplierBlock:row_loop[2].col_loop[1].mb|partialSum[5]~_Duplicate_1  ; Q                ;                       ;
; systolicArray:systolicArr|multiplierBlock:row_loop[2].col_loop[1].mb|partialSum[5]~SCLR_LUT  ; Created         ; Register Packing ; Timing optimization        ;           ;                ;                                                                                                  ;                  ;                       ;
; systolicArray:systolicArr|multiplierBlock:row_loop[2].col_loop[1].mb|partialSum[6]           ; Packed Register ; Register Packing ; Timing optimization        ; Q         ;                ; systolicArray:systolicArr|multiplierBlock:row_loop[2].col_loop[1].mb|Mult0~mac                   ; BY               ;                       ;
; systolicArray:systolicArr|multiplierBlock:row_loop[2].col_loop[1].mb|partialSum[6]           ; Duplicated      ; Register Packing ; Timing optimization        ; Q         ;                ; systolicArray:systolicArr|multiplierBlock:row_loop[2].col_loop[1].mb|partialSum[6]~_Duplicate_1  ; Q                ;                       ;
; systolicArray:systolicArr|multiplierBlock:row_loop[2].col_loop[1].mb|partialSum[6]~SCLR_LUT  ; Created         ; Register Packing ; Timing optimization        ;           ;                ;                                                                                                  ;                  ;                       ;
; systolicArray:systolicArr|multiplierBlock:row_loop[2].col_loop[1].mb|partialSum[7]           ; Packed Register ; Register Packing ; Timing optimization        ; Q         ;                ; systolicArray:systolicArr|multiplierBlock:row_loop[2].col_loop[1].mb|Mult0~mac                   ; BY               ;                       ;
; systolicArray:systolicArr|multiplierBlock:row_loop[2].col_loop[1].mb|partialSum[7]           ; Duplicated      ; Register Packing ; Timing optimization        ; Q         ;                ; systolicArray:systolicArr|multiplierBlock:row_loop[2].col_loop[1].mb|partialSum[7]~_Duplicate_1  ; Q                ;                       ;
; systolicArray:systolicArr|multiplierBlock:row_loop[2].col_loop[1].mb|partialSum[7]~SCLR_LUT  ; Created         ; Register Packing ; Timing optimization        ;           ;                ;                                                                                                  ;                  ;                       ;
; systolicArray:systolicArr|multiplierBlock:row_loop[2].col_loop[1].mb|partialSum[8]           ; Packed Register ; Register Packing ; Timing optimization        ; Q         ;                ; systolicArray:systolicArr|multiplierBlock:row_loop[2].col_loop[1].mb|Mult0~mac                   ; BY               ;                       ;
; systolicArray:systolicArr|multiplierBlock:row_loop[2].col_loop[1].mb|partialSum[8]           ; Duplicated      ; Register Packing ; Timing optimization        ; Q         ;                ; systolicArray:systolicArr|multiplierBlock:row_loop[2].col_loop[1].mb|partialSum[8]~_Duplicate_1  ; Q                ;                       ;
; systolicArray:systolicArr|multiplierBlock:row_loop[2].col_loop[1].mb|partialSum[8]~SCLR_LUT  ; Created         ; Register Packing ; Timing optimization        ;           ;                ;                                                                                                  ;                  ;                       ;
; systolicArray:systolicArr|multiplierBlock:row_loop[2].col_loop[1].mb|partialSum[9]           ; Packed Register ; Register Packing ; Timing optimization        ; Q         ;                ; systolicArray:systolicArr|multiplierBlock:row_loop[2].col_loop[1].mb|Mult0~mac                   ; BY               ;                       ;
; systolicArray:systolicArr|multiplierBlock:row_loop[2].col_loop[1].mb|partialSum[9]           ; Duplicated      ; Register Packing ; Timing optimization        ; Q         ;                ; systolicArray:systolicArr|multiplierBlock:row_loop[2].col_loop[1].mb|partialSum[9]~_Duplicate_1  ; Q                ;                       ;
; systolicArray:systolicArr|multiplierBlock:row_loop[2].col_loop[1].mb|partialSum[9]~SCLR_LUT  ; Created         ; Register Packing ; Timing optimization        ;           ;                ;                                                                                                  ;                  ;                       ;
; systolicArray:systolicArr|multiplierBlock:row_loop[2].col_loop[1].mb|partialSum[10]          ; Packed Register ; Register Packing ; Timing optimization        ; Q         ;                ; systolicArray:systolicArr|multiplierBlock:row_loop[2].col_loop[1].mb|Mult0~mac                   ; BY               ;                       ;
; systolicArray:systolicArr|multiplierBlock:row_loop[2].col_loop[1].mb|partialSum[10]          ; Duplicated      ; Register Packing ; Timing optimization        ; Q         ;                ; systolicArray:systolicArr|multiplierBlock:row_loop[2].col_loop[1].mb|partialSum[10]~_Duplicate_1 ; Q                ;                       ;
; systolicArray:systolicArr|multiplierBlock:row_loop[2].col_loop[1].mb|partialSum[10]~SCLR_LUT ; Created         ; Register Packing ; Timing optimization        ;           ;                ;                                                                                                  ;                  ;                       ;
; systolicArray:systolicArr|multiplierBlock:row_loop[2].col_loop[1].mb|partialSum[11]          ; Packed Register ; Register Packing ; Timing optimization        ; Q         ;                ; systolicArray:systolicArr|multiplierBlock:row_loop[2].col_loop[1].mb|Mult0~mac                   ; BY               ;                       ;
; systolicArray:systolicArr|multiplierBlock:row_loop[2].col_loop[1].mb|partialSum[11]          ; Duplicated      ; Register Packing ; Timing optimization        ; Q         ;                ; systolicArray:systolicArr|multiplierBlock:row_loop[2].col_loop[1].mb|partialSum[11]~_Duplicate_1 ; Q                ;                       ;
; systolicArray:systolicArr|multiplierBlock:row_loop[2].col_loop[1].mb|partialSum[11]~SCLR_LUT ; Created         ; Register Packing ; Timing optimization        ;           ;                ;                                                                                                  ;                  ;                       ;
; systolicArray:systolicArr|multiplierBlock:row_loop[2].col_loop[1].mb|partialSum[12]          ; Packed Register ; Register Packing ; Timing optimization        ; Q         ;                ; systolicArray:systolicArr|multiplierBlock:row_loop[2].col_loop[1].mb|Mult0~mac                   ; BY               ;                       ;
; systolicArray:systolicArr|multiplierBlock:row_loop[2].col_loop[1].mb|partialSum[12]~SCLR_LUT ; Created         ; Register Packing ; Timing optimization        ;           ;                ;                                                                                                  ;                  ;                       ;
; systolicArray:systolicArr|multiplierBlock:row_loop[2].col_loop[1].mb|partialSum[13]          ; Packed Register ; Register Packing ; Timing optimization        ; Q         ;                ; systolicArray:systolicArr|multiplierBlock:row_loop[2].col_loop[1].mb|Mult0~mac                   ; BY               ;                       ;
; systolicArray:systolicArr|multiplierBlock:row_loop[2].col_loop[1].mb|partialSum[13]~SCLR_LUT ; Created         ; Register Packing ; Timing optimization        ;           ;                ;                                                                                                  ;                  ;                       ;
; systolicArray:systolicArr|multiplierBlock:row_loop[2].col_loop[1].mb|partialSum[14]          ; Packed Register ; Register Packing ; Timing optimization        ; Q         ;                ; systolicArray:systolicArr|multiplierBlock:row_loop[2].col_loop[1].mb|Mult0~mac                   ; BY               ;                       ;
; systolicArray:systolicArr|multiplierBlock:row_loop[2].col_loop[1].mb|partialSum[14]~SCLR_LUT ; Created         ; Register Packing ; Timing optimization        ;           ;                ;                                                                                                  ;                  ;                       ;
; systolicArray:systolicArr|multiplierBlock:row_loop[2].col_loop[1].mb|partialSum[15]          ; Packed Register ; Register Packing ; Timing optimization        ; Q         ;                ; systolicArray:systolicArr|multiplierBlock:row_loop[2].col_loop[1].mb|Mult0~mac                   ; BY               ;                       ;
; systolicArray:systolicArr|multiplierBlock:row_loop[2].col_loop[1].mb|partialSum[15]~SCLR_LUT ; Created         ; Register Packing ; Timing optimization        ;           ;                ;                                                                                                  ;                  ;                       ;
; systolicArray:systolicArr|multiplierBlock:row_loop[2].col_loop[1].mb|partialSum[16]          ; Packed Register ; Register Packing ; Timing optimization        ; Q         ;                ; systolicArray:systolicArr|multiplierBlock:row_loop[2].col_loop[1].mb|Mult0~mac                   ; BY               ;                       ;
; systolicArray:systolicArr|multiplierBlock:row_loop[2].col_loop[1].mb|partialSum[16]~SCLR_LUT ; Created         ; Register Packing ; Timing optimization        ;           ;                ;                                                                                                  ;                  ;                       ;
; systolicArray:systolicArr|multiplierBlock:row_loop[2].col_loop[1].mb|partialSum[17]          ; Packed Register ; Register Packing ; Timing optimization        ; Q         ;                ; systolicArray:systolicArr|multiplierBlock:row_loop[2].col_loop[1].mb|Mult0~mac                   ; BY               ;                       ;
; systolicArray:systolicArr|multiplierBlock:row_loop[2].col_loop[1].mb|partialSum[17]~SCLR_LUT ; Created         ; Register Packing ; Timing optimization        ;           ;                ;                                                                                                  ;                  ;                       ;
; systolicArray:systolicArr|multiplierBlock:row_loop[2].col_loop[1].mb|partialSum[18]          ; Packed Register ; Register Packing ; Timing optimization        ; Q         ;                ; systolicArray:systolicArr|multiplierBlock:row_loop[2].col_loop[1].mb|Mult0~mac                   ; BX               ;                       ;
; systolicArray:systolicArr|multiplierBlock:row_loop[2].col_loop[1].mb|partialSum[18]~SCLR_LUT ; Created         ; Register Packing ; Timing optimization        ;           ;                ;                                                                                                  ;                  ;                       ;
; systolicArray:systolicArr|multiplierBlock:row_loop[2].col_loop[1].mb|partialSum[19]          ; Packed Register ; Register Packing ; Timing optimization        ; Q         ;                ; systolicArray:systolicArr|multiplierBlock:row_loop[2].col_loop[1].mb|Mult0~mac                   ; BX               ;                       ;
; systolicArray:systolicArr|multiplierBlock:row_loop[2].col_loop[1].mb|partialSum[19]~SCLR_LUT ; Created         ; Register Packing ; Timing optimization        ;           ;                ;                                                                                                  ;                  ;                       ;
; systolicArray:systolicArr|multiplierBlock:row_loop[2].col_loop[1].mb|partialSum[20]          ; Packed Register ; Register Packing ; Timing optimization        ; Q         ;                ; systolicArray:systolicArr|multiplierBlock:row_loop[2].col_loop[1].mb|Mult0~mac                   ; BX               ;                       ;
; systolicArray:systolicArr|multiplierBlock:row_loop[2].col_loop[1].mb|partialSum[20]~SCLR_LUT ; Created         ; Register Packing ; Timing optimization        ;           ;                ;                                                                                                  ;                  ;                       ;
; systolicArray:systolicArr|multiplierBlock:row_loop[2].col_loop[1].mb|partialSum[21]          ; Packed Register ; Register Packing ; Timing optimization        ; Q         ;                ; systolicArray:systolicArr|multiplierBlock:row_loop[2].col_loop[1].mb|Mult0~mac                   ; BX               ;                       ;
; systolicArray:systolicArr|multiplierBlock:row_loop[2].col_loop[1].mb|partialSum[21]~SCLR_LUT ; Created         ; Register Packing ; Timing optimization        ;           ;                ;                                                                                                  ;                  ;                       ;
; systolicArray:systolicArr|multiplierBlock:row_loop[2].col_loop[1].mb|partialSum[22]          ; Packed Register ; Register Packing ; Timing optimization        ; Q         ;                ; systolicArray:systolicArr|multiplierBlock:row_loop[2].col_loop[1].mb|Mult0~mac                   ; BX               ;                       ;
; systolicArray:systolicArr|multiplierBlock:row_loop[2].col_loop[1].mb|partialSum[22]~SCLR_LUT ; Created         ; Register Packing ; Timing optimization        ;           ;                ;                                                                                                  ;                  ;                       ;
; systolicArray:systolicArr|multiplierBlock:row_loop[2].col_loop[1].mb|partialSum[23]          ; Packed Register ; Register Packing ; Timing optimization        ; Q         ;                ; systolicArray:systolicArr|multiplierBlock:row_loop[2].col_loop[1].mb|Mult0~mac                   ; BX               ;                       ;
; systolicArray:systolicArr|multiplierBlock:row_loop[2].col_loop[1].mb|partialSum[23]~SCLR_LUT ; Created         ; Register Packing ; Timing optimization        ;           ;                ;                                                                                                  ;                  ;                       ;
; systolicArray:systolicArr|multiplierBlock:row_loop[2].col_loop[1].mb|partialSum[24]          ; Packed Register ; Register Packing ; Timing optimization        ; Q         ;                ; systolicArray:systolicArr|multiplierBlock:row_loop[2].col_loop[1].mb|Mult0~mac                   ; BX               ;                       ;
; systolicArray:systolicArr|multiplierBlock:row_loop[2].col_loop[1].mb|partialSum[24]~SCLR_LUT ; Created         ; Register Packing ; Timing optimization        ;           ;                ;                                                                                                  ;                  ;                       ;
; systolicArray:systolicArr|multiplierBlock:row_loop[2].col_loop[1].mb|partialSum[25]          ; Packed Register ; Register Packing ; Timing optimization        ; Q         ;                ; systolicArray:systolicArr|multiplierBlock:row_loop[2].col_loop[1].mb|Mult0~mac                   ; BX               ;                       ;
; systolicArray:systolicArr|multiplierBlock:row_loop[2].col_loop[1].mb|partialSum[25]~SCLR_LUT ; Created         ; Register Packing ; Timing optimization        ;           ;                ;                                                                                                  ;                  ;                       ;
; systolicArray:systolicArr|multiplierBlock:row_loop[2].col_loop[1].mb|partialSum[26]          ; Packed Register ; Register Packing ; Timing optimization        ; Q         ;                ; systolicArray:systolicArr|multiplierBlock:row_loop[2].col_loop[1].mb|Mult0~mac                   ; BX               ;                       ;
; systolicArray:systolicArr|multiplierBlock:row_loop[2].col_loop[1].mb|partialSum[26]~SCLR_LUT ; Created         ; Register Packing ; Timing optimization        ;           ;                ;                                                                                                  ;                  ;                       ;
; systolicArray:systolicArr|multiplierBlock:row_loop[2].col_loop[1].mb|partialSum[27]          ; Packed Register ; Register Packing ; Timing optimization        ; Q         ;                ; systolicArray:systolicArr|multiplierBlock:row_loop[2].col_loop[1].mb|Mult0~mac                   ; BX               ;                       ;
; systolicArray:systolicArr|multiplierBlock:row_loop[2].col_loop[1].mb|partialSum[27]~SCLR_LUT ; Created         ; Register Packing ; Timing optimization        ;           ;                ;                                                                                                  ;                  ;                       ;
; systolicArray:systolicArr|multiplierBlock:row_loop[2].col_loop[1].mb|partialSum[28]          ; Packed Register ; Register Packing ; Timing optimization        ; Q         ;                ; systolicArray:systolicArr|multiplierBlock:row_loop[2].col_loop[1].mb|Mult0~mac                   ; BX               ;                       ;
; systolicArray:systolicArr|multiplierBlock:row_loop[2].col_loop[1].mb|partialSum[28]~SCLR_LUT ; Created         ; Register Packing ; Timing optimization        ;           ;                ;                                                                                                  ;                  ;                       ;
; systolicArray:systolicArr|multiplierBlock:row_loop[2].col_loop[1].mb|partialSum[29]          ; Packed Register ; Register Packing ; Timing optimization        ; Q         ;                ; systolicArray:systolicArr|multiplierBlock:row_loop[2].col_loop[1].mb|Mult0~mac                   ; BX               ;                       ;
; systolicArray:systolicArr|multiplierBlock:row_loop[2].col_loop[1].mb|partialSum[29]~SCLR_LUT ; Created         ; Register Packing ; Timing optimization        ;           ;                ;                                                                                                  ;                  ;                       ;
; systolicArray:systolicArr|multiplierBlock:row_loop[2].col_loop[1].mb|partialSum[30]          ; Packed Register ; Register Packing ; Timing optimization        ; Q         ;                ; systolicArray:systolicArr|multiplierBlock:row_loop[2].col_loop[1].mb|Mult0~mac                   ; BX               ;                       ;
; systolicArray:systolicArr|multiplierBlock:row_loop[2].col_loop[1].mb|partialSum[30]~SCLR_LUT ; Created         ; Register Packing ; Timing optimization        ;           ;                ;                                                                                                  ;                  ;                       ;
; systolicArray:systolicArr|multiplierBlock:row_loop[2].col_loop[1].mb|partialSum[31]          ; Packed Register ; Register Packing ; Timing optimization        ; Q         ;                ; systolicArray:systolicArr|multiplierBlock:row_loop[2].col_loop[1].mb|Mult0~mac                   ; BX               ;                       ;
; systolicArray:systolicArr|multiplierBlock:row_loop[2].col_loop[1].mb|partialSum[31]~SCLR_LUT ; Created         ; Register Packing ; Timing optimization        ;           ;                ;                                                                                                  ;                  ;                       ;
; systolicArray:systolicArr|multiplierBlock:row_loop[2].col_loop[2].mb|partialSum[0]           ; Packed Register ; Register Packing ; Timing optimization        ; Q         ;                ; systolicArray:systolicArr|multiplierBlock:row_loop[2].col_loop[2].mb|Mult0~mac                   ; BY               ;                       ;
; systolicArray:systolicArr|multiplierBlock:row_loop[2].col_loop[2].mb|partialSum[0]           ; Duplicated      ; Register Packing ; Timing optimization        ; Q         ;                ; systolicArray:systolicArr|multiplierBlock:row_loop[2].col_loop[2].mb|partialSum[0]~_Duplicate_1  ; Q                ;                       ;
; systolicArray:systolicArr|multiplierBlock:row_loop[2].col_loop[2].mb|partialSum[0]~SCLR_LUT  ; Created         ; Register Packing ; Timing optimization        ;           ;                ;                                                                                                  ;                  ;                       ;
; systolicArray:systolicArr|multiplierBlock:row_loop[2].col_loop[2].mb|partialSum[1]           ; Packed Register ; Register Packing ; Timing optimization        ; Q         ;                ; systolicArray:systolicArr|multiplierBlock:row_loop[2].col_loop[2].mb|Mult0~mac                   ; BY               ;                       ;
; systolicArray:systolicArr|multiplierBlock:row_loop[2].col_loop[2].mb|partialSum[1]           ; Duplicated      ; Register Packing ; Timing optimization        ; Q         ;                ; systolicArray:systolicArr|multiplierBlock:row_loop[2].col_loop[2].mb|partialSum[1]~_Duplicate_1  ; Q                ;                       ;
; systolicArray:systolicArr|multiplierBlock:row_loop[2].col_loop[2].mb|partialSum[1]~SCLR_LUT  ; Created         ; Register Packing ; Timing optimization        ;           ;                ;                                                                                                  ;                  ;                       ;
; systolicArray:systolicArr|multiplierBlock:row_loop[2].col_loop[2].mb|partialSum[2]           ; Packed Register ; Register Packing ; Timing optimization        ; Q         ;                ; systolicArray:systolicArr|multiplierBlock:row_loop[2].col_loop[2].mb|Mult0~mac                   ; BY               ;                       ;
; systolicArray:systolicArr|multiplierBlock:row_loop[2].col_loop[2].mb|partialSum[2]           ; Duplicated      ; Register Packing ; Timing optimization        ; Q         ;                ; systolicArray:systolicArr|multiplierBlock:row_loop[2].col_loop[2].mb|partialSum[2]~_Duplicate_1  ; Q                ;                       ;
; systolicArray:systolicArr|multiplierBlock:row_loop[2].col_loop[2].mb|partialSum[2]~SCLR_LUT  ; Created         ; Register Packing ; Timing optimization        ;           ;                ;                                                                                                  ;                  ;                       ;
; systolicArray:systolicArr|multiplierBlock:row_loop[2].col_loop[2].mb|partialSum[3]           ; Packed Register ; Register Packing ; Timing optimization        ; Q         ;                ; systolicArray:systolicArr|multiplierBlock:row_loop[2].col_loop[2].mb|Mult0~mac                   ; BY               ;                       ;
; systolicArray:systolicArr|multiplierBlock:row_loop[2].col_loop[2].mb|partialSum[3]           ; Duplicated      ; Register Packing ; Timing optimization        ; Q         ;                ; systolicArray:systolicArr|multiplierBlock:row_loop[2].col_loop[2].mb|partialSum[3]~_Duplicate_1  ; Q                ;                       ;
; systolicArray:systolicArr|multiplierBlock:row_loop[2].col_loop[2].mb|partialSum[3]~SCLR_LUT  ; Created         ; Register Packing ; Timing optimization        ;           ;                ;                                                                                                  ;                  ;                       ;
; systolicArray:systolicArr|multiplierBlock:row_loop[2].col_loop[2].mb|partialSum[4]           ; Packed Register ; Register Packing ; Timing optimization        ; Q         ;                ; systolicArray:systolicArr|multiplierBlock:row_loop[2].col_loop[2].mb|Mult0~mac                   ; BY               ;                       ;
; systolicArray:systolicArr|multiplierBlock:row_loop[2].col_loop[2].mb|partialSum[4]           ; Duplicated      ; Register Packing ; Timing optimization        ; Q         ;                ; systolicArray:systolicArr|multiplierBlock:row_loop[2].col_loop[2].mb|partialSum[4]~_Duplicate_1  ; Q                ;                       ;
; systolicArray:systolicArr|multiplierBlock:row_loop[2].col_loop[2].mb|partialSum[4]~SCLR_LUT  ; Created         ; Register Packing ; Timing optimization        ;           ;                ;                                                                                                  ;                  ;                       ;
; systolicArray:systolicArr|multiplierBlock:row_loop[2].col_loop[2].mb|partialSum[5]           ; Packed Register ; Register Packing ; Timing optimization        ; Q         ;                ; systolicArray:systolicArr|multiplierBlock:row_loop[2].col_loop[2].mb|Mult0~mac                   ; BY               ;                       ;
; systolicArray:systolicArr|multiplierBlock:row_loop[2].col_loop[2].mb|partialSum[5]           ; Duplicated      ; Register Packing ; Timing optimization        ; Q         ;                ; systolicArray:systolicArr|multiplierBlock:row_loop[2].col_loop[2].mb|partialSum[5]~_Duplicate_1  ; Q                ;                       ;
; systolicArray:systolicArr|multiplierBlock:row_loop[2].col_loop[2].mb|partialSum[5]~SCLR_LUT  ; Created         ; Register Packing ; Timing optimization        ;           ;                ;                                                                                                  ;                  ;                       ;
; systolicArray:systolicArr|multiplierBlock:row_loop[2].col_loop[2].mb|partialSum[6]           ; Packed Register ; Register Packing ; Timing optimization        ; Q         ;                ; systolicArray:systolicArr|multiplierBlock:row_loop[2].col_loop[2].mb|Mult0~mac                   ; BY               ;                       ;
; systolicArray:systolicArr|multiplierBlock:row_loop[2].col_loop[2].mb|partialSum[6]           ; Duplicated      ; Register Packing ; Timing optimization        ; Q         ;                ; systolicArray:systolicArr|multiplierBlock:row_loop[2].col_loop[2].mb|partialSum[6]~_Duplicate_1  ; Q                ;                       ;
; systolicArray:systolicArr|multiplierBlock:row_loop[2].col_loop[2].mb|partialSum[6]~SCLR_LUT  ; Created         ; Register Packing ; Timing optimization        ;           ;                ;                                                                                                  ;                  ;                       ;
; systolicArray:systolicArr|multiplierBlock:row_loop[2].col_loop[2].mb|partialSum[7]           ; Packed Register ; Register Packing ; Timing optimization        ; Q         ;                ; systolicArray:systolicArr|multiplierBlock:row_loop[2].col_loop[2].mb|Mult0~mac                   ; BY               ;                       ;
; systolicArray:systolicArr|multiplierBlock:row_loop[2].col_loop[2].mb|partialSum[7]           ; Duplicated      ; Register Packing ; Timing optimization        ; Q         ;                ; systolicArray:systolicArr|multiplierBlock:row_loop[2].col_loop[2].mb|partialSum[7]~_Duplicate_1  ; Q                ;                       ;
; systolicArray:systolicArr|multiplierBlock:row_loop[2].col_loop[2].mb|partialSum[7]~SCLR_LUT  ; Created         ; Register Packing ; Timing optimization        ;           ;                ;                                                                                                  ;                  ;                       ;
; systolicArray:systolicArr|multiplierBlock:row_loop[2].col_loop[2].mb|partialSum[8]           ; Packed Register ; Register Packing ; Timing optimization        ; Q         ;                ; systolicArray:systolicArr|multiplierBlock:row_loop[2].col_loop[2].mb|Mult0~mac                   ; BY               ;                       ;
; systolicArray:systolicArr|multiplierBlock:row_loop[2].col_loop[2].mb|partialSum[8]           ; Duplicated      ; Register Packing ; Timing optimization        ; Q         ;                ; systolicArray:systolicArr|multiplierBlock:row_loop[2].col_loop[2].mb|partialSum[8]~_Duplicate_1  ; Q                ;                       ;
; systolicArray:systolicArr|multiplierBlock:row_loop[2].col_loop[2].mb|partialSum[8]~SCLR_LUT  ; Created         ; Register Packing ; Timing optimization        ;           ;                ;                                                                                                  ;                  ;                       ;
; systolicArray:systolicArr|multiplierBlock:row_loop[2].col_loop[2].mb|partialSum[9]           ; Packed Register ; Register Packing ; Timing optimization        ; Q         ;                ; systolicArray:systolicArr|multiplierBlock:row_loop[2].col_loop[2].mb|Mult0~mac                   ; BY               ;                       ;
; systolicArray:systolicArr|multiplierBlock:row_loop[2].col_loop[2].mb|partialSum[9]           ; Duplicated      ; Register Packing ; Timing optimization        ; Q         ;                ; systolicArray:systolicArr|multiplierBlock:row_loop[2].col_loop[2].mb|partialSum[9]~_Duplicate_1  ; Q                ;                       ;
; systolicArray:systolicArr|multiplierBlock:row_loop[2].col_loop[2].mb|partialSum[9]~SCLR_LUT  ; Created         ; Register Packing ; Timing optimization        ;           ;                ;                                                                                                  ;                  ;                       ;
; systolicArray:systolicArr|multiplierBlock:row_loop[2].col_loop[2].mb|partialSum[10]          ; Packed Register ; Register Packing ; Timing optimization        ; Q         ;                ; systolicArray:systolicArr|multiplierBlock:row_loop[2].col_loop[2].mb|Mult0~mac                   ; BY               ;                       ;
; systolicArray:systolicArr|multiplierBlock:row_loop[2].col_loop[2].mb|partialSum[10]          ; Duplicated      ; Register Packing ; Timing optimization        ; Q         ;                ; systolicArray:systolicArr|multiplierBlock:row_loop[2].col_loop[2].mb|partialSum[10]~_Duplicate_1 ; Q                ;                       ;
; systolicArray:systolicArr|multiplierBlock:row_loop[2].col_loop[2].mb|partialSum[10]~SCLR_LUT ; Created         ; Register Packing ; Timing optimization        ;           ;                ;                                                                                                  ;                  ;                       ;
; systolicArray:systolicArr|multiplierBlock:row_loop[2].col_loop[2].mb|partialSum[11]          ; Packed Register ; Register Packing ; Timing optimization        ; Q         ;                ; systolicArray:systolicArr|multiplierBlock:row_loop[2].col_loop[2].mb|Mult0~mac                   ; BY               ;                       ;
; systolicArray:systolicArr|multiplierBlock:row_loop[2].col_loop[2].mb|partialSum[11]          ; Duplicated      ; Register Packing ; Timing optimization        ; Q         ;                ; systolicArray:systolicArr|multiplierBlock:row_loop[2].col_loop[2].mb|partialSum[11]~_Duplicate_1 ; Q                ;                       ;
; systolicArray:systolicArr|multiplierBlock:row_loop[2].col_loop[2].mb|partialSum[11]~SCLR_LUT ; Created         ; Register Packing ; Timing optimization        ;           ;                ;                                                                                                  ;                  ;                       ;
; systolicArray:systolicArr|multiplierBlock:row_loop[2].col_loop[2].mb|partialSum[12]          ; Packed Register ; Register Packing ; Timing optimization        ; Q         ;                ; systolicArray:systolicArr|multiplierBlock:row_loop[2].col_loop[2].mb|Mult0~mac                   ; BY               ;                       ;
; systolicArray:systolicArr|multiplierBlock:row_loop[2].col_loop[2].mb|partialSum[12]~SCLR_LUT ; Created         ; Register Packing ; Timing optimization        ;           ;                ;                                                                                                  ;                  ;                       ;
; systolicArray:systolicArr|multiplierBlock:row_loop[2].col_loop[2].mb|partialSum[13]          ; Packed Register ; Register Packing ; Timing optimization        ; Q         ;                ; systolicArray:systolicArr|multiplierBlock:row_loop[2].col_loop[2].mb|Mult0~mac                   ; BY               ;                       ;
; systolicArray:systolicArr|multiplierBlock:row_loop[2].col_loop[2].mb|partialSum[13]~SCLR_LUT ; Created         ; Register Packing ; Timing optimization        ;           ;                ;                                                                                                  ;                  ;                       ;
; systolicArray:systolicArr|multiplierBlock:row_loop[2].col_loop[2].mb|partialSum[14]          ; Packed Register ; Register Packing ; Timing optimization        ; Q         ;                ; systolicArray:systolicArr|multiplierBlock:row_loop[2].col_loop[2].mb|Mult0~mac                   ; BY               ;                       ;
; systolicArray:systolicArr|multiplierBlock:row_loop[2].col_loop[2].mb|partialSum[14]~SCLR_LUT ; Created         ; Register Packing ; Timing optimization        ;           ;                ;                                                                                                  ;                  ;                       ;
; systolicArray:systolicArr|multiplierBlock:row_loop[2].col_loop[2].mb|partialSum[15]          ; Packed Register ; Register Packing ; Timing optimization        ; Q         ;                ; systolicArray:systolicArr|multiplierBlock:row_loop[2].col_loop[2].mb|Mult0~mac                   ; BY               ;                       ;
; systolicArray:systolicArr|multiplierBlock:row_loop[2].col_loop[2].mb|partialSum[15]~SCLR_LUT ; Created         ; Register Packing ; Timing optimization        ;           ;                ;                                                                                                  ;                  ;                       ;
; systolicArray:systolicArr|multiplierBlock:row_loop[2].col_loop[2].mb|partialSum[16]          ; Packed Register ; Register Packing ; Timing optimization        ; Q         ;                ; systolicArray:systolicArr|multiplierBlock:row_loop[2].col_loop[2].mb|Mult0~mac                   ; BY               ;                       ;
; systolicArray:systolicArr|multiplierBlock:row_loop[2].col_loop[2].mb|partialSum[16]~SCLR_LUT ; Created         ; Register Packing ; Timing optimization        ;           ;                ;                                                                                                  ;                  ;                       ;
; systolicArray:systolicArr|multiplierBlock:row_loop[2].col_loop[2].mb|partialSum[17]          ; Packed Register ; Register Packing ; Timing optimization        ; Q         ;                ; systolicArray:systolicArr|multiplierBlock:row_loop[2].col_loop[2].mb|Mult0~mac                   ; BY               ;                       ;
; systolicArray:systolicArr|multiplierBlock:row_loop[2].col_loop[2].mb|partialSum[17]~SCLR_LUT ; Created         ; Register Packing ; Timing optimization        ;           ;                ;                                                                                                  ;                  ;                       ;
; systolicArray:systolicArr|multiplierBlock:row_loop[2].col_loop[2].mb|partialSum[18]          ; Packed Register ; Register Packing ; Timing optimization        ; Q         ;                ; systolicArray:systolicArr|multiplierBlock:row_loop[2].col_loop[2].mb|Mult0~mac                   ; BX               ;                       ;
; systolicArray:systolicArr|multiplierBlock:row_loop[2].col_loop[2].mb|partialSum[18]~SCLR_LUT ; Created         ; Register Packing ; Timing optimization        ;           ;                ;                                                                                                  ;                  ;                       ;
; systolicArray:systolicArr|multiplierBlock:row_loop[2].col_loop[2].mb|partialSum[19]          ; Packed Register ; Register Packing ; Timing optimization        ; Q         ;                ; systolicArray:systolicArr|multiplierBlock:row_loop[2].col_loop[2].mb|Mult0~mac                   ; BX               ;                       ;
; systolicArray:systolicArr|multiplierBlock:row_loop[2].col_loop[2].mb|partialSum[19]~SCLR_LUT ; Created         ; Register Packing ; Timing optimization        ;           ;                ;                                                                                                  ;                  ;                       ;
; systolicArray:systolicArr|multiplierBlock:row_loop[2].col_loop[2].mb|partialSum[20]          ; Packed Register ; Register Packing ; Timing optimization        ; Q         ;                ; systolicArray:systolicArr|multiplierBlock:row_loop[2].col_loop[2].mb|Mult0~mac                   ; BX               ;                       ;
; systolicArray:systolicArr|multiplierBlock:row_loop[2].col_loop[2].mb|partialSum[20]~SCLR_LUT ; Created         ; Register Packing ; Timing optimization        ;           ;                ;                                                                                                  ;                  ;                       ;
; systolicArray:systolicArr|multiplierBlock:row_loop[2].col_loop[2].mb|partialSum[21]          ; Packed Register ; Register Packing ; Timing optimization        ; Q         ;                ; systolicArray:systolicArr|multiplierBlock:row_loop[2].col_loop[2].mb|Mult0~mac                   ; BX               ;                       ;
; systolicArray:systolicArr|multiplierBlock:row_loop[2].col_loop[2].mb|partialSum[21]~SCLR_LUT ; Created         ; Register Packing ; Timing optimization        ;           ;                ;                                                                                                  ;                  ;                       ;
; systolicArray:systolicArr|multiplierBlock:row_loop[2].col_loop[2].mb|partialSum[22]          ; Packed Register ; Register Packing ; Timing optimization        ; Q         ;                ; systolicArray:systolicArr|multiplierBlock:row_loop[2].col_loop[2].mb|Mult0~mac                   ; BX               ;                       ;
; systolicArray:systolicArr|multiplierBlock:row_loop[2].col_loop[2].mb|partialSum[22]~SCLR_LUT ; Created         ; Register Packing ; Timing optimization        ;           ;                ;                                                                                                  ;                  ;                       ;
; systolicArray:systolicArr|multiplierBlock:row_loop[2].col_loop[2].mb|partialSum[23]          ; Packed Register ; Register Packing ; Timing optimization        ; Q         ;                ; systolicArray:systolicArr|multiplierBlock:row_loop[2].col_loop[2].mb|Mult0~mac                   ; BX               ;                       ;
; systolicArray:systolicArr|multiplierBlock:row_loop[2].col_loop[2].mb|partialSum[23]~SCLR_LUT ; Created         ; Register Packing ; Timing optimization        ;           ;                ;                                                                                                  ;                  ;                       ;
; systolicArray:systolicArr|multiplierBlock:row_loop[2].col_loop[2].mb|partialSum[24]          ; Packed Register ; Register Packing ; Timing optimization        ; Q         ;                ; systolicArray:systolicArr|multiplierBlock:row_loop[2].col_loop[2].mb|Mult0~mac                   ; BX               ;                       ;
; systolicArray:systolicArr|multiplierBlock:row_loop[2].col_loop[2].mb|partialSum[24]~SCLR_LUT ; Created         ; Register Packing ; Timing optimization        ;           ;                ;                                                                                                  ;                  ;                       ;
; systolicArray:systolicArr|multiplierBlock:row_loop[2].col_loop[2].mb|partialSum[25]          ; Packed Register ; Register Packing ; Timing optimization        ; Q         ;                ; systolicArray:systolicArr|multiplierBlock:row_loop[2].col_loop[2].mb|Mult0~mac                   ; BX               ;                       ;
; systolicArray:systolicArr|multiplierBlock:row_loop[2].col_loop[2].mb|partialSum[25]~SCLR_LUT ; Created         ; Register Packing ; Timing optimization        ;           ;                ;                                                                                                  ;                  ;                       ;
; systolicArray:systolicArr|multiplierBlock:row_loop[2].col_loop[2].mb|partialSum[26]          ; Packed Register ; Register Packing ; Timing optimization        ; Q         ;                ; systolicArray:systolicArr|multiplierBlock:row_loop[2].col_loop[2].mb|Mult0~mac                   ; BX               ;                       ;
; systolicArray:systolicArr|multiplierBlock:row_loop[2].col_loop[2].mb|partialSum[26]~SCLR_LUT ; Created         ; Register Packing ; Timing optimization        ;           ;                ;                                                                                                  ;                  ;                       ;
; systolicArray:systolicArr|multiplierBlock:row_loop[2].col_loop[2].mb|partialSum[27]          ; Packed Register ; Register Packing ; Timing optimization        ; Q         ;                ; systolicArray:systolicArr|multiplierBlock:row_loop[2].col_loop[2].mb|Mult0~mac                   ; BX               ;                       ;
; systolicArray:systolicArr|multiplierBlock:row_loop[2].col_loop[2].mb|partialSum[27]~SCLR_LUT ; Created         ; Register Packing ; Timing optimization        ;           ;                ;                                                                                                  ;                  ;                       ;
; systolicArray:systolicArr|multiplierBlock:row_loop[2].col_loop[2].mb|partialSum[28]          ; Packed Register ; Register Packing ; Timing optimization        ; Q         ;                ; systolicArray:systolicArr|multiplierBlock:row_loop[2].col_loop[2].mb|Mult0~mac                   ; BX               ;                       ;
; systolicArray:systolicArr|multiplierBlock:row_loop[2].col_loop[2].mb|partialSum[28]~SCLR_LUT ; Created         ; Register Packing ; Timing optimization        ;           ;                ;                                                                                                  ;                  ;                       ;
; systolicArray:systolicArr|multiplierBlock:row_loop[2].col_loop[2].mb|partialSum[29]          ; Packed Register ; Register Packing ; Timing optimization        ; Q         ;                ; systolicArray:systolicArr|multiplierBlock:row_loop[2].col_loop[2].mb|Mult0~mac                   ; BX               ;                       ;
; systolicArray:systolicArr|multiplierBlock:row_loop[2].col_loop[2].mb|partialSum[29]~SCLR_LUT ; Created         ; Register Packing ; Timing optimization        ;           ;                ;                                                                                                  ;                  ;                       ;
; systolicArray:systolicArr|multiplierBlock:row_loop[2].col_loop[2].mb|partialSum[30]          ; Packed Register ; Register Packing ; Timing optimization        ; Q         ;                ; systolicArray:systolicArr|multiplierBlock:row_loop[2].col_loop[2].mb|Mult0~mac                   ; BX               ;                       ;
; systolicArray:systolicArr|multiplierBlock:row_loop[2].col_loop[2].mb|partialSum[30]~SCLR_LUT ; Created         ; Register Packing ; Timing optimization        ;           ;                ;                                                                                                  ;                  ;                       ;
; systolicArray:systolicArr|multiplierBlock:row_loop[2].col_loop[2].mb|partialSum[31]          ; Packed Register ; Register Packing ; Timing optimization        ; Q         ;                ; systolicArray:systolicArr|multiplierBlock:row_loop[2].col_loop[2].mb|Mult0~mac                   ; BX               ;                       ;
; systolicArray:systolicArr|multiplierBlock:row_loop[2].col_loop[2].mb|partialSum[31]~SCLR_LUT ; Created         ; Register Packing ; Timing optimization        ;           ;                ;                                                                                                  ;                  ;                       ;
+----------------------------------------------------------------------------------------------+-----------------+------------------+----------------------------+-----------+----------------+--------------------------------------------------------------------------------------------------+------------------+-----------------------+


+--------------------------------------------------------------------------------------------------+
; Incremental Compilation Preservation Summary                                                     ;
+---------------------+--------------------+----------------------------+--------------------------+
; Type                ; Total [A + B]      ; From Design Partitions [A] ; From Rapid Recompile [B] ;
+---------------------+--------------------+----------------------------+--------------------------+
; Placement (by node) ;                    ;                            ;                          ;
;     -- Requested    ; 0.00 % ( 0 / 893 ) ; 0.00 % ( 0 / 893 )         ; 0.00 % ( 0 / 893 )       ;
;     -- Achieved     ; 0.00 % ( 0 / 893 ) ; 0.00 % ( 0 / 893 )         ; 0.00 % ( 0 / 893 )       ;
;                     ;                    ;                            ;                          ;
; Routing (by net)    ;                    ;                            ;                          ;
;     -- Requested    ; 0.00 % ( 0 / 0 )   ; 0.00 % ( 0 / 0 )           ; 0.00 % ( 0 / 0 )         ;
;     -- Achieved     ; 0.00 % ( 0 / 0 )   ; 0.00 % ( 0 / 0 )           ; 0.00 % ( 0 / 0 )         ;
+---------------------+--------------------+----------------------------+--------------------------+


+----------------------------------------------------------------------------------------------------------------------------------------------------------------------------------------+
; Incremental Compilation Partition Settings                                                                                                                                             ;
+--------------------------------+----------------+-------------------+-------------------------+------------------------+------------------------------+--------------------------------+
; Partition Name                 ; Partition Type ; Netlist Type Used ; Preservation Level Used ; Netlist Type Requested ; Preservation Level Requested ; Contents                       ;
+--------------------------------+----------------+-------------------+-------------------------+------------------------+------------------------------+--------------------------------+
; Top                            ; User-created   ; Source File       ; N/A                     ; Source File            ; N/A                          ;                                ;
; hard_block:auto_generated_inst ; Auto-generated ; Source File       ; N/A                     ; Source File            ; N/A                          ; hard_block:auto_generated_inst ;
+--------------------------------+----------------+-------------------+-------------------------+------------------------+------------------------------+--------------------------------+


+------------------------------------------------------------------------------------------------------------------------------------+
; Incremental Compilation Placement Preservation                                                                                     ;
+--------------------------------+-----------------------+-------------------------+-------------------+---------------------+-------+
; Partition Name                 ; Preservation Achieved ; Preservation Level Used ; Netlist Type Used ; Preservation Method ; Notes ;
+--------------------------------+-----------------------+-------------------------+-------------------+---------------------+-------+
; Top                            ; 0.00 % ( 0 / 893 )    ; N/A                     ; Source File       ; N/A                 ;       ;
; hard_block:auto_generated_inst ; 0.00 % ( 0 / 0 )      ; N/A                     ; Source File       ; N/A                 ;       ;
+--------------------------------+-----------------------+-------------------------+-------------------+---------------------+-------+


+--------------+
; Pin-Out File ;
+--------------+
The pin-out file can be found in C:/Users/Umair/OneDrive/Desktop/Work/Self_Projects/NN Acceleration/Quartus Stuff/output_files/NN_Acceleration.pin.


+------------------------------------------------------------------------------------------+
; Fitter Resource Usage Summary                                                            ;
+-------------------------------------------------------------+--------------------+-------+
; Resource                                                    ; Usage              ; %     ;
+-------------------------------------------------------------+--------------------+-------+
; Logic utilization (ALMs needed / total ALMs on device)      ; 222 / 56,480       ; < 1 % ;
; ALMs needed [=A-B+C]                                        ; 222                ;       ;
;     [A] ALMs used in final placement [=a+b+c+d]             ; 230 / 56,480       ; < 1 % ;
;         [a] ALMs used for LUT logic and registers           ; 92                 ;       ;
;         [b] ALMs used for LUT logic                         ; 137                ;       ;
;         [c] ALMs used for registers                         ; 1                  ;       ;
;         [d] ALMs used for memory (up to half of total ALMs) ; 0                  ;       ;
;     [B] Estimate of ALMs recoverable by dense packing       ; 8 / 56,480         ; < 1 % ;
;     [C] Estimate of ALMs unavailable [=a+b+c+d]             ; 0 / 56,480         ; 0 %   ;
;         [a] Due to location constrained logic               ; 0                  ;       ;
;         [b] Due to LAB-wide signal conflicts                ; 0                  ;       ;
;         [c] Due to LAB input limits                         ; 0                  ;       ;
;         [d] Due to virtual I/Os                             ; 0                  ;       ;
;                                                             ;                    ;       ;
; Difficulty packing design                                   ; Low                ;       ;
;                                                             ;                    ;       ;
; Total LABs:  partially or completely used                   ; 36 / 5,648         ; < 1 % ;
;     -- Logic LABs                                           ; 36                 ;       ;
;     -- Memory LABs (up to half of total LABs)               ; 0                  ;       ;
;                                                             ;                    ;       ;
; Combinational ALUT usage for logic                          ; 443                ;       ;
;     -- 7 input functions                                    ; 0                  ;       ;
;     -- 6 input functions                                    ; 0                  ;       ;
;     -- 5 input functions                                    ; 39                 ;       ;
;     -- 4 input functions                                    ; 1                  ;       ;
;     -- <=3 input functions                                  ; 403                ;       ;
; Combinational ALUT usage for route-throughs                 ; 0                  ;       ;
;                                                             ;                    ;       ;
; Dedicated logic registers                                   ; 184                ;       ;
;     -- By type:                                             ;                    ;       ;
;         -- Primary logic registers                          ; 184 / 112,960      ; < 1 % ;
;         -- Secondary logic registers                        ; 0 / 112,960        ; 0 %   ;
;     -- By function:                                         ;                    ;       ;
;         -- Design implementation registers                  ; 184                ;       ;
;         -- Routing optimization registers                   ; 0                  ;       ;
;                                                             ;                    ;       ;
; Virtual pins                                                ; 0                  ;       ;
; I/O pins                                                    ; 218 / 268          ; 81 %  ;
;     -- Clock pins                                           ; 9 / 11             ; 82 %  ;
;     -- Dedicated input pins                                 ; 0 / 23             ; 0 %   ;
;                                                             ;                    ;       ;
; M10K blocks                                                 ; 0 / 686            ; 0 %   ;
; Total MLAB memory bits                                      ; 0                  ;       ;
; Total block memory bits                                     ; 0 / 7,024,640      ; 0 %   ;
; Total block memory implementation bits                      ; 0 / 7,024,640      ; 0 %   ;
;                                                             ;                    ;       ;
; Total DSP Blocks                                            ; 9 / 156            ; 6 %   ;
;                                                             ;                    ;       ;
; Fractional PLLs                                             ; 0 / 7              ; 0 %   ;
; Global signals                                              ; 1                  ;       ;
;     -- Global clocks                                        ; 1 / 16             ; 6 %   ;
;     -- Quadrant clocks                                      ; 0 / 88             ; 0 %   ;
;     -- Horizontal periphery clocks                          ; 0 / 18             ; 0 %   ;
; SERDES Transmitters                                         ; 0 / 120            ; 0 %   ;
; SERDES Receivers                                            ; 0 / 120            ; 0 %   ;
; JTAGs                                                       ; 0 / 1              ; 0 %   ;
; ASMI blocks                                                 ; 0 / 1              ; 0 %   ;
; CRC blocks                                                  ; 0 / 1              ; 0 %   ;
; Remote update blocks                                        ; 0 / 1              ; 0 %   ;
; Oscillator blocks                                           ; 0 / 1              ; 0 %   ;
; Hard IPs                                                    ; 0 / 1              ; 0 %   ;
; Standard RX PCSs                                            ; 0 / 6              ; 0 %   ;
; HSSI PMA RX Deserializers                                   ; 0 / 6              ; 0 %   ;
; Standard TX PCSs                                            ; 0 / 6              ; 0 %   ;
; HSSI PMA TX Serializers                                     ; 0 / 6              ; 0 %   ;
; Channel PLLs                                                ; 0 / 6              ; 0 %   ;
; Impedance control blocks                                    ; 0 / 3              ; 0 %   ;
; Hard Memory Controllers                                     ; 0 / 2              ; 0 %   ;
; Average interconnect usage (total/H/V)                      ; 0.6% / 0.4% / 1.2% ;       ;
; Peak interconnect usage (total/H/V)                         ; 5.9% / 6.1% / 5.6% ;       ;
; Maximum fan-out                                             ; 370                ;       ;
; Highest non-global fan-out                                  ; 370                ;       ;
; Total fan-out                                               ; 2151               ;       ;
; Average fan-out                                             ; 2.00               ;       ;
+-------------------------------------------------------------+--------------------+-------+


+-----------------------------------------------------------------------------------------------------------------------+
; Fitter Partition Statistics                                                                                           ;
+-------------------------------------------------------------+------------------------+--------------------------------+
; Statistic                                                   ; Top                    ; hard_block:auto_generated_inst ;
+-------------------------------------------------------------+------------------------+--------------------------------+
; Logic utilization (ALMs needed / total ALMs on device)      ; 222 / 56480 ( < 1 % )  ; 0 / 56480 ( 0 % )              ;
; ALMs needed [=A-B+C]                                        ; 222                    ; 0                              ;
;     [A] ALMs used in final placement [=a+b+c+d]             ; 230 / 56480 ( < 1 % )  ; 0 / 56480 ( 0 % )              ;
;         [a] ALMs used for LUT logic and registers           ; 92                     ; 0                              ;
;         [b] ALMs used for LUT logic                         ; 137                    ; 0                              ;
;         [c] ALMs used for registers                         ; 1                      ; 0                              ;
;         [d] ALMs used for memory (up to half of total ALMs) ; 0                      ; 0                              ;
;     [B] Estimate of ALMs recoverable by dense packing       ; 8 / 56480 ( < 1 % )    ; 0 / 56480 ( 0 % )              ;
;     [C] Estimate of ALMs unavailable [=a+b+c+d]             ; 0 / 56480 ( 0 % )      ; 0 / 56480 ( 0 % )              ;
;         [a] Due to location constrained logic               ; 0                      ; 0                              ;
;         [b] Due to LAB-wide signal conflicts                ; 0                      ; 0                              ;
;         [c] Due to LAB input limits                         ; 0                      ; 0                              ;
;         [d] Due to virtual I/Os                             ; 0                      ; 0                              ;
;                                                             ;                        ;                                ;
; Difficulty packing design                                   ; Low                    ; Low                            ;
;                                                             ;                        ;                                ;
; Total LABs:  partially or completely used                   ; 36 / 5648 ( < 1 % )    ; 0 / 5648 ( 0 % )               ;
;     -- Logic LABs                                           ; 36                     ; 0                              ;
;     -- Memory LABs (up to half of total LABs)               ; 0                      ; 0                              ;
;                                                             ;                        ;                                ;
; Combinational ALUT usage for logic                          ; 443                    ; 0                              ;
;     -- 7 input functions                                    ; 0                      ; 0                              ;
;     -- 6 input functions                                    ; 0                      ; 0                              ;
;     -- 5 input functions                                    ; 39                     ; 0                              ;
;     -- 4 input functions                                    ; 1                      ; 0                              ;
;     -- <=3 input functions                                  ; 403                    ; 0                              ;
; Combinational ALUT usage for route-throughs                 ; 0                      ; 0                              ;
; Memory ALUT usage                                           ; 0                      ; 0                              ;
;     -- 64-address deep                                      ; 0                      ; 0                              ;
;     -- 32-address deep                                      ; 0                      ; 0                              ;
;                                                             ;                        ;                                ;
; Dedicated logic registers                                   ; 0                      ; 0                              ;
;     -- By type:                                             ;                        ;                                ;
;         -- Primary logic registers                          ; 184 / 112960 ( < 1 % ) ; 0 / 112960 ( 0 % )             ;
;         -- Secondary logic registers                        ; 0 / 112960 ( 0 % )     ; 0 / 112960 ( 0 % )             ;
;     -- By function:                                         ;                        ;                                ;
;         -- Design implementation registers                  ; 184                    ; 0                              ;
;         -- Routing optimization registers                   ; 0                      ; 0                              ;
;                                                             ;                        ;                                ;
;                                                             ;                        ;                                ;
; Virtual pins                                                ; 0                      ; 0                              ;
; I/O pins                                                    ; 218                    ; 0                              ;
; I/O registers                                               ; 0                      ; 0                              ;
; Total block memory bits                                     ; 0                      ; 0                              ;
; Total block memory implementation bits                      ; 0                      ; 0                              ;
; DSP block                                                   ; 9 / 156 ( 5 % )        ; 0 / 156 ( 0 % )                ;
; Clock enable block                                          ; 1 / 122 ( < 1 % )      ; 0 / 122 ( 0 % )                ;
;                                                             ;                        ;                                ;
; Connections                                                 ;                        ;                                ;
;     -- Input Connections                                    ; 0                      ; 0                              ;
;     -- Registered Input Connections                         ; 0                      ; 0                              ;
;     -- Output Connections                                   ; 0                      ; 0                              ;
;     -- Registered Output Connections                        ; 0                      ; 0                              ;
;                                                             ;                        ;                                ;
; Internal Connections                                        ;                        ;                                ;
;     -- Total Connections                                    ; 2192                   ; 0                              ;
;     -- Registered Connections                               ; 280                    ; 0                              ;
;                                                             ;                        ;                                ;
; External Connections                                        ;                        ;                                ;
;     -- Top                                                  ; 0                      ; 0                              ;
;     -- hard_block:auto_generated_inst                       ; 0                      ; 0                              ;
;                                                             ;                        ;                                ;
; Partition Interface                                         ;                        ;                                ;
;     -- Input Ports                                          ; 110                    ; 0                              ;
;     -- Output Ports                                         ; 108                    ; 0                              ;
;     -- Bidir Ports                                          ; 0                      ; 0                              ;
;                                                             ;                        ;                                ;
; Registered Ports                                            ;                        ;                                ;
;     -- Registered Input Ports                               ; 0                      ; 0                              ;
;     -- Registered Output Ports                              ; 0                      ; 0                              ;
;                                                             ;                        ;                                ;
; Port Connectivity                                           ;                        ;                                ;
;     -- Input Ports driven by GND                            ; 0                      ; 0                              ;
;     -- Output Ports driven by GND                           ; 0                      ; 0                              ;
;     -- Input Ports driven by VCC                            ; 0                      ; 0                              ;
;     -- Output Ports driven by VCC                           ; 0                      ; 0                              ;
;     -- Input Ports with no Source                           ; 0                      ; 0                              ;
;     -- Output Ports with no Source                          ; 0                      ; 0                              ;
;     -- Input Ports with no Fanout                           ; 0                      ; 0                              ;
;     -- Output Ports with no Fanout                          ; 0                      ; 0                              ;
+-------------------------------------------------------------+------------------------+--------------------------------+


+-------------------------------------------------------------------------------------------------------------------------------------------------------------------------------------------------------------------------------------------------------------------------------------------------+
; Input Pins                                                                                                                                                                                                                                                                                      ;
+------------------+-------+----------+--------------+--------------+--------------+-----------------------+--------------------+--------+----------------+-----------------+----------+--------------+--------------+-------------+---------------------------+----------------------+-----------+
; Name             ; Pin # ; I/O Bank ; X coordinate ; Y coordinate ; Z coordinate ; Combinational Fan-Out ; Registered Fan-Out ; Global ; Input Register ; PCI I/O Enabled ; Bus Hold ; Weak Pull Up ; I/O Standard ; Termination ; Termination Control Block ; Location assigned by ; Slew Rate ;
+------------------+-------+----------+--------------+--------------+--------------+-----------------------+--------------------+--------+----------------+-----------------+----------+--------------+--------------+-------------+---------------------------+----------------------+-----------+
; clk              ; M16   ; 5B       ; 89           ; 35           ; 60           ; 198                   ; 0                  ; yes    ; no             ; no              ; no       ; Off          ; 2.5 V        ; Off         ; --                        ; Fitter               ; no        ;
; matrixA[0][0][0] ; B6    ; 8A       ; 32           ; 81           ; 34           ; 1                     ; 0                  ; no     ; no             ; no              ; no       ; Off          ; 2.5 V        ; Off         ; --                        ; Fitter               ; no        ;
; matrixA[0][0][1] ; A7    ; 8A       ; 30           ; 81           ; 17           ; 1                     ; 0                  ; no     ; no             ; no              ; no       ; Off          ; 2.5 V        ; Off         ; --                        ; Fitter               ; no        ;
; matrixA[0][0][2] ; N8    ; 3B       ; 28           ; 0            ; 0            ; 1                     ; 0                  ; no     ; no             ; no              ; no       ; Off          ; 2.5 V        ; Off         ; --                        ; Fitter               ; no        ;
; matrixA[0][0][3] ; K17   ; 5B       ; 89           ; 37           ; 3            ; 1                     ; 0                  ; no     ; no             ; no              ; no       ; Off          ; 2.5 V        ; Off         ; --                        ; Fitter               ; no        ;
; matrixA[0][0][4] ; D9    ; 8A       ; 28           ; 81           ; 17           ; 1                     ; 0                  ; no     ; no             ; no              ; no       ; Off          ; 2.5 V        ; Off         ; --                        ; Fitter               ; no        ;
; matrixA[0][0][5] ; U6    ; 3A       ; 6            ; 0            ; 51           ; 1                     ; 0                  ; no     ; no             ; no              ; no       ; Off          ; 2.5 V        ; Off         ; --                        ; Fitter               ; no        ;
; matrixA[0][1][0] ; E7    ; 8A       ; 26           ; 81           ; 91           ; 1                     ; 0                  ; no     ; no             ; no              ; no       ; Off          ; 2.5 V        ; Off         ; --                        ; Fitter               ; no        ;
; matrixA[0][1][1] ; N6    ; 3A       ; 4            ; 0            ; 0            ; 1                     ; 0                  ; no     ; no             ; no              ; no       ; Off          ; 2.5 V        ; Off         ; --                        ; Fitter               ; no        ;
; matrixA[0][1][2] ; E9    ; 8A       ; 28           ; 81           ; 0            ; 1                     ; 0                  ; no     ; no             ; no              ; no       ; Off          ; 2.5 V        ; Off         ; --                        ; Fitter               ; no        ;
; matrixA[0][1][3] ; K22   ; 5B       ; 89           ; 38           ; 54           ; 1                     ; 0                  ; no     ; no             ; no              ; no       ; Off          ; 2.5 V        ; Off         ; --                        ; Fitter               ; no        ;
; matrixA[0][1][4] ; C9    ; 8A       ; 34           ; 81           ; 57           ; 1                     ; 0                  ; no     ; no             ; no              ; no       ; Off          ; 2.5 V        ; Off         ; --                        ; Fitter               ; no        ;
; matrixA[0][1][5] ; D6    ; 8A       ; 30           ; 81           ; 51           ; 1                     ; 0                  ; no     ; no             ; no              ; no       ; Off          ; 2.5 V        ; Off         ; --                        ; Fitter               ; no        ;
; matrixA[0][2][0] ; F7    ; 8A       ; 26           ; 81           ; 74           ; 1                     ; 0                  ; no     ; no             ; no              ; no       ; Off          ; 2.5 V        ; Off         ; --                        ; Fitter               ; no        ;
; matrixA[0][2][1] ; W9    ; 3A       ; 4            ; 0            ; 34           ; 1                     ; 0                  ; no     ; no             ; no              ; no       ; Off          ; 2.5 V        ; Off         ; --                        ; Fitter               ; no        ;
; matrixA[0][2][2] ; W8    ; 3A       ; 4            ; 0            ; 51           ; 1                     ; 0                  ; no     ; no             ; no              ; no       ; Off          ; 2.5 V        ; Off         ; --                        ; Fitter               ; no        ;
; matrixA[0][2][3] ; J9    ; 8A       ; 36           ; 81           ; 0            ; 1                     ; 0                  ; no     ; no             ; no              ; no       ; Off          ; 2.5 V        ; Off         ; --                        ; Fitter               ; no        ;
; matrixA[0][2][4] ; T8    ; 3A       ; 6            ; 0            ; 0            ; 1                     ; 0                  ; no     ; no             ; no              ; no       ; Off          ; 2.5 V        ; Off         ; --                        ; Fitter               ; no        ;
; matrixA[0][2][5] ; C6    ; 8A       ; 30           ; 81           ; 34           ; 1                     ; 0                  ; no     ; no             ; no              ; no       ; Off          ; 2.5 V        ; Off         ; --                        ; Fitter               ; no        ;
; matrixA[1][0][0] ; A19   ; 7A       ; 74           ; 81           ; 91           ; 1                     ; 0                  ; no     ; no             ; no              ; no       ; Off          ; 2.5 V        ; Off         ; --                        ; Fitter               ; no        ;
; matrixA[1][0][1] ; P19   ; 5A       ; 89           ; 9            ; 37           ; 1                     ; 0                  ; no     ; no             ; no              ; no       ; Off          ; 2.5 V        ; Off         ; --                        ; Fitter               ; no        ;
; matrixA[1][0][2] ; Y19   ; 4A       ; 66           ; 0            ; 40           ; 1                     ; 0                  ; no     ; no             ; no              ; no       ; Off          ; 2.5 V        ; Off         ; --                        ; Fitter               ; no        ;
; matrixA[1][0][3] ; B11   ; 7A       ; 50           ; 81           ; 91           ; 1                     ; 0                  ; no     ; no             ; no              ; no       ; Off          ; 2.5 V        ; Off         ; --                        ; Fitter               ; no        ;
; matrixA[1][0][4] ; A15   ; 7A       ; 66           ; 81           ; 74           ; 1                     ; 0                  ; no     ; no             ; no              ; no       ; Off          ; 2.5 V        ; Off         ; --                        ; Fitter               ; no        ;
; matrixA[1][0][5] ; F14   ; 7A       ; 62           ; 81           ; 51           ; 1                     ; 0                  ; no     ; no             ; no              ; no       ; Off          ; 2.5 V        ; Off         ; --                        ; Fitter               ; no        ;
; matrixA[1][1][0] ; M22   ; 5B       ; 89           ; 36           ; 37           ; 1                     ; 0                  ; no     ; no             ; no              ; no       ; Off          ; 2.5 V        ; Off         ; --                        ; Fitter               ; no        ;
; matrixA[1][1][1] ; A9    ; 8A       ; 36           ; 81           ; 51           ; 1                     ; 0                  ; no     ; no             ; no              ; no       ; Off          ; 2.5 V        ; Off         ; --                        ; Fitter               ; no        ;
; matrixA[1][1][2] ; F19   ; 7A       ; 76           ; 81           ; 0            ; 1                     ; 0                  ; no     ; no             ; no              ; no       ; Off          ; 2.5 V        ; Off         ; --                        ; Fitter               ; no        ;
; matrixA[1][1][3] ; K20   ; 7A       ; 72           ; 81           ; 0            ; 1                     ; 0                  ; no     ; no             ; no              ; no       ; Off          ; 2.5 V        ; Off         ; --                        ; Fitter               ; no        ;
; matrixA[1][1][4] ; P18   ; 5A       ; 89           ; 9            ; 54           ; 1                     ; 0                  ; no     ; no             ; no              ; no       ; Off          ; 2.5 V        ; Off         ; --                        ; Fitter               ; no        ;
; matrixA[1][1][5] ; G18   ; 7A       ; 68           ; 81           ; 0            ; 1                     ; 0                  ; no     ; no             ; no              ; no       ; Off          ; 2.5 V        ; Off         ; --                        ; Fitter               ; no        ;
; matrixA[1][2][0] ; L22   ; 5B       ; 89           ; 36           ; 54           ; 1                     ; 0                  ; no     ; no             ; no              ; no       ; Off          ; 2.5 V        ; Off         ; --                        ; Fitter               ; no        ;
; matrixA[1][2][1] ; A10   ; 8A       ; 36           ; 81           ; 34           ; 1                     ; 0                  ; no     ; no             ; no              ; no       ; Off          ; 2.5 V        ; Off         ; --                        ; Fitter               ; no        ;
; matrixA[1][2][2] ; AB18  ; 4A       ; 56           ; 0            ; 34           ; 1                     ; 0                  ; no     ; no             ; no              ; no       ; Off          ; 2.5 V        ; Off         ; --                        ; Fitter               ; no        ;
; matrixA[1][2][3] ; P22   ; 5A       ; 89           ; 8            ; 54           ; 1                     ; 0                  ; no     ; no             ; no              ; no       ; Off          ; 2.5 V        ; Off         ; --                        ; Fitter               ; no        ;
; matrixA[1][2][4] ; A18   ; 7A       ; 74           ; 81           ; 40           ; 1                     ; 0                  ; no     ; no             ; no              ; no       ; Off          ; 2.5 V        ; Off         ; --                        ; Fitter               ; no        ;
; matrixA[1][2][5] ; P16   ; 5A       ; 89           ; 9            ; 3            ; 1                     ; 0                  ; no     ; no             ; no              ; no       ; Off          ; 2.5 V        ; Off         ; --                        ; Fitter               ; no        ;
; matrixA[2][0][0] ; U22   ; 4A       ; 70           ; 0            ; 51           ; 1                     ; 0                  ; no     ; no             ; no              ; no       ; Off          ; 2.5 V        ; Off         ; --                        ; Fitter               ; no        ;
; matrixA[2][0][1] ; P14   ; 4A       ; 68           ; 0            ; 17           ; 1                     ; 0                  ; no     ; no             ; no              ; no       ; Off          ; 2.5 V        ; Off         ; --                        ; Fitter               ; no        ;
; matrixA[2][0][2] ; E12   ; 7A       ; 50           ; 81           ; 57           ; 1                     ; 0                  ; no     ; no             ; no              ; no       ; Off          ; 2.5 V        ; Off         ; --                        ; Fitter               ; no        ;
; matrixA[2][0][3] ; Y11   ; 3B       ; 40           ; 0            ; 51           ; 1                     ; 0                  ; no     ; no             ; no              ; no       ; Off          ; 2.5 V        ; Off         ; --                        ; Fitter               ; no        ;
; matrixA[2][0][4] ; N9    ; 3B       ; 40           ; 0            ; 0            ; 1                     ; 0                  ; no     ; no             ; no              ; no       ; Off          ; 2.5 V        ; Off         ; --                        ; Fitter               ; no        ;
; matrixA[2][0][5] ; AB15  ; 4A       ; 54           ; 0            ; 51           ; 1                     ; 0                  ; no     ; no             ; no              ; no       ; Off          ; 2.5 V        ; Off         ; --                        ; Fitter               ; no        ;
; matrixA[2][1][0] ; G20   ; 7A       ; 80           ; 81           ; 0            ; 1                     ; 0                  ; no     ; no             ; no              ; no       ; Off          ; 2.5 V        ; Off         ; --                        ; Fitter               ; no        ;
; matrixA[2][1][1] ; R15   ; 5A       ; 89           ; 6            ; 20           ; 1                     ; 0                  ; no     ; no             ; no              ; no       ; Off          ; 2.5 V        ; Off         ; --                        ; Fitter               ; no        ;
; matrixA[2][1][2] ; H18   ; 7A       ; 68           ; 81           ; 17           ; 1                     ; 0                  ; no     ; no             ; no              ; no       ; Off          ; 2.5 V        ; Off         ; --                        ; Fitter               ; no        ;
; matrixA[2][1][3] ; G17   ; 7A       ; 70           ; 81           ; 34           ; 1                     ; 0                  ; no     ; no             ; no              ; no       ; Off          ; 2.5 V        ; Off         ; --                        ; Fitter               ; no        ;
; matrixA[2][1][4] ; P9    ; 3B       ; 40           ; 0            ; 17           ; 1                     ; 0                  ; no     ; no             ; no              ; no       ; Off          ; 2.5 V        ; Off         ; --                        ; Fitter               ; no        ;
; matrixA[2][1][5] ; E14   ; 7A       ; 58           ; 81           ; 40           ; 1                     ; 0                  ; no     ; no             ; no              ; no       ; Off          ; 2.5 V        ; Off         ; --                        ; Fitter               ; no        ;
; matrixA[2][2][0] ; E16   ; 7A       ; 70           ; 81           ; 17           ; 1                     ; 0                  ; no     ; no             ; no              ; no       ; Off          ; 2.5 V        ; Off         ; --                        ; Fitter               ; no        ;
; matrixA[2][2][1] ; G11   ; 7A       ; 56           ; 81           ; 34           ; 1                     ; 0                  ; no     ; no             ; no              ; no       ; Off          ; 2.5 V        ; Off         ; --                        ; Fitter               ; no        ;
; matrixA[2][2][2] ; H15   ; 7A       ; 64           ; 81           ; 17           ; 1                     ; 0                  ; no     ; no             ; no              ; no       ; Off          ; 2.5 V        ; Off         ; --                        ; Fitter               ; no        ;
; matrixA[2][2][3] ; U20   ; 4A       ; 72           ; 0            ; 34           ; 1                     ; 0                  ; no     ; no             ; no              ; no       ; Off          ; 2.5 V        ; Off         ; --                        ; Fitter               ; no        ;
; matrixA[2][2][4] ; R11   ; 3B       ; 38           ; 0            ; 0            ; 1                     ; 0                  ; no     ; no             ; no              ; no       ; Off          ; 2.5 V        ; Off         ; --                        ; Fitter               ; no        ;
; matrixA[2][2][5] ; AA13  ; 4A       ; 52           ; 0            ; 34           ; 1                     ; 0                  ; no     ; no             ; no              ; no       ; Off          ; 2.5 V        ; Off         ; --                        ; Fitter               ; no        ;
; matrixB[0][0][0] ; L8    ; 7A       ; 52           ; 81           ; 34           ; 1                     ; 0                  ; no     ; no             ; no              ; no       ; Off          ; 2.5 V        ; Off         ; --                        ; Fitter               ; no        ;
; matrixB[0][0][1] ; A8    ; 8A       ; 30           ; 81           ; 0            ; 1                     ; 0                  ; no     ; no             ; no              ; no       ; Off          ; 2.5 V        ; Off         ; --                        ; Fitter               ; no        ;
; matrixB[0][0][2] ; P12   ; 3B       ; 36           ; 0            ; 34           ; 1                     ; 0                  ; no     ; no             ; no              ; no       ; Off          ; 2.5 V        ; Off         ; --                        ; Fitter               ; no        ;
; matrixB[0][0][3] ; A14   ; 7A       ; 66           ; 81           ; 91           ; 1                     ; 0                  ; no     ; no             ; no              ; no       ; Off          ; 2.5 V        ; Off         ; --                        ; Fitter               ; no        ;
; matrixB[0][0][4] ; U10   ; 3B       ; 30           ; 0            ; 0            ; 1                     ; 0                  ; no     ; no             ; no              ; no       ; Off          ; 2.5 V        ; Off         ; --                        ; Fitter               ; no        ;
; matrixB[0][0][5] ; V15   ; 4A       ; 56           ; 0            ; 0            ; 1                     ; 0                  ; no     ; no             ; no              ; no       ; Off          ; 2.5 V        ; Off         ; --                        ; Fitter               ; no        ;
; matrixB[0][1][0] ; AA14  ; 4A       ; 52           ; 0            ; 51           ; 1                     ; 0                  ; no     ; no             ; no              ; no       ; Off          ; 2.5 V        ; Off         ; --                        ; Fitter               ; no        ;
; matrixB[0][1][1] ; H14   ; 7A       ; 60           ; 81           ; 0            ; 1                     ; 0                  ; no     ; no             ; no              ; no       ; Off          ; 2.5 V        ; Off         ; --                        ; Fitter               ; no        ;
; matrixB[0][1][2] ; T14   ; 4A       ; 60           ; 0            ; 17           ; 1                     ; 0                  ; no     ; no             ; no              ; no       ; Off          ; 2.5 V        ; Off         ; --                        ; Fitter               ; no        ;
; matrixB[0][1][3] ; AA20  ; 4A       ; 62           ; 0            ; 34           ; 1                     ; 0                  ; no     ; no             ; no              ; no       ; Off          ; 2.5 V        ; Off         ; --                        ; Fitter               ; no        ;
; matrixB[0][1][4] ; G8    ; 8A       ; 38           ; 81           ; 51           ; 1                     ; 0                  ; no     ; no             ; no              ; no       ; Off          ; 2.5 V        ; Off         ; --                        ; Fitter               ; no        ;
; matrixB[0][1][5] ; AA18  ; 4A       ; 60           ; 0            ; 34           ; 1                     ; 0                  ; no     ; no             ; no              ; no       ; Off          ; 2.5 V        ; Off         ; --                        ; Fitter               ; no        ;
; matrixB[0][2][0] ; C16   ; 7A       ; 72           ; 81           ; 51           ; 1                     ; 0                  ; no     ; no             ; no              ; no       ; Off          ; 2.5 V        ; Off         ; --                        ; Fitter               ; no        ;
; matrixB[0][2][1] ; T20   ; 5A       ; 89           ; 4            ; 94           ; 1                     ; 0                  ; no     ; no             ; no              ; no       ; Off          ; 2.5 V        ; Off         ; --                        ; Fitter               ; no        ;
; matrixB[0][2][2] ; D13   ; 7A       ; 54           ; 81           ; 0            ; 1                     ; 0                  ; no     ; no             ; no              ; no       ; Off          ; 2.5 V        ; Off         ; --                        ; Fitter               ; no        ;
; matrixB[0][2][3] ; Y14   ; 4A       ; 54           ; 0            ; 17           ; 1                     ; 0                  ; no     ; no             ; no              ; no       ; Off          ; 2.5 V        ; Off         ; --                        ; Fitter               ; no        ;
; matrixB[0][2][4] ; Y21   ; 4A       ; 68           ; 0            ; 51           ; 1                     ; 0                  ; no     ; no             ; no              ; no       ; Off          ; 2.5 V        ; Off         ; --                        ; Fitter               ; no        ;
; matrixB[0][2][5] ; U15   ; 4A       ; 60           ; 0            ; 0            ; 1                     ; 0                  ; no     ; no             ; no              ; no       ; Off          ; 2.5 V        ; Off         ; --                        ; Fitter               ; no        ;
; matrixB[1][0][0] ; L19   ; 5B       ; 89           ; 38           ; 3            ; 1                     ; 0                  ; no     ; no             ; no              ; no       ; Off          ; 2.5 V        ; Off         ; --                        ; Fitter               ; no        ;
; matrixB[1][0][1] ; C8    ; 8A       ; 28           ; 81           ; 51           ; 1                     ; 0                  ; no     ; no             ; no              ; no       ; Off          ; 2.5 V        ; Off         ; --                        ; Fitter               ; no        ;
; matrixB[1][0][2] ; V20   ; 4A       ; 62           ; 0            ; 17           ; 1                     ; 0                  ; no     ; no             ; no              ; no       ; Off          ; 2.5 V        ; Off         ; --                        ; Fitter               ; no        ;
; matrixB[1][0][3] ; J13   ; 7A       ; 60           ; 81           ; 17           ; 1                     ; 0                  ; no     ; no             ; no              ; no       ; Off          ; 2.5 V        ; Off         ; --                        ; Fitter               ; no        ;
; matrixB[1][0][4] ; V6    ; 3A       ; 6            ; 0            ; 34           ; 1                     ; 0                  ; no     ; no             ; no              ; no       ; Off          ; 2.5 V        ; Off         ; --                        ; Fitter               ; no        ;
; matrixB[1][0][5] ; P8    ; 3B       ; 28           ; 0            ; 17           ; 1                     ; 0                  ; no     ; no             ; no              ; no       ; Off          ; 2.5 V        ; Off         ; --                        ; Fitter               ; no        ;
; matrixB[1][1][0] ; W16   ; 4A       ; 64           ; 0            ; 0            ; 1                     ; 0                  ; no     ; no             ; no              ; no       ; Off          ; 2.5 V        ; Off         ; --                        ; Fitter               ; no        ;
; matrixB[1][1][1] ; F20   ; 7A       ; 76           ; 81           ; 51           ; 1                     ; 0                  ; no     ; no             ; no              ; no       ; Off          ; 2.5 V        ; Off         ; --                        ; Fitter               ; no        ;
; matrixB[1][1][2] ; AA22  ; 4A       ; 64           ; 0            ; 34           ; 1                     ; 0                  ; no     ; no             ; no              ; no       ; Off          ; 2.5 V        ; Off         ; --                        ; Fitter               ; no        ;
; matrixB[1][1][3] ; AB21  ; 4A       ; 58           ; 0            ; 74           ; 1                     ; 0                  ; no     ; no             ; no              ; no       ; Off          ; 2.5 V        ; Off         ; --                        ; Fitter               ; no        ;
; matrixB[1][1][4] ; Y16   ; 4A       ; 58           ; 0            ; 57           ; 1                     ; 0                  ; no     ; no             ; no              ; no       ; Off          ; 2.5 V        ; Off         ; --                        ; Fitter               ; no        ;
; matrixB[1][1][5] ; K19   ; 7A       ; 72           ; 81           ; 17           ; 1                     ; 0                  ; no     ; no             ; no              ; no       ; Off          ; 2.5 V        ; Off         ; --                        ; Fitter               ; no        ;
; matrixB[1][2][0] ; G13   ; 7A       ; 56           ; 81           ; 17           ; 1                     ; 0                  ; no     ; no             ; no              ; no       ; Off          ; 2.5 V        ; Off         ; --                        ; Fitter               ; no        ;
; matrixB[1][2][1] ; T17   ; 5A       ; 89           ; 4            ; 60           ; 1                     ; 0                  ; no     ; no             ; no              ; no       ; Off          ; 2.5 V        ; Off         ; --                        ; Fitter               ; no        ;
; matrixB[1][2][2] ; T18   ; 5A       ; 89           ; 4            ; 43           ; 1                     ; 0                  ; no     ; no             ; no              ; no       ; Off          ; 2.5 V        ; Off         ; --                        ; Fitter               ; no        ;
; matrixB[1][2][3] ; U21   ; 4A       ; 72           ; 0            ; 51           ; 1                     ; 0                  ; no     ; no             ; no              ; no       ; Off          ; 2.5 V        ; Off         ; --                        ; Fitter               ; no        ;
; matrixB[1][2][4] ; T15   ; 5A       ; 89           ; 6            ; 3            ; 1                     ; 0                  ; no     ; no             ; no              ; no       ; Off          ; 2.5 V        ; Off         ; --                        ; Fitter               ; no        ;
; matrixB[1][2][5] ; U16   ; 4A       ; 72           ; 0            ; 17           ; 1                     ; 0                  ; no     ; no             ; no              ; no       ; Off          ; 2.5 V        ; Off         ; --                        ; Fitter               ; no        ;
; matrixB[2][0][0] ; AB20  ; 4A       ; 58           ; 0            ; 91           ; 1                     ; 0                  ; no     ; no             ; no              ; no       ; Off          ; 2.5 V        ; Off         ; --                        ; Fitter               ; no        ;
; matrixB[2][0][1] ; F9    ; 8A       ; 32           ; 81           ; 17           ; 1                     ; 0                  ; no     ; no             ; no              ; no       ; Off          ; 2.5 V        ; Off         ; --                        ; Fitter               ; no        ;
; matrixB[2][0][2] ; E20   ; 7A       ; 76           ; 81           ; 34           ; 1                     ; 0                  ; no     ; no             ; no              ; no       ; Off          ; 2.5 V        ; Off         ; --                        ; Fitter               ; no        ;
; matrixB[2][0][3] ; B13   ; 7A       ; 60           ; 81           ; 34           ; 1                     ; 0                  ; no     ; no             ; no              ; no       ; Off          ; 2.5 V        ; Off         ; --                        ; Fitter               ; no        ;
; matrixB[2][0][4] ; A20   ; 7A       ; 74           ; 81           ; 74           ; 1                     ; 0                  ; no     ; no             ; no              ; no       ; Off          ; 2.5 V        ; Off         ; --                        ; Fitter               ; no        ;
; matrixB[2][0][5] ; T7    ; 3A       ; 6            ; 0            ; 17           ; 1                     ; 0                  ; no     ; no             ; no              ; no       ; Off          ; 2.5 V        ; Off         ; --                        ; Fitter               ; no        ;
; matrixB[2][1][0] ; C15   ; 7A       ; 62           ; 81           ; 0            ; 1                     ; 0                  ; no     ; no             ; no              ; no       ; Off          ; 2.5 V        ; Off         ; --                        ; Fitter               ; no        ;
; matrixB[2][1][1] ; K21   ; 5B       ; 89           ; 38           ; 37           ; 1                     ; 0                  ; no     ; no             ; no              ; no       ; Off          ; 2.5 V        ; Off         ; --                        ; Fitter               ; no        ;
; matrixB[2][1][2] ; U17   ; 4A       ; 72           ; 0            ; 0            ; 1                     ; 0                  ; no     ; no             ; no              ; no       ; Off          ; 2.5 V        ; Off         ; --                        ; Fitter               ; no        ;
; matrixB[2][1][3] ; J19   ; 7A       ; 68           ; 81           ; 34           ; 1                     ; 0                  ; no     ; no             ; no              ; no       ; Off          ; 2.5 V        ; Off         ; --                        ; Fitter               ; no        ;
; matrixB[2][1][4] ; Y9    ; 3B       ; 34           ; 0            ; 74           ; 1                     ; 0                  ; no     ; no             ; no              ; no       ; Off          ; 2.5 V        ; Off         ; --                        ; Fitter               ; no        ;
; matrixB[2][1][5] ; A5    ; 8A       ; 34           ; 81           ; 74           ; 1                     ; 0                  ; no     ; no             ; no              ; no       ; Off          ; 2.5 V        ; Off         ; --                        ; Fitter               ; no        ;
; matrixB[2][2][0] ; AA12  ; 3B       ; 40           ; 0            ; 34           ; 1                     ; 0                  ; no     ; no             ; no              ; no       ; Off          ; 2.5 V        ; Off         ; --                        ; Fitter               ; no        ;
; matrixB[2][2][1] ; AB13  ; 4A       ; 50           ; 0            ; 91           ; 1                     ; 0                  ; no     ; no             ; no              ; no       ; Off          ; 2.5 V        ; Off         ; --                        ; Fitter               ; no        ;
; matrixB[2][2][2] ; G16   ; 7A       ; 70           ; 81           ; 51           ; 1                     ; 0                  ; no     ; no             ; no              ; no       ; Off          ; 2.5 V        ; Off         ; --                        ; Fitter               ; no        ;
; matrixB[2][2][3] ; F18   ; 7A       ; 76           ; 81           ; 17           ; 1                     ; 0                  ; no     ; no             ; no              ; no       ; Off          ; 2.5 V        ; Off         ; --                        ; Fitter               ; no        ;
; matrixB[2][2][4] ; R16   ; 5A       ; 89           ; 8            ; 3            ; 1                     ; 0                  ; no     ; no             ; no              ; no       ; Off          ; 2.5 V        ; Off         ; --                        ; Fitter               ; no        ;
; matrixB[2][2][5] ; F12   ; 7A       ; 56           ; 81           ; 51           ; 1                     ; 0                  ; no     ; no             ; no              ; no       ; Off          ; 2.5 V        ; Off         ; --                        ; Fitter               ; no        ;
; rst_n            ; Y10   ; 3B       ; 34           ; 0            ; 91           ; 370                   ; 0                  ; no     ; no             ; no              ; no       ; Off          ; 2.5 V        ; Off         ; --                        ; Fitter               ; no        ;
+------------------+-------+----------+--------------+--------------+--------------+-----------------------+--------------------+--------+----------------+-----------------+----------+--------------+--------------+-------------+---------------------------+----------------------+-----------+


+-------------------------------------------------------------------------------------------------------------------------------------------------------------------------------------------------------------------------------------------------------------------------------------------------------------------------------------------------------------------------------------------------------------------------------------------------------------------------------------------------------------+
; Output Pins                                                                                                                                                                                                                                                                                                                                                                                                                                                                                                 ;
+------------------------+-------+----------+--------------+--------------+--------------+-----------------+------------------------+-----------+-----------------+------------+---------------+----------+--------------+--------------+------------------+-----------------------------------+---------------------------+----------------------------+-----------------------------+---------------------+-----------------------------+----------------------+----------------------+---------------------+
; Name                   ; Pin # ; I/O Bank ; X coordinate ; Y coordinate ; Z coordinate ; Output Register ; Output Enable Register ; Slew Rate ; PCI I/O Enabled ; Open Drain ; TRI Primitive ; Bus Hold ; Weak Pull Up ; I/O Standard ; Current Strength ; Termination                       ; Termination Control Block ; Output Buffer Pre-emphasis ; Voltage Output Differential ; Output Buffer Delay ; Output Buffer Delay Control ; Location assigned by ; Output Enable Source ; Output Enable Group ;
+------------------------+-------+----------+--------------+--------------+--------------+-----------------+------------------------+-----------+-----------------+------------+---------------+----------+--------------+--------------+------------------+-----------------------------------+---------------------------+----------------------------+-----------------------------+---------------------+-----------------------------+----------------------+----------------------+---------------------+
; resultMatrix[0][0][0]  ; V10   ; 3B       ; 26           ; 0            ; 40           ; no              ; no                     ; 1         ; no              ; no         ; no            ; no       ; Off          ; 2.5 V        ; Default          ; Series 50 Ohm without Calibration ; --                        ; no                         ; no                          ; 0                   ; Off                         ; Fitter               ; -                    ; -                   ;
; resultMatrix[0][0][10] ; P6    ; 3A       ; 4            ; 0            ; 17           ; no              ; no                     ; 1         ; no              ; no         ; no            ; no       ; Off          ; 2.5 V        ; Default          ; Series 50 Ohm without Calibration ; --                        ; no                         ; no                          ; 0                   ; Off                         ; Fitter               ; -                    ; -                   ;
; resultMatrix[0][0][11] ; M7    ; 3A       ; 8            ; 0            ; 0            ; no              ; no                     ; 1         ; no              ; no         ; no            ; no       ; Off          ; 2.5 V        ; Default          ; Series 50 Ohm without Calibration ; --                        ; no                         ; no                          ; 0                   ; Off                         ; Fitter               ; -                    ; -                   ;
; resultMatrix[0][0][1]  ; AB8   ; 3B       ; 30           ; 0            ; 34           ; no              ; no                     ; 1         ; no              ; no         ; no            ; no       ; Off          ; 2.5 V        ; Default          ; Series 50 Ohm without Calibration ; --                        ; no                         ; no                          ; 0                   ; Off                         ; Fitter               ; -                    ; -                   ;
; resultMatrix[0][0][2]  ; P7    ; 3A       ; 8            ; 0            ; 34           ; no              ; no                     ; 1         ; no              ; no         ; no            ; no       ; Off          ; 2.5 V        ; Default          ; Series 50 Ohm without Calibration ; --                        ; no                         ; no                          ; 0                   ; Off                         ; Fitter               ; -                    ; -                   ;
; resultMatrix[0][0][3]  ; V9    ; 3B       ; 26           ; 0            ; 57           ; no              ; no                     ; 1         ; no              ; no         ; no            ; no       ; Off          ; 2.5 V        ; Default          ; Series 50 Ohm without Calibration ; --                        ; no                         ; no                          ; 0                   ; Off                         ; Fitter               ; -                    ; -                   ;
; resultMatrix[0][0][4]  ; R7    ; 3A       ; 8            ; 0            ; 51           ; no              ; no                     ; 1         ; no              ; no         ; no            ; no       ; Off          ; 2.5 V        ; Default          ; Series 50 Ohm without Calibration ; --                        ; no                         ; no                          ; 0                   ; Off                         ; Fitter               ; -                    ; -                   ;
; resultMatrix[0][0][5]  ; U7    ; 3A       ; 2            ; 0            ; 91           ; no              ; no                     ; 1         ; no              ; no         ; no            ; no       ; Off          ; 2.5 V        ; Default          ; Series 50 Ohm without Calibration ; --                        ; no                         ; no                          ; 0                   ; Off                         ; Fitter               ; -                    ; -                   ;
; resultMatrix[0][0][6]  ; R5    ; 3A       ; 2            ; 0            ; 40           ; no              ; no                     ; 1         ; no              ; no         ; no            ; no       ; Off          ; 2.5 V        ; Default          ; Series 50 Ohm without Calibration ; --                        ; no                         ; no                          ; 0                   ; Off                         ; Fitter               ; -                    ; -                   ;
; resultMatrix[0][0][7]  ; AB6   ; 3B       ; 26           ; 0            ; 91           ; no              ; no                     ; 1         ; no              ; no         ; no            ; no       ; Off          ; 2.5 V        ; Default          ; Series 50 Ohm without Calibration ; --                        ; no                         ; no                          ; 0                   ; Off                         ; Fitter               ; -                    ; -                   ;
; resultMatrix[0][0][8]  ; T9    ; 3B       ; 30           ; 0            ; 17           ; no              ; no                     ; 1         ; no              ; no         ; no            ; no       ; Off          ; 2.5 V        ; Default          ; Series 50 Ohm without Calibration ; --                        ; no                         ; no                          ; 0                   ; Off                         ; Fitter               ; -                    ; -                   ;
; resultMatrix[0][0][9]  ; M6    ; 3A       ; 8            ; 0            ; 17           ; no              ; no                     ; 1         ; no              ; no         ; no            ; no       ; Off          ; 2.5 V        ; Default          ; Series 50 Ohm without Calibration ; --                        ; no                         ; no                          ; 0                   ; Off                         ; Fitter               ; -                    ; -                   ;
; resultMatrix[0][1][0]  ; G6    ; 8A       ; 26           ; 81           ; 40           ; no              ; no                     ; 1         ; no              ; no         ; no            ; no       ; Off          ; 2.5 V        ; Default          ; Series 50 Ohm without Calibration ; --                        ; no                         ; no                          ; 0                   ; Off                         ; Fitter               ; -                    ; -                   ;
; resultMatrix[0][1][10] ; H8    ; 8A       ; 38           ; 81           ; 34           ; no              ; no                     ; 1         ; no              ; no         ; no            ; no       ; Off          ; 2.5 V        ; Default          ; Series 50 Ohm without Calibration ; --                        ; no                         ; no                          ; 0                   ; Off                         ; Fitter               ; -                    ; -                   ;
; resultMatrix[0][1][11] ; F13   ; 7A       ; 58           ; 81           ; 57           ; no              ; no                     ; 1         ; no              ; no         ; no            ; no       ; Off          ; 2.5 V        ; Default          ; Series 50 Ohm without Calibration ; --                        ; no                         ; no                          ; 0                   ; Off                         ; Fitter               ; -                    ; -                   ;
; resultMatrix[0][1][1]  ; M18   ; 5B       ; 89           ; 36           ; 20           ; no              ; no                     ; 1         ; no              ; no         ; no            ; no       ; Off          ; 2.5 V        ; Default          ; Series 50 Ohm without Calibration ; --                        ; no                         ; no                          ; 0                   ; Off                         ; Fitter               ; -                    ; -                   ;
; resultMatrix[0][1][2]  ; D7    ; 8A       ; 28           ; 81           ; 34           ; no              ; no                     ; 1         ; no              ; no         ; no            ; no       ; Off          ; 2.5 V        ; Default          ; Series 50 Ohm without Calibration ; --                        ; no                         ; no                          ; 0                   ; Off                         ; Fitter               ; -                    ; -                   ;
; resultMatrix[0][1][3]  ; E10   ; 8A       ; 32           ; 81           ; 0            ; no              ; no                     ; 1         ; no              ; no         ; no            ; no       ; Off          ; 2.5 V        ; Default          ; Series 50 Ohm without Calibration ; --                        ; no                         ; no                          ; 0                   ; Off                         ; Fitter               ; -                    ; -                   ;
; resultMatrix[0][1][4]  ; G10   ; 8A       ; 40           ; 81           ; 0            ; no              ; no                     ; 1         ; no              ; no         ; no            ; no       ; Off          ; 2.5 V        ; Default          ; Series 50 Ohm without Calibration ; --                        ; no                         ; no                          ; 0                   ; Off                         ; Fitter               ; -                    ; -                   ;
; resultMatrix[0][1][5]  ; J7    ; 8A       ; 38           ; 81           ; 0            ; no              ; no                     ; 1         ; no              ; no         ; no            ; no       ; Off          ; 2.5 V        ; Default          ; Series 50 Ohm without Calibration ; --                        ; no                         ; no                          ; 0                   ; Off                         ; Fitter               ; -                    ; -                   ;
; resultMatrix[0][1][6]  ; K7    ; 8A       ; 40           ; 81           ; 51           ; no              ; no                     ; 1         ; no              ; no         ; no            ; no       ; Off          ; 2.5 V        ; Default          ; Series 50 Ohm without Calibration ; --                        ; no                         ; no                          ; 0                   ; Off                         ; Fitter               ; -                    ; -                   ;
; resultMatrix[0][1][7]  ; H11   ; 7A       ; 52           ; 81           ; 0            ; no              ; no                     ; 1         ; no              ; no         ; no            ; no       ; Off          ; 2.5 V        ; Default          ; Series 50 Ohm without Calibration ; --                        ; no                         ; no                          ; 0                   ; Off                         ; Fitter               ; -                    ; -                   ;
; resultMatrix[0][1][8]  ; H6    ; 8A       ; 26           ; 81           ; 57           ; no              ; no                     ; 1         ; no              ; no         ; no            ; no       ; Off          ; 2.5 V        ; Default          ; Series 50 Ohm without Calibration ; --                        ; no                         ; no                          ; 0                   ; Off                         ; Fitter               ; -                    ; -                   ;
; resultMatrix[0][1][9]  ; B5    ; 8A       ; 34           ; 81           ; 91           ; no              ; no                     ; 1         ; no              ; no         ; no            ; no       ; Off          ; 2.5 V        ; Default          ; Series 50 Ohm without Calibration ; --                        ; no                         ; no                          ; 0                   ; Off                         ; Fitter               ; -                    ; -                   ;
; resultMatrix[0][2][0]  ; AB17  ; 4A       ; 56           ; 0            ; 51           ; no              ; no                     ; 1         ; no              ; no         ; no            ; no       ; Off          ; 2.5 V        ; Default          ; Series 50 Ohm without Calibration ; --                        ; no                         ; no                          ; 0                   ; Off                         ; Fitter               ; -                    ; -                   ;
; resultMatrix[0][2][10] ; W22   ; 4A       ; 66           ; 0            ; 74           ; no              ; no                     ; 1         ; no              ; no         ; no            ; no       ; Off          ; 2.5 V        ; Default          ; Series 50 Ohm without Calibration ; --                        ; no                         ; no                          ; 0                   ; Off                         ; Fitter               ; -                    ; -                   ;
; resultMatrix[0][2][11] ; M9    ; 3B       ; 32           ; 0            ; 0            ; no              ; no                     ; 1         ; no              ; no         ; no            ; no       ; Off          ; 2.5 V        ; Default          ; Series 50 Ohm without Calibration ; --                        ; no                         ; no                          ; 0                   ; Off                         ; Fitter               ; -                    ; -                   ;
; resultMatrix[0][2][1]  ; D12   ; 7A       ; 50           ; 81           ; 40           ; no              ; no                     ; 1         ; no              ; no         ; no            ; no       ; Off          ; 2.5 V        ; Default          ; Series 50 Ohm without Calibration ; --                        ; no                         ; no                          ; 0                   ; Off                         ; Fitter               ; -                    ; -                   ;
; resultMatrix[0][2][2]  ; U8    ; 3A       ; 2            ; 0            ; 74           ; no              ; no                     ; 1         ; no              ; no         ; no            ; no       ; Off          ; 2.5 V        ; Default          ; Series 50 Ohm without Calibration ; --                        ; no                         ; no                          ; 0                   ; Off                         ; Fitter               ; -                    ; -                   ;
; resultMatrix[0][2][3]  ; M8    ; 3B       ; 32           ; 0            ; 17           ; no              ; no                     ; 1         ; no              ; no         ; no            ; no       ; Off          ; 2.5 V        ; Default          ; Series 50 Ohm without Calibration ; --                        ; no                         ; no                          ; 0                   ; Off                         ; Fitter               ; -                    ; -                   ;
; resultMatrix[0][2][4]  ; H16   ; 7A       ; 64           ; 81           ; 0            ; no              ; no                     ; 1         ; no              ; no         ; no            ; no       ; Off          ; 2.5 V        ; Default          ; Series 50 Ohm without Calibration ; --                        ; no                         ; no                          ; 0                   ; Off                         ; Fitter               ; -                    ; -                   ;
; resultMatrix[0][2][5]  ; Y22   ; 4A       ; 66           ; 0            ; 91           ; no              ; no                     ; 1         ; no              ; no         ; no            ; no       ; Off          ; 2.5 V        ; Default          ; Series 50 Ohm without Calibration ; --                        ; no                         ; no                          ; 0                   ; Off                         ; Fitter               ; -                    ; -                   ;
; resultMatrix[0][2][6]  ; AA7   ; 3B       ; 28           ; 0            ; 51           ; no              ; no                     ; 1         ; no              ; no         ; no            ; no       ; Off          ; 2.5 V        ; Default          ; Series 50 Ohm without Calibration ; --                        ; no                         ; no                          ; 0                   ; Off                         ; Fitter               ; -                    ; -                   ;
; resultMatrix[0][2][7]  ; AB5   ; 3B       ; 26           ; 0            ; 74           ; no              ; no                     ; 1         ; no              ; no         ; no            ; no       ; Off          ; 2.5 V        ; Default          ; Series 50 Ohm without Calibration ; --                        ; no                         ; no                          ; 0                   ; Off                         ; Fitter               ; -                    ; -                   ;
; resultMatrix[0][2][8]  ; AA8   ; 3B       ; 30           ; 0            ; 51           ; no              ; no                     ; 1         ; no              ; no         ; no            ; no       ; Off          ; 2.5 V        ; Default          ; Series 50 Ohm without Calibration ; --                        ; no                         ; no                          ; 0                   ; Off                         ; Fitter               ; -                    ; -                   ;
; resultMatrix[0][2][9]  ; AA10  ; 3B       ; 32           ; 0            ; 51           ; no              ; no                     ; 1         ; no              ; no         ; no            ; no       ; Off          ; 2.5 V        ; Default          ; Series 50 Ohm without Calibration ; --                        ; no                         ; no                          ; 0                   ; Off                         ; Fitter               ; -                    ; -                   ;
; resultMatrix[1][0][0]  ; B21   ; 7A       ; 82           ; 81           ; 57           ; no              ; no                     ; 1         ; no              ; no         ; no            ; no       ; Off          ; 2.5 V        ; Default          ; Series 50 Ohm without Calibration ; --                        ; no                         ; no                          ; 0                   ; Off                         ; Fitter               ; -                    ; -                   ;
; resultMatrix[1][0][10] ; J18   ; 7A       ; 68           ; 81           ; 51           ; no              ; no                     ; 1         ; no              ; no         ; no            ; no       ; Off          ; 2.5 V        ; Default          ; Series 50 Ohm without Calibration ; --                        ; no                         ; no                          ; 0                   ; Off                         ; Fitter               ; -                    ; -                   ;
; resultMatrix[1][0][11] ; F15   ; 7A       ; 66           ; 81           ; 57           ; no              ; no                     ; 1         ; no              ; no         ; no            ; no       ; Off          ; 2.5 V        ; Default          ; Series 50 Ohm without Calibration ; --                        ; no                         ; no                          ; 0                   ; Off                         ; Fitter               ; -                    ; -                   ;
; resultMatrix[1][0][1]  ; R17   ; 5A       ; 89           ; 8            ; 20           ; no              ; no                     ; 1         ; no              ; no         ; no            ; no       ; Off          ; 2.5 V        ; Default          ; Series 50 Ohm without Calibration ; --                        ; no                         ; no                          ; 0                   ; Off                         ; Fitter               ; -                    ; -                   ;
; resultMatrix[1][0][2]  ; N16   ; 5B       ; 89           ; 35           ; 43           ; no              ; no                     ; 1         ; no              ; no         ; no            ; no       ; Off          ; 2.5 V        ; Default          ; Series 50 Ohm without Calibration ; --                        ; no                         ; no                          ; 0                   ; Off                         ; Fitter               ; -                    ; -                   ;
; resultMatrix[1][0][3]  ; L18   ; 5B       ; 89           ; 38           ; 20           ; no              ; no                     ; 1         ; no              ; no         ; no            ; no       ; Off          ; 2.5 V        ; Default          ; Series 50 Ohm without Calibration ; --                        ; no                         ; no                          ; 0                   ; Off                         ; Fitter               ; -                    ; -                   ;
; resultMatrix[1][0][4]  ; P17   ; 5A       ; 89           ; 9            ; 20           ; no              ; no                     ; 1         ; no              ; no         ; no            ; no       ; Off          ; 2.5 V        ; Default          ; Series 50 Ohm without Calibration ; --                        ; no                         ; no                          ; 0                   ; Off                         ; Fitter               ; -                    ; -                   ;
; resultMatrix[1][0][5]  ; N19   ; 5B       ; 89           ; 36           ; 3            ; no              ; no                     ; 1         ; no              ; no         ; no            ; no       ; Off          ; 2.5 V        ; Default          ; Series 50 Ohm without Calibration ; --                        ; no                         ; no                          ; 0                   ; Off                         ; Fitter               ; -                    ; -                   ;
; resultMatrix[1][0][6]  ; E15   ; 7A       ; 66           ; 81           ; 40           ; no              ; no                     ; 1         ; no              ; no         ; no            ; no       ; Off          ; 2.5 V        ; Default          ; Series 50 Ohm without Calibration ; --                        ; no                         ; no                          ; 0                   ; Off                         ; Fitter               ; -                    ; -                   ;
; resultMatrix[1][0][7]  ; C11   ; 7A       ; 50           ; 81           ; 74           ; no              ; no                     ; 1         ; no              ; no         ; no            ; no       ; Off          ; 2.5 V        ; Default          ; Series 50 Ohm without Calibration ; --                        ; no                         ; no                          ; 0                   ; Off                         ; Fitter               ; -                    ; -                   ;
; resultMatrix[1][0][8]  ; J8    ; 8A       ; 38           ; 81           ; 17           ; no              ; no                     ; 1         ; no              ; no         ; no            ; no       ; Off          ; 2.5 V        ; Default          ; Series 50 Ohm without Calibration ; --                        ; no                         ; no                          ; 0                   ; Off                         ; Fitter               ; -                    ; -                   ;
; resultMatrix[1][0][9]  ; R21   ; 5A       ; 89           ; 8            ; 37           ; no              ; no                     ; 1         ; no              ; no         ; no            ; no       ; Off          ; 2.5 V        ; Default          ; Series 50 Ohm without Calibration ; --                        ; no                         ; no                          ; 0                   ; Off                         ; Fitter               ; -                    ; -                   ;
; resultMatrix[1][1][0]  ; T22   ; 5A       ; 89           ; 6            ; 37           ; no              ; no                     ; 1         ; no              ; no         ; no            ; no       ; Off          ; 2.5 V        ; Default          ; Series 50 Ohm without Calibration ; --                        ; no                         ; no                          ; 0                   ; Off                         ; Fitter               ; -                    ; -                   ;
; resultMatrix[1][1][10] ; A12   ; 7A       ; 54           ; 81           ; 51           ; no              ; no                     ; 1         ; no              ; no         ; no            ; no       ; Off          ; 2.5 V        ; Default          ; Series 50 Ohm without Calibration ; --                        ; no                         ; no                          ; 0                   ; Off                         ; Fitter               ; -                    ; -                   ;
; resultMatrix[1][1][11] ; AB7   ; 3B       ; 28           ; 0            ; 34           ; no              ; no                     ; 1         ; no              ; no         ; no            ; no       ; Off          ; 2.5 V        ; Default          ; Series 50 Ohm without Calibration ; --                        ; no                         ; no                          ; 0                   ; Off                         ; Fitter               ; -                    ; -                   ;
; resultMatrix[1][1][1]  ; R6    ; 3A       ; 2            ; 0            ; 57           ; no              ; no                     ; 1         ; no              ; no         ; no            ; no       ; Off          ; 2.5 V        ; Default          ; Series 50 Ohm without Calibration ; --                        ; no                         ; no                          ; 0                   ; Off                         ; Fitter               ; -                    ; -                   ;
; resultMatrix[1][1][2]  ; G12   ; 7A       ; 52           ; 81           ; 17           ; no              ; no                     ; 1         ; no              ; no         ; no            ; no       ; Off          ; 2.5 V        ; Default          ; Series 50 Ohm without Calibration ; --                        ; no                         ; no                          ; 0                   ; Off                         ; Fitter               ; -                    ; -                   ;
; resultMatrix[1][1][3]  ; K9    ; 7A       ; 52           ; 81           ; 51           ; no              ; no                     ; 1         ; no              ; no         ; no            ; no       ; Off          ; 2.5 V        ; Default          ; Series 50 Ohm without Calibration ; --                        ; no                         ; no                          ; 0                   ; Off                         ; Fitter               ; -                    ; -                   ;
; resultMatrix[1][1][4]  ; AA19  ; 4A       ; 62           ; 0            ; 51           ; no              ; no                     ; 1         ; no              ; no         ; no            ; no       ; Off          ; 2.5 V        ; Default          ; Series 50 Ohm without Calibration ; --                        ; no                         ; no                          ; 0                   ; Off                         ; Fitter               ; -                    ; -                   ;
; resultMatrix[1][1][5]  ; AA9   ; 3B       ; 32           ; 0            ; 34           ; no              ; no                     ; 1         ; no              ; no         ; no            ; no       ; Off          ; 2.5 V        ; Default          ; Series 50 Ohm without Calibration ; --                        ; no                         ; no                          ; 0                   ; Off                         ; Fitter               ; -                    ; -                   ;
; resultMatrix[1][1][6]  ; E19   ; 7A       ; 86           ; 81           ; 0            ; no              ; no                     ; 1         ; no              ; no         ; no            ; no       ; Off          ; 2.5 V        ; Default          ; Series 50 Ohm without Calibration ; --                        ; no                         ; no                          ; 0                   ; Off                         ; Fitter               ; -                    ; -                   ;
; resultMatrix[1][1][7]  ; R22   ; 5A       ; 89           ; 6            ; 54           ; no              ; no                     ; 1         ; no              ; no         ; no            ; no       ; Off          ; 2.5 V        ; Default          ; Series 50 Ohm without Calibration ; --                        ; no                         ; no                          ; 0                   ; Off                         ; Fitter               ; -                    ; -                   ;
; resultMatrix[1][1][8]  ; B10   ; 8A       ; 34           ; 81           ; 40           ; no              ; no                     ; 1         ; no              ; no         ; no            ; no       ; Off          ; 2.5 V        ; Default          ; Series 50 Ohm without Calibration ; --                        ; no                         ; no                          ; 0                   ; Off                         ; Fitter               ; -                    ; -                   ;
; resultMatrix[1][1][9]  ; B7    ; 8A       ; 32           ; 81           ; 51           ; no              ; no                     ; 1         ; no              ; no         ; no            ; no       ; Off          ; 2.5 V        ; Default          ; Series 50 Ohm without Calibration ; --                        ; no                         ; no                          ; 0                   ; Off                         ; Fitter               ; -                    ; -                   ;
; resultMatrix[1][2][0]  ; AB11  ; 3B       ; 38           ; 0            ; 34           ; no              ; no                     ; 1         ; no              ; no         ; no            ; no       ; Off          ; 2.5 V        ; Default          ; Series 50 Ohm without Calibration ; --                        ; no                         ; no                          ; 0                   ; Off                         ; Fitter               ; -                    ; -                   ;
; resultMatrix[1][2][10] ; U13   ; 4A       ; 50           ; 0            ; 40           ; no              ; no                     ; 1         ; no              ; no         ; no            ; no       ; Off          ; 2.5 V        ; Default          ; Series 50 Ohm without Calibration ; --                        ; no                         ; no                          ; 0                   ; Off                         ; Fitter               ; -                    ; -                   ;
; resultMatrix[1][2][11] ; Y15   ; 4A       ; 54           ; 0            ; 0            ; no              ; no                     ; 1         ; no              ; no         ; no            ; no       ; Off          ; 2.5 V        ; Default          ; Series 50 Ohm without Calibration ; --                        ; no                         ; no                          ; 0                   ; Off                         ; Fitter               ; -                    ; -                   ;
; resultMatrix[1][2][1]  ; R10   ; 3B       ; 38           ; 0            ; 17           ; no              ; no                     ; 1         ; no              ; no         ; no            ; no       ; Off          ; 2.5 V        ; Default          ; Series 50 Ohm without Calibration ; --                        ; no                         ; no                          ; 0                   ; Off                         ; Fitter               ; -                    ; -                   ;
; resultMatrix[1][2][2]  ; U12   ; 3B       ; 36           ; 0            ; 0            ; no              ; no                     ; 1         ; no              ; no         ; no            ; no       ; Off          ; 2.5 V        ; Default          ; Series 50 Ohm without Calibration ; --                        ; no                         ; no                          ; 0                   ; Off                         ; Fitter               ; -                    ; -                   ;
; resultMatrix[1][2][3]  ; T10   ; 3B       ; 34           ; 0            ; 57           ; no              ; no                     ; 1         ; no              ; no         ; no            ; no       ; Off          ; 2.5 V        ; Default          ; Series 50 Ohm without Calibration ; --                        ; no                         ; no                          ; 0                   ; Off                         ; Fitter               ; -                    ; -                   ;
; resultMatrix[1][2][4]  ; T12   ; 4A       ; 52           ; 0            ; 17           ; no              ; no                     ; 1         ; no              ; no         ; no            ; no       ; Off          ; 2.5 V        ; Default          ; Series 50 Ohm without Calibration ; --                        ; no                         ; no                          ; 0                   ; Off                         ; Fitter               ; -                    ; -                   ;
; resultMatrix[1][2][5]  ; R12   ; 3B       ; 36           ; 0            ; 51           ; no              ; no                     ; 1         ; no              ; no         ; no            ; no       ; Off          ; 2.5 V        ; Default          ; Series 50 Ohm without Calibration ; --                        ; no                         ; no                          ; 0                   ; Off                         ; Fitter               ; -                    ; -                   ;
; resultMatrix[1][2][6]  ; T13   ; 4A       ; 52           ; 0            ; 0            ; no              ; no                     ; 1         ; no              ; no         ; no            ; no       ; Off          ; 2.5 V        ; Default          ; Series 50 Ohm without Calibration ; --                        ; no                         ; no                          ; 0                   ; Off                         ; Fitter               ; -                    ; -                   ;
; resultMatrix[1][2][7]  ; V21   ; 4A       ; 70           ; 0            ; 34           ; no              ; no                     ; 1         ; no              ; no         ; no            ; no       ; Off          ; 2.5 V        ; Default          ; Series 50 Ohm without Calibration ; --                        ; no                         ; no                          ; 0                   ; Off                         ; Fitter               ; -                    ; -                   ;
; resultMatrix[1][2][8]  ; Y17   ; 4A       ; 58           ; 0            ; 40           ; no              ; no                     ; 1         ; no              ; no         ; no            ; no       ; Off          ; 2.5 V        ; Default          ; Series 50 Ohm without Calibration ; --                        ; no                         ; no                          ; 0                   ; Off                         ; Fitter               ; -                    ; -                   ;
; resultMatrix[1][2][9]  ; U11   ; 3B       ; 36           ; 0            ; 17           ; no              ; no                     ; 1         ; no              ; no         ; no            ; no       ; Off          ; 2.5 V        ; Default          ; Series 50 Ohm without Calibration ; --                        ; no                         ; no                          ; 0                   ; Off                         ; Fitter               ; -                    ; -                   ;
; resultMatrix[2][0][0]  ; B15   ; 7A       ; 62           ; 81           ; 17           ; no              ; no                     ; 1         ; no              ; no         ; no            ; no       ; Off          ; 2.5 V        ; Default          ; Series 50 Ohm without Calibration ; --                        ; no                         ; no                          ; 0                   ; Off                         ; Fitter               ; -                    ; -                   ;
; resultMatrix[2][0][10] ; N20   ; 5B       ; 89           ; 35           ; 77           ; no              ; no                     ; 1         ; no              ; no         ; no            ; no       ; Off          ; 2.5 V        ; Default          ; Series 50 Ohm without Calibration ; --                        ; no                         ; no                          ; 0                   ; Off                         ; Fitter               ; -                    ; -                   ;
; resultMatrix[2][0][11] ; M21   ; 5B       ; 89           ; 37           ; 54           ; no              ; no                     ; 1         ; no              ; no         ; no            ; no       ; Off          ; 2.5 V        ; Default          ; Series 50 Ohm without Calibration ; --                        ; no                         ; no                          ; 0                   ; Off                         ; Fitter               ; -                    ; -                   ;
; resultMatrix[2][0][1]  ; J17   ; 7A       ; 64           ; 81           ; 34           ; no              ; no                     ; 1         ; no              ; no         ; no            ; no       ; Off          ; 2.5 V        ; Default          ; Series 50 Ohm without Calibration ; --                        ; no                         ; no                          ; 0                   ; Off                         ; Fitter               ; -                    ; -                   ;
; resultMatrix[2][0][2]  ; M20   ; 5B       ; 89           ; 37           ; 37           ; no              ; no                     ; 1         ; no              ; no         ; no            ; no       ; Off          ; 2.5 V        ; Default          ; Series 50 Ohm without Calibration ; --                        ; no                         ; no                          ; 0                   ; Off                         ; Fitter               ; -                    ; -                   ;
; resultMatrix[2][0][3]  ; F10   ; 8A       ; 40           ; 81           ; 17           ; no              ; no                     ; 1         ; no              ; no         ; no            ; no       ; Off          ; 2.5 V        ; Default          ; Series 50 Ohm without Calibration ; --                        ; no                         ; no                          ; 0                   ; Off                         ; Fitter               ; -                    ; -                   ;
; resultMatrix[2][0][4]  ; B12   ; 7A       ; 54           ; 81           ; 34           ; no              ; no                     ; 1         ; no              ; no         ; no            ; no       ; Off          ; 2.5 V        ; Default          ; Series 50 Ohm without Calibration ; --                        ; no                         ; no                          ; 0                   ; Off                         ; Fitter               ; -                    ; -                   ;
; resultMatrix[2][0][5]  ; H10   ; 7A       ; 58           ; 81           ; 91           ; no              ; no                     ; 1         ; no              ; no         ; no            ; no       ; Off          ; 2.5 V        ; Default          ; Series 50 Ohm without Calibration ; --                        ; no                         ; no                          ; 0                   ; Off                         ; Fitter               ; -                    ; -                   ;
; resultMatrix[2][0][6]  ; N21   ; 5B       ; 89           ; 35           ; 94           ; no              ; no                     ; 1         ; no              ; no         ; no            ; no       ; Off          ; 2.5 V        ; Default          ; Series 50 Ohm without Calibration ; --                        ; no                         ; no                          ; 0                   ; Off                         ; Fitter               ; -                    ; -                   ;
; resultMatrix[2][0][7]  ; L17   ; 5B       ; 89           ; 37           ; 20           ; no              ; no                     ; 1         ; no              ; no         ; no            ; no       ; Off          ; 2.5 V        ; Default          ; Series 50 Ohm without Calibration ; --                        ; no                         ; no                          ; 0                   ; Off                         ; Fitter               ; -                    ; -                   ;
; resultMatrix[2][0][8]  ; H9    ; 8A       ; 36           ; 81           ; 17           ; no              ; no                     ; 1         ; no              ; no         ; no            ; no       ; Off          ; 2.5 V        ; Default          ; Series 50 Ohm without Calibration ; --                        ; no                         ; no                          ; 0                   ; Off                         ; Fitter               ; -                    ; -                   ;
; resultMatrix[2][0][9]  ; A13   ; 7A       ; 60           ; 81           ; 51           ; no              ; no                     ; 1         ; no              ; no         ; no            ; no       ; Off          ; 2.5 V        ; Default          ; Series 50 Ohm without Calibration ; --                        ; no                         ; no                          ; 0                   ; Off                         ; Fitter               ; -                    ; -                   ;
; resultMatrix[2][1][0]  ; L7    ; 8A       ; 40           ; 81           ; 34           ; no              ; no                     ; 1         ; no              ; no         ; no            ; no       ; Off          ; 2.5 V        ; Default          ; Series 50 Ohm without Calibration ; --                        ; no                         ; no                          ; 0                   ; Off                         ; Fitter               ; -                    ; -                   ;
; resultMatrix[2][1][10] ; C19   ; 7A       ; 78           ; 81           ; 0            ; no              ; no                     ; 1         ; no              ; no         ; no            ; no       ; Off          ; 2.5 V        ; Default          ; Series 50 Ohm without Calibration ; --                        ; no                         ; no                          ; 0                   ; Off                         ; Fitter               ; -                    ; -                   ;
; resultMatrix[2][1][11] ; D17   ; 7A       ; 70           ; 81           ; 0            ; no              ; no                     ; 1         ; no              ; no         ; no            ; no       ; Off          ; 2.5 V        ; Default          ; Series 50 Ohm without Calibration ; --                        ; no                         ; no                          ; 0                   ; Off                         ; Fitter               ; -                    ; -                   ;
; resultMatrix[2][1][1]  ; AA15  ; 4A       ; 54           ; 0            ; 34           ; no              ; no                     ; 1         ; no              ; no         ; no            ; no       ; Off          ; 2.5 V        ; Default          ; Series 50 Ohm without Calibration ; --                        ; no                         ; no                          ; 0                   ; Off                         ; Fitter               ; -                    ; -                   ;
; resultMatrix[2][1][2]  ; V19   ; 4A       ; 70           ; 0            ; 17           ; no              ; no                     ; 1         ; no              ; no         ; no            ; no       ; Off          ; 2.5 V        ; Default          ; Series 50 Ohm without Calibration ; --                        ; no                         ; no                          ; 0                   ; Off                         ; Fitter               ; -                    ; -                   ;
; resultMatrix[2][1][3]  ; K16   ; 7A       ; 64           ; 81           ; 51           ; no              ; no                     ; 1         ; no              ; no         ; no            ; no       ; Off          ; 2.5 V        ; Default          ; Series 50 Ohm without Calibration ; --                        ; no                         ; no                          ; 0                   ; Off                         ; Fitter               ; -                    ; -                   ;
; resultMatrix[2][1][4]  ; Y20   ; 4A       ; 66           ; 0            ; 57           ; no              ; no                     ; 1         ; no              ; no         ; no            ; no       ; Off          ; 2.5 V        ; Default          ; Series 50 Ohm without Calibration ; --                        ; no                         ; no                          ; 0                   ; Off                         ; Fitter               ; -                    ; -                   ;
; resultMatrix[2][1][5]  ; T19   ; 5A       ; 89           ; 4            ; 77           ; no              ; no                     ; 1         ; no              ; no         ; no            ; no       ; Off          ; 2.5 V        ; Default          ; Series 50 Ohm without Calibration ; --                        ; no                         ; no                          ; 0                   ; Off                         ; Fitter               ; -                    ; -                   ;
; resultMatrix[2][1][6]  ; C13   ; 7A       ; 54           ; 81           ; 17           ; no              ; no                     ; 1         ; no              ; no         ; no            ; no       ; Off          ; 2.5 V        ; Default          ; Series 50 Ohm without Calibration ; --                        ; no                         ; no                          ; 0                   ; Off                         ; Fitter               ; -                    ; -                   ;
; resultMatrix[2][1][7]  ; G15   ; 7A       ; 62           ; 81           ; 34           ; no              ; no                     ; 1         ; no              ; no         ; no            ; no       ; Off          ; 2.5 V        ; Default          ; Series 50 Ohm without Calibration ; --                        ; no                         ; no                          ; 0                   ; Off                         ; Fitter               ; -                    ; -                   ;
; resultMatrix[2][1][8]  ; J11   ; 7A       ; 58           ; 81           ; 74           ; no              ; no                     ; 1         ; no              ; no         ; no            ; no       ; Off          ; 2.5 V        ; Default          ; Series 50 Ohm without Calibration ; --                        ; no                         ; no                          ; 0                   ; Off                         ; Fitter               ; -                    ; -                   ;
; resultMatrix[2][1][9]  ; H13   ; 7A       ; 56           ; 81           ; 0            ; no              ; no                     ; 1         ; no              ; no         ; no            ; no       ; Off          ; 2.5 V        ; Default          ; Series 50 Ohm without Calibration ; --                        ; no                         ; no                          ; 0                   ; Off                         ; Fitter               ; -                    ; -                   ;
; resultMatrix[2][2][0]  ; V18   ; 4A       ; 70           ; 0            ; 0            ; no              ; no                     ; 1         ; no              ; no         ; no            ; no       ; Off          ; 2.5 V        ; Default          ; Series 50 Ohm without Calibration ; --                        ; no                         ; no                          ; 0                   ; Off                         ; Fitter               ; -                    ; -                   ;
; resultMatrix[2][2][10] ; W19   ; 4A       ; 62           ; 0            ; 0            ; no              ; no                     ; 1         ; no              ; no         ; no            ; no       ; Off          ; 2.5 V        ; Default          ; Series 50 Ohm without Calibration ; --                        ; no                         ; no                          ; 0                   ; Off                         ; Fitter               ; -                    ; -                   ;
; resultMatrix[2][2][11] ; AA17  ; 4A       ; 60           ; 0            ; 51           ; no              ; no                     ; 1         ; no              ; no         ; no            ; no       ; Off          ; 2.5 V        ; Default          ; Series 50 Ohm without Calibration ; --                        ; no                         ; no                          ; 0                   ; Off                         ; Fitter               ; -                    ; -                   ;
; resultMatrix[2][2][1]  ; AB12  ; 4A       ; 50           ; 0            ; 74           ; no              ; no                     ; 1         ; no              ; no         ; no            ; no       ; Off          ; 2.5 V        ; Default          ; Series 50 Ohm without Calibration ; --                        ; no                         ; no                          ; 0                   ; Off                         ; Fitter               ; -                    ; -                   ;
; resultMatrix[2][2][2]  ; AB10  ; 3B       ; 38           ; 0            ; 51           ; no              ; no                     ; 1         ; no              ; no         ; no            ; no       ; Off          ; 2.5 V        ; Default          ; Series 50 Ohm without Calibration ; --                        ; no                         ; no                          ; 0                   ; Off                         ; Fitter               ; -                    ; -                   ;
; resultMatrix[2][2][3]  ; AB22  ; 4A       ; 64           ; 0            ; 51           ; no              ; no                     ; 1         ; no              ; no         ; no            ; no       ; Off          ; 2.5 V        ; Default          ; Series 50 Ohm without Calibration ; --                        ; no                         ; no                          ; 0                   ; Off                         ; Fitter               ; -                    ; -                   ;
; resultMatrix[2][2][4]  ; V13   ; 4A       ; 50           ; 0            ; 57           ; no              ; no                     ; 1         ; no              ; no         ; no            ; no       ; Off          ; 2.5 V        ; Default          ; Series 50 Ohm without Calibration ; --                        ; no                         ; no                          ; 0                   ; Off                         ; Fitter               ; -                    ; -                   ;
; resultMatrix[2][2][5]  ; V14   ; 4A       ; 56           ; 0            ; 17           ; no              ; no                     ; 1         ; no              ; no         ; no            ; no       ; Off          ; 2.5 V        ; Default          ; Series 50 Ohm without Calibration ; --                        ; no                         ; no                          ; 0                   ; Off                         ; Fitter               ; -                    ; -                   ;
; resultMatrix[2][2][6]  ; W21   ; 4A       ; 68           ; 0            ; 34           ; no              ; no                     ; 1         ; no              ; no         ; no            ; no       ; Off          ; 2.5 V        ; Default          ; Series 50 Ohm without Calibration ; --                        ; no                         ; no                          ; 0                   ; Off                         ; Fitter               ; -                    ; -                   ;
; resultMatrix[2][2][7]  ; R14   ; 4A       ; 68           ; 0            ; 0            ; no              ; no                     ; 1         ; no              ; no         ; no            ; no       ; Off          ; 2.5 V        ; Default          ; Series 50 Ohm without Calibration ; --                        ; no                         ; no                          ; 0                   ; Off                         ; Fitter               ; -                    ; -                   ;
; resultMatrix[2][2][8]  ; V16   ; 4A       ; 64           ; 0            ; 17           ; no              ; no                     ; 1         ; no              ; no         ; no            ; no       ; Off          ; 2.5 V        ; Default          ; Series 50 Ohm without Calibration ; --                        ; no                         ; no                          ; 0                   ; Off                         ; Fitter               ; -                    ; -                   ;
; resultMatrix[2][2][9]  ; R9    ; 3B       ; 34           ; 0            ; 40           ; no              ; no                     ; 1         ; no              ; no         ; no            ; no       ; Off          ; 2.5 V        ; Default          ; Series 50 Ohm without Calibration ; --                        ; no                         ; no                          ; 0                   ; Off                         ; Fitter               ; -                    ; -                   ;
+------------------------+-------+----------+--------------+--------------+--------------+-----------------+------------------------+-----------+-----------------+------------+---------------+----------+--------------+--------------+------------------+-----------------------------------+---------------------------+----------------------------+-----------------------------+---------------------+-----------------------------+----------------------+----------------------+---------------------+


+-----------------------------------------------------------------------------+
; I/O Bank Usage                                                              ;
+----------+-------------------+---------------+--------------+---------------+
; I/O Bank ; Usage             ; VCCIO Voltage ; VREF Voltage ; VCCPD Voltage ;
+----------+-------------------+---------------+--------------+---------------+
; B2L      ; 0 / 0 ( -- )      ; --            ; --           ; --            ;
; B1L      ; 0 / 14 ( 0 % )    ; --            ; --           ; --            ;
; B0L      ; 0 / 14 ( 0 % )    ; --            ; --           ; --            ;
; 3A       ; 16 / 16 ( 100 % ) ; 2.5V          ; --           ; 2.5V          ;
; 3B       ; 32 / 32 ( 100 % ) ; 2.5V          ; --           ; 2.5V          ;
; 4A       ; 48 / 48 ( 100 % ) ; 2.5V          ; --           ; 2.5V          ;
; 5A       ; 16 / 16 ( 100 % ) ; 2.5V          ; --           ; 2.5V          ;
; 5B       ; 16 / 16 ( 100 % ) ; 2.5V          ; --           ; 2.5V          ;
; 7A       ; 58 / 80 ( 73 % )  ; 2.5V          ; --           ; 2.5V          ;
; 8A       ; 32 / 32 ( 100 % ) ; 2.5V          ; --           ; 2.5V          ;
+----------+-------------------+---------------+--------------+---------------+


+-----------------------------------------------------------------------------------------------------------------------------------------------------------------------------+
; All Package Pins                                                                                                                                                            ;
+----------+------------+----------+---------------------------------+--------+--------------+---------------------+--------------+-----------------+----------+--------------+
; Location ; Pad Number ; I/O Bank ; Pin Name/Usage                  ; Dir.   ; I/O Standard ; Voltage             ; I/O Type     ; User Assignment ; Bus Hold ; Weak Pull Up ;
+----------+------------+----------+---------------------------------+--------+--------------+---------------------+--------------+-----------------+----------+--------------+
; A1       ;            ;          ; RREF                            ;        ;              ;                     ; --           ;                 ; --       ; --           ;
; A2       ; 538        ; 9A       ; ^MSEL2                          ;        ;              ;                     ; --           ;                 ; --       ; --           ;
; A3       ;            ; --       ; VCCBAT                          ; power  ;              ; 1.2V                ; --           ;                 ; --       ; --           ;
; A4       ; 540        ; 9A       ; ^nCONFIG                        ;        ;              ;                     ; --           ;                 ; --       ; --           ;
; A5       ; 466        ; 8A       ; matrixB[2][1][5]                ; input  ; 2.5 V        ;                     ; Column I/O   ; N               ; no       ; Off          ;
; A6       ;            ; 8A       ; VCCIO8A                         ; power  ;              ; 2.5V                ; --           ;                 ; --       ; --           ;
; A7       ; 475        ; 8A       ; matrixA[0][0][1]                ; input  ; 2.5 V        ;                     ; Column I/O   ; N               ; no       ; Off          ;
; A8       ; 473        ; 8A       ; matrixB[0][0][1]                ; input  ; 2.5 V        ;                     ; Column I/O   ; N               ; no       ; Off          ;
; A9       ; 464        ; 8A       ; matrixA[1][1][1]                ; input  ; 2.5 V        ;                     ; Column I/O   ; N               ; no       ; Off          ;
; A10      ; 462        ; 8A       ; matrixA[1][2][1]                ; input  ; 2.5 V        ;                     ; Column I/O   ; N               ; no       ; Off          ;
; A11      ;            ;          ; GND                             ; gnd    ;              ;                     ; --           ;                 ; --       ; --           ;
; A12      ; 444        ; 7A       ; resultMatrix[1][1][10]          ; output ; 2.5 V        ;                     ; Column I/O   ; N               ; no       ; Off          ;
; A13      ; 432        ; 7A       ; resultMatrix[2][0][9]           ; output ; 2.5 V        ;                     ; Column I/O   ; N               ; no       ; Off          ;
; A14      ; 420        ; 7A       ; matrixB[0][0][3]                ; input  ; 2.5 V        ;                     ; Column I/O   ; N               ; no       ; Off          ;
; A15      ; 418        ; 7A       ; matrixA[1][0][4]                ; input  ; 2.5 V        ;                     ; Column I/O   ; N               ; no       ; Off          ;
; A16      ;            ; 7A       ; VCCIO7A                         ; power  ;              ; 2.5V                ; --           ;                 ; --       ; --           ;
; A17      ; 403        ; 7A       ; RESERVED_INPUT_WITH_WEAK_PULLUP ;        ;              ;                     ; Column I/O   ;                 ; no       ; On           ;
; A18      ; 401        ; 7A       ; matrixA[1][2][4]                ; input  ; 2.5 V        ;                     ; Column I/O   ; N               ; no       ; Off          ;
; A19      ; 404        ; 7A       ; matrixA[1][0][0]                ; input  ; 2.5 V        ;                     ; Column I/O   ; N               ; no       ; Off          ;
; A20      ; 402        ; 7A       ; matrixB[2][0][4]                ; input  ; 2.5 V        ;                     ; Column I/O   ; N               ; no       ; Off          ;
; A21      ;            ;          ; GND                             ; gnd    ;              ;                     ; --           ;                 ; --       ; --           ;
; A22      ; 396        ; 7A       ; RESERVED_INPUT_WITH_WEAK_PULLUP ;        ;              ;                     ; Column I/O   ;                 ; no       ; On           ;
; AA1      ; 39         ; B0L      ; GND                             ;        ;              ;                     ; --           ;                 ; --       ; --           ;
; AA2      ; 38         ; B0L      ; GND                             ;        ;              ;                     ; --           ;                 ; --       ; --           ;
; AA3      ;            ;          ; GND                             ; gnd    ;              ;                     ; --           ;                 ; --       ; --           ;
; AA4      ;            ;          ; GND                             ; gnd    ;              ;                     ; --           ;                 ; --       ; --           ;
; AA5      ; 47         ; 3A       ; ^AS_DATA2, DATA2                ;        ;              ;                     ; Weak Pull Up ;                 ; --       ; On           ;
; AA6      ;            ;          ; GND                             ; gnd    ;              ;                     ; --           ;                 ; --       ; --           ;
; AA7      ; 105        ; 3B       ; resultMatrix[0][2][6]           ; output ; 2.5 V        ;                     ; Column I/O   ; N               ; no       ; Off          ;
; AA8      ; 108        ; 3B       ; resultMatrix[0][2][8]           ; output ; 2.5 V        ;                     ; Column I/O   ; N               ; no       ; Off          ;
; AA9      ; 115        ; 3B       ; resultMatrix[1][1][5]           ; output ; 2.5 V        ;                     ; Column I/O   ; N               ; no       ; Off          ;
; AA10     ; 113        ; 3B       ; resultMatrix[0][2][9]           ; output ; 2.5 V        ;                     ; Column I/O   ; N               ; no       ; Off          ;
; AA11     ;            ;          ; GND                             ; gnd    ;              ;                     ; --           ;                 ; --       ; --           ;
; AA12     ; 131        ; 3B       ; matrixB[2][2][0]                ; input  ; 2.5 V        ;                     ; Column I/O   ; N               ; no       ; Off          ;
; AA13     ; 139        ; 4A       ; matrixA[2][2][5]                ; input  ; 2.5 V        ;                     ; Column I/O   ; N               ; no       ; Off          ;
; AA14     ; 137        ; 4A       ; matrixB[0][1][0]                ; input  ; 2.5 V        ;                     ; Column I/O   ; N               ; no       ; Off          ;
; AA15     ; 142        ; 4A       ; resultMatrix[2][1][1]           ; output ; 2.5 V        ;                     ; Column I/O   ; N               ; no       ; Off          ;
; AA16     ;            ; 4A       ; VCCIO4A                         ; power  ;              ; 2.5V                ; --           ;                 ; --       ; --           ;
; AA17     ; 153        ; 4A       ; resultMatrix[2][2][11]          ; output ; 2.5 V        ;                     ; Column I/O   ; N               ; no       ; Off          ;
; AA18     ; 155        ; 4A       ; matrixB[0][1][5]                ; input  ; 2.5 V        ;                     ; Column I/O   ; N               ; no       ; Off          ;
; AA19     ; 156        ; 4A       ; resultMatrix[1][1][4]           ; output ; 2.5 V        ;                     ; Column I/O   ; N               ; no       ; Off          ;
; AA20     ; 158        ; 4A       ; matrixB[0][1][3]                ; input  ; 2.5 V        ;                     ; Column I/O   ; N               ; no       ; Off          ;
; AA21     ;            ; 4A       ; VCCIO4A                         ; power  ;              ; 2.5V                ; --           ;                 ; --       ; --           ;
; AA22     ; 163        ; 4A       ; matrixB[1][1][2]                ; input  ; 2.5 V        ;                     ; Column I/O   ; N               ; no       ; Off          ;
; AB1      ;            ;          ; GND                             ; gnd    ;              ;                     ; --           ;                 ; --       ; --           ;
; AB2      ;            ;          ; GND                             ; gnd    ;              ;                     ; --           ;                 ; --       ; --           ;
; AB3      ; 49         ; 3A       ; ^AS_DATA1, DATA1                ;        ;              ;                     ; Weak Pull Up ;                 ; --       ; On           ;
; AB4      ; 51         ; 3A       ; ^AS_DATA0, ASDO, DATA0          ;        ;              ;                     ; Weak Pull Up ;                 ; --       ; On           ;
; AB5      ; 102        ; 3B       ; resultMatrix[0][2][7]           ; output ; 2.5 V        ;                     ; Column I/O   ; N               ; no       ; Off          ;
; AB6      ; 100        ; 3B       ; resultMatrix[0][0][7]           ; output ; 2.5 V        ;                     ; Column I/O   ; N               ; no       ; Off          ;
; AB7      ; 107        ; 3B       ; resultMatrix[1][1][11]          ; output ; 2.5 V        ;                     ; Column I/O   ; N               ; no       ; Off          ;
; AB8      ; 110        ; 3B       ; resultMatrix[0][0][1]           ; output ; 2.5 V        ;                     ; Column I/O   ; N               ; no       ; Off          ;
; AB9      ;            ;          ; GND                             ; gnd    ;              ;                     ; --           ;                 ; --       ; --           ;
; AB10     ; 124        ; 3B       ; resultMatrix[2][2][2]           ; output ; 2.5 V        ;                     ; Column I/O   ; N               ; no       ; Off          ;
; AB11     ; 126        ; 3B       ; resultMatrix[1][2][0]           ; output ; 2.5 V        ;                     ; Column I/O   ; N               ; no       ; Off          ;
; AB12     ; 134        ; 4A       ; resultMatrix[2][2][1]           ; output ; 2.5 V        ;                     ; Column I/O   ; N               ; no       ; Off          ;
; AB13     ; 132        ; 4A       ; matrixB[2][2][1]                ; input  ; 2.5 V        ;                     ; Column I/O   ; N               ; no       ; Off          ;
; AB14     ;            ;          ; GND                             ; gnd    ;              ;                     ; --           ;                 ; --       ; --           ;
; AB15     ; 140        ; 4A       ; matrixA[2][0][5]                ; input  ; 2.5 V        ;                     ; Column I/O   ; N               ; no       ; Off          ;
; AB16     ;            ; 4A       ; VREFB4AN0                       ; power  ;              ;                     ; --           ;                 ; --       ; --           ;
; AB17     ; 145        ; 4A       ; resultMatrix[0][2][0]           ; output ; 2.5 V        ;                     ; Column I/O   ; N               ; no       ; Off          ;
; AB18     ; 147        ; 4A       ; matrixA[1][2][2]                ; input  ; 2.5 V        ;                     ; Column I/O   ; N               ; no       ; Off          ;
; AB19     ;            ;          ; GND                             ; gnd    ;              ;                     ; --           ;                 ; --       ; --           ;
; AB20     ; 148        ; 4A       ; matrixB[2][0][0]                ; input  ; 2.5 V        ;                     ; Column I/O   ; N               ; no       ; Off          ;
; AB21     ; 150        ; 4A       ; matrixB[1][1][3]                ; input  ; 2.5 V        ;                     ; Column I/O   ; N               ; no       ; Off          ;
; AB22     ; 161        ; 4A       ; resultMatrix[2][2][3]           ; output ; 2.5 V        ;                     ; Column I/O   ; N               ; no       ; Off          ;
; B1       ;            ;          ; GND                             ; gnd    ;              ;                     ; --           ;                 ; --       ; --           ;
; B2       ;            ;          ; GND                             ; gnd    ;              ;                     ; --           ;                 ; --       ; --           ;
; B3       ;            ;          ; DNU                             ;        ;              ;                     ; --           ;                 ; --       ; --           ;
; B4       ;            ;          ; DNU                             ;        ;              ;                     ; --           ;                 ; --       ; --           ;
; B5       ; 468        ; 8A       ; resultMatrix[0][1][9]           ; output ; 2.5 V        ;                     ; Column I/O   ; N               ; no       ; Off          ;
; B6       ; 470        ; 8A       ; matrixA[0][0][0]                ; input  ; 2.5 V        ;                     ; Column I/O   ; N               ; no       ; Off          ;
; B7       ; 472        ; 8A       ; resultMatrix[1][1][9]           ; output ; 2.5 V        ;                     ; Column I/O   ; N               ; no       ; Off          ;
; B8       ;            ; 8A       ; VREFB8AN0                       ; power  ;              ;                     ; --           ;                 ; --       ; --           ;
; B9       ;            ;          ; GND                             ; gnd    ;              ;                     ; --           ;                 ; --       ; --           ;
; B10      ; 465        ; 8A       ; resultMatrix[1][1][8]           ; output ; 2.5 V        ;                     ; Column I/O   ; N               ; no       ; Off          ;
; B11      ; 452        ; 7A       ; matrixA[1][0][3]                ; input  ; 2.5 V        ;                     ; Column I/O   ; N               ; no       ; Off          ;
; B12      ; 442        ; 7A       ; resultMatrix[2][0][4]           ; output ; 2.5 V        ;                     ; Column I/O   ; N               ; no       ; Off          ;
; B13      ; 430        ; 7A       ; matrixB[2][0][3]                ; input  ; 2.5 V        ;                     ; Column I/O   ; N               ; no       ; Off          ;
; B14      ;            ;          ; GND                             ; gnd    ;              ;                     ; --           ;                 ; --       ; --           ;
; B15      ; 427        ; 7A       ; resultMatrix[2][0][0]           ; output ; 2.5 V        ;                     ; Column I/O   ; N               ; no       ; Off          ;
; B16      ; 406        ; 7A       ; RESERVED_INPUT_WITH_WEAK_PULLUP ;        ;              ;                     ; Column I/O   ;                 ; no       ; On           ;
; B17      ; 384        ; 7A       ; RESERVED_INPUT_WITH_WEAK_PULLUP ;        ;              ;                     ; Column I/O   ;                 ; no       ; On           ;
; B18      ; 382        ; 7A       ; RESERVED_INPUT_WITH_WEAK_PULLUP ;        ;              ;                     ; Column I/O   ;                 ; no       ; On           ;
; B19      ;            ; 7A       ; VCCIO7A                         ; power  ;              ; 2.5V                ; --           ;                 ; --       ; --           ;
; B20      ; 380        ; 7A       ; RESERVED_INPUT_WITH_WEAK_PULLUP ;        ;              ;                     ; Column I/O   ;                 ; no       ; On           ;
; B21      ; 387        ; 7A       ; resultMatrix[1][0][0]           ; output ; 2.5 V        ;                     ; Column I/O   ; N               ; no       ; Off          ;
; B22      ; 394        ; 7A       ; RESERVED_INPUT_WITH_WEAK_PULLUP ;        ;              ;                     ; Column I/O   ;                 ; no       ; On           ;
; C1       ; 19         ; B1L      ; GND                             ;        ;              ;                     ; --           ;                 ; --       ; --           ;
; C2       ; 18         ; B1L      ; GND                             ;        ;              ;                     ; --           ;                 ; --       ; --           ;
; C3       ;            ;          ; GND                             ; gnd    ;              ;                     ; --           ;                 ; --       ; --           ;
; C4       ;            ;          ; GND                             ; gnd    ;              ;                     ; --           ;                 ; --       ; --           ;
; C5       ; 542        ; 9A       ; ^GND                            ;        ;              ;                     ; --           ;                 ; --       ; --           ;
; C6       ; 474        ; 8A       ; matrixA[0][2][5]                ; input  ; 2.5 V        ;                     ; Column I/O   ; N               ; no       ; Off          ;
; C7       ;            ; 8A       ; VCCIO8A                         ; power  ;              ; 2.5V                ; --           ;                 ; --       ; --           ;
; C8       ; 480        ; 8A       ; matrixB[1][0][1]                ; input  ; 2.5 V        ;                     ; Column I/O   ; N               ; no       ; Off          ;
; C9       ; 467        ; 8A       ; matrixA[0][1][4]                ; input  ; 2.5 V        ;                     ; Column I/O   ; N               ; no       ; Off          ;
; C10      ;            ; 7A, 8A   ; VCCPD7A8A                       ; power  ;              ; 2.5V                ; --           ;                 ; --       ; --           ;
; C11      ; 450        ; 7A       ; resultMatrix[1][0][7]           ; output ; 2.5 V        ;                     ; Column I/O   ; N               ; no       ; Off          ;
; C12      ;            ; 7A       ; VCCIO7A                         ; power  ;              ; 2.5V                ; --           ;                 ; --       ; --           ;
; C13      ; 443        ; 7A       ; resultMatrix[2][1][6]           ; output ; 2.5 V        ;                     ; Column I/O   ; N               ; no       ; Off          ;
; C14      ;            ; 7A       ; VREFB7AN0                       ; power  ;              ;                     ; --           ;                 ; --       ; --           ;
; C15      ; 425        ; 7A       ; matrixB[2][1][0]                ; input  ; 2.5 V        ;                     ; Column I/O   ; N               ; no       ; Off          ;
; C16      ; 408        ; 7A       ; matrixB[0][2][0]                ; input  ; 2.5 V        ;                     ; Column I/O   ; N               ; no       ; Off          ;
; C17      ;            ;          ; GND                             ; gnd    ;              ;                     ; --           ;                 ; --       ; --           ;
; C18      ; 395        ; 7A       ; RESERVED_INPUT_WITH_WEAK_PULLUP ;        ;              ;                     ; Column I/O   ;                 ; no       ; On           ;
; C19      ; 393        ; 7A       ; resultMatrix[2][1][10]          ; output ; 2.5 V        ;                     ; Column I/O   ; N               ; no       ; Off          ;
; C20      ; 378        ; 7A       ; RESERVED_INPUT_WITH_WEAK_PULLUP ;        ;              ;                     ; Column I/O   ;                 ; no       ; On           ;
; C21      ; 385        ; 7A       ; RESERVED_INPUT_WITH_WEAK_PULLUP ;        ;              ;                     ; Column I/O   ;                 ; no       ; On           ;
; C22      ;            ; 7A       ; VCCIO7A                         ; power  ;              ; 2.5V                ; --           ;                 ; --       ; --           ;
; D1       ;            ;          ; GND                             ; gnd    ;              ;                     ; --           ;                 ; --       ; --           ;
; D2       ;            ;          ; GND                             ; gnd    ;              ;                     ; --           ;                 ; --       ; --           ;
; D3       ; 16         ; B1L      ; GXB_NC                          ;        ;              ;                     ; --           ;                 ; --       ; --           ;
; D4       ; 17         ; B1L      ; GXB_NC                          ;        ;              ;                     ; --           ;                 ; --       ; --           ;
; D5       ;            ;          ; GND                             ; gnd    ;              ;                     ; --           ;                 ; --       ; --           ;
; D6       ; 476        ; 8A       ; matrixA[0][1][5]                ; input  ; 2.5 V        ;                     ; Column I/O   ; N               ; no       ; Off          ;
; D7       ; 478        ; 8A       ; resultMatrix[0][1][2]           ; output ; 2.5 V        ;                     ; Column I/O   ; N               ; no       ; Off          ;
; D8       ;            ; 7A, 8A   ; VCCPD7A8A                       ; power  ;              ; 2.5V                ; --           ;                 ; --       ; --           ;
; D9       ; 479        ; 8A       ; matrixA[0][0][4]                ; input  ; 2.5 V        ;                     ; Column I/O   ; N               ; no       ; Off          ;
; D10      ;            ;          ; GND                             ; gnd    ;              ;                     ; --           ;                 ; --       ; --           ;
; D11      ;            ; --       ; VCC_AUX                         ; power  ;              ; 2.5V                ; --           ;                 ; --       ; --           ;
; D12      ; 449        ; 7A       ; resultMatrix[0][2][1]           ; output ; 2.5 V        ;                     ; Column I/O   ; N               ; no       ; Off          ;
; D13      ; 441        ; 7A       ; matrixB[0][2][2]                ; input  ; 2.5 V        ;                     ; Column I/O   ; N               ; no       ; Off          ;
; D14      ;            ; 7A, 8A   ; VCCPD7A8A                       ; power  ;              ; 2.5V                ; --           ;                 ; --       ; --           ;
; D15      ;            ; 7A       ; VCCIO7A                         ; power  ;              ; 2.5V                ; --           ;                 ; --       ; --           ;
; D16      ;            ; 7A, 8A   ; VCCPD7A8A                       ; power  ;              ; 2.5V                ; --           ;                 ; --       ; --           ;
; D17      ; 409        ; 7A       ; resultMatrix[2][1][11]          ; output ; 2.5 V        ;                     ; Column I/O   ; N               ; no       ; Off          ;
; D18      ;            ; --       ; VCC_AUX                         ; power  ;              ; 2.5V                ; --           ;                 ; --       ; --           ;
; D19      ; 379        ; 7A       ; RESERVED_INPUT_WITH_WEAK_PULLUP ;        ;              ;                     ; Column I/O   ;                 ; no       ; On           ;
; D20      ;            ;          ; GND                             ; gnd    ;              ;                     ; --           ;                 ; --       ; --           ;
; D21      ; 376        ; 7A       ; RESERVED_INPUT_WITH_WEAK_PULLUP ;        ;              ;                     ; Column I/O   ;                 ; no       ; On           ;
; D22      ; 392        ; 7A       ; RESERVED_INPUT_WITH_WEAK_PULLUP ;        ;              ;                     ; Column I/O   ;                 ; no       ; On           ;
; E1       ; 20         ; B1L      ; GXB_NC                          ;        ;              ;                     ; --           ;                 ; --       ; --           ;
; E2       ; 21         ; B1L      ; GXB_NC                          ;        ;              ;                     ; --           ;                 ; --       ; --           ;
; E3       ;            ;          ; GND                             ; gnd    ;              ;                     ; --           ;                 ; --       ; --           ;
; E4       ;            ;          ; GND                             ; gnd    ;              ;                     ; --           ;                 ; --       ; --           ;
; E5       ; 539        ; 9A       ; ^MSEL3                          ;        ;              ;                     ; --           ;                 ; --       ; --           ;
; E6       ;            ; --       ; VCC_AUX                         ; power  ;              ; 2.5V                ; --           ;                 ; --       ; --           ;
; E7       ; 484        ; 8A       ; matrixA[0][1][0]                ; input  ; 2.5 V        ;                     ; Column I/O   ; N               ; no       ; Off          ;
; E8       ;            ; 8A       ; VCCIO8A                         ; power  ;              ; 2.5V                ; --           ;                 ; --       ; --           ;
; E9       ; 477        ; 8A       ; matrixA[0][1][2]                ; input  ; 2.5 V        ;                     ; Column I/O   ; N               ; no       ; Off          ;
; E10      ; 469        ; 8A       ; resultMatrix[0][1][3]           ; output ; 2.5 V        ;                     ; Column I/O   ; N               ; no       ; Off          ;
; E11      ;            ; 7A, 8A   ; VCCPD7A8A                       ; power  ;              ; 2.5V                ; --           ;                 ; --       ; --           ;
; E12      ; 451        ; 7A       ; matrixA[2][0][2]                ; input  ; 2.5 V        ;                     ; Column I/O   ; N               ; no       ; Off          ;
; E13      ;            ;          ; GND                             ; gnd    ;              ;                     ; --           ;                 ; --       ; --           ;
; E14      ; 433        ; 7A       ; matrixA[2][1][5]                ; input  ; 2.5 V        ;                     ; Column I/O   ; N               ; no       ; Off          ;
; E15      ; 417        ; 7A       ; resultMatrix[1][0][6]           ; output ; 2.5 V        ;                     ; Column I/O   ; N               ; no       ; Off          ;
; E16      ; 411        ; 7A       ; matrixA[2][2][0]                ; input  ; 2.5 V        ;                     ; Column I/O   ; N               ; no       ; Off          ;
; E17      ;            ;          ; DNU                             ;        ;              ;                     ; --           ;                 ; --       ; --           ;
; E18      ;            ; 7A       ; VCCIO7A                         ; power  ;              ; 2.5V                ; --           ;                 ; --       ; --           ;
; E19      ; 377        ; 7A       ; resultMatrix[1][1][6]           ; output ; 2.5 V        ;                     ; Column I/O   ; N               ; no       ; Off          ;
; E20      ; 398        ; 7A       ; matrixB[2][0][2]                ; input  ; 2.5 V        ;                     ; Column I/O   ; N               ; no       ; Off          ;
; E21      ; 374        ; 7A       ; RESERVED_INPUT_WITH_WEAK_PULLUP ;        ;              ;                     ; Column I/O   ;                 ; no       ; On           ;
; E22      ; 390        ; 7A       ; RESERVED_INPUT_WITH_WEAK_PULLUP ;        ;              ;                     ; Column I/O   ;                 ; no       ; On           ;
; F1       ;            ;          ; GND                             ; gnd    ;              ;                     ; --           ;                 ; --       ; --           ;
; F2       ;            ;          ; GND                             ; gnd    ;              ;                     ; --           ;                 ; --       ; --           ;
; F3       ; 541        ; 9A       ; ^MSEL4                          ;        ;              ;                     ; --           ;                 ; --       ; --           ;
; F4       ;            ; --       ; VCCA_FPLL                       ; power  ;              ; 2.5V                ; --           ;                 ; --       ; --           ;
; F5       ; 14         ; B1L      ; GND                             ;        ;              ;                     ; Row I/O      ;                 ; --       ; --           ;
; F6       ;            ;          ; GND                             ; gnd    ;              ;                     ; --           ;                 ; --       ; --           ;
; F7       ; 482        ; 8A       ; matrixA[0][2][0]                ; input  ; 2.5 V        ;                     ; Column I/O   ; N               ; no       ; Off          ;
; F8       ;            ; --       ; VCCPGM                          ; power  ;              ; 1.8V/2.5V/3.0V/3.3V ; --           ;                 ; --       ; --           ;
; F9       ; 471        ; 8A       ; matrixB[2][0][1]                ; input  ; 2.5 V        ;                     ; Column I/O   ; N               ; no       ; Off          ;
; F10      ; 455        ; 8A       ; resultMatrix[2][0][3]           ; output ; 2.5 V        ;                     ; Column I/O   ; N               ; no       ; Off          ;
; F11      ;            ; 7A       ; VCCIO7A                         ; power  ;              ; 2.5V                ; --           ;                 ; --       ; --           ;
; F12      ; 440        ; 7A       ; matrixB[2][2][5]                ; input  ; 2.5 V        ;                     ; Column I/O   ; N               ; no       ; Off          ;
; F13      ; 435        ; 7A       ; resultMatrix[0][1][11]          ; output ; 2.5 V        ;                     ; Column I/O   ; N               ; no       ; Off          ;
; F14      ; 428        ; 7A       ; matrixA[1][0][5]                ; input  ; 2.5 V        ;                     ; Column I/O   ; N               ; no       ; Off          ;
; F15      ; 419        ; 7A       ; resultMatrix[1][0][11]          ; output ; 2.5 V        ;                     ; Column I/O   ; N               ; no       ; Off          ;
; F16      ;            ;          ; GND                             ; gnd    ;              ;                     ; --           ;                 ; --       ; --           ;
; F17      ; 372        ; 7A       ; ^GND                            ;        ;              ;                     ; --           ;                 ; --       ; --           ;
; F18      ; 399        ; 7A       ; matrixB[2][2][3]                ; input  ; 2.5 V        ;                     ; Column I/O   ; N               ; no       ; Off          ;
; F19      ; 397        ; 7A       ; matrixA[1][1][2]                ; input  ; 2.5 V        ;                     ; Column I/O   ; N               ; no       ; Off          ;
; F20      ; 400        ; 7A       ; matrixB[1][1][1]                ; input  ; 2.5 V        ;                     ; Column I/O   ; N               ; no       ; Off          ;
; F21      ;            ; 7A       ; VCCIO7A                         ; power  ;              ; 2.5V                ; --           ;                 ; --       ; --           ;
; F22      ; 388        ; 7A       ; RESERVED_INPUT_WITH_WEAK_PULLUP ;        ;              ;                     ; Column I/O   ;                 ; no       ; On           ;
; G1       ; 23         ; B1L      ; GND                             ;        ;              ;                     ; --           ;                 ; --       ; --           ;
; G2       ; 22         ; B1L      ; GND                             ;        ;              ;                     ; --           ;                 ; --       ; --           ;
; G3       ;            ;          ; GND                             ; gnd    ;              ;                     ; --           ;                 ; --       ; --           ;
; G4       ; 15         ; B1L      ; GND                             ;        ;              ;                     ; Row I/O      ;                 ; --       ; --           ;
; G5       ; 537        ; 9A       ; ^nCE                            ;        ;              ;                     ; --           ;                 ; --       ; --           ;
; G6       ; 481        ; 8A       ; resultMatrix[0][1][0]           ; output ; 2.5 V        ;                     ; Column I/O   ; N               ; no       ; Off          ;
; G7       ;            ; 8A       ; VCCIO8A                         ; power  ;              ; 2.5V                ; --           ;                 ; --       ; --           ;
; G8       ; 460        ; 8A       ; matrixB[0][1][4]                ; input  ; 2.5 V        ;                     ; Column I/O   ; N               ; no       ; Off          ;
; G9       ;            ;          ; GND                             ; gnd    ;              ;                     ; --           ;                 ; --       ; --           ;
; G10      ; 453        ; 8A       ; resultMatrix[0][1][4]           ; output ; 2.5 V        ;                     ; Column I/O   ; N               ; no       ; Off          ;
; G11      ; 438        ; 7A       ; matrixA[2][2][1]                ; input  ; 2.5 V        ;                     ; Column I/O   ; N               ; no       ; Off          ;
; G12      ; 447        ; 7A       ; resultMatrix[1][1][2]           ; output ; 2.5 V        ;                     ; Column I/O   ; N               ; no       ; Off          ;
; G13      ; 439        ; 7A       ; matrixB[1][2][0]                ; input  ; 2.5 V        ;                     ; Column I/O   ; N               ; no       ; Off          ;
; G14      ;            ; 7A       ; VCCIO7A                         ; power  ;              ; 2.5V                ; --           ;                 ; --       ; --           ;
; G15      ; 426        ; 7A       ; resultMatrix[2][1][7]           ; output ; 2.5 V        ;                     ; Column I/O   ; N               ; no       ; Off          ;
; G16      ; 412        ; 7A       ; matrixB[2][2][2]                ; input  ; 2.5 V        ;                     ; Column I/O   ; N               ; no       ; Off          ;
; G17      ; 410        ; 7A       ; matrixA[2][1][3]                ; input  ; 2.5 V        ;                     ; Column I/O   ; N               ; no       ; Off          ;
; G18      ; 413        ; 7A       ; matrixA[1][1][5]                ; input  ; 2.5 V        ;                     ; Column I/O   ; N               ; no       ; Off          ;
; G19      ;            ;          ; GND                             ; gnd    ;              ;                     ; --           ;                 ; --       ; --           ;
; G20      ; 389        ; 7A       ; matrixA[2][1][0]                ; input  ; 2.5 V        ;                     ; Column I/O   ; N               ; no       ; Off          ;
; G21      ; 375        ; 7A       ; RESERVED_INPUT_WITH_WEAK_PULLUP ;        ;              ;                     ; Column I/O   ;                 ; no       ; On           ;
; G22      ; 386        ; 7A       ; RESERVED_INPUT_WITH_WEAK_PULLUP ;        ;              ;                     ; Column I/O   ;                 ; no       ; On           ;
; H1       ;            ;          ; GND                             ; gnd    ;              ;                     ; --           ;                 ; --       ; --           ;
; H2       ;            ;          ; GND                             ; gnd    ;              ;                     ; --           ;                 ; --       ; --           ;
; H3       ;            ;          ; GND                             ; gnd    ;              ;                     ; --           ;                 ; --       ; --           ;
; H4       ;            ;          ; GND                             ; gnd    ;              ;                     ; --           ;                 ; --       ; --           ;
; H5       ; 536        ; 9A       ; ^nSTATUS                        ;        ;              ;                     ; --           ;                 ; --       ; --           ;
; H6       ; 483        ; 8A       ; resultMatrix[0][1][8]           ; output ; 2.5 V        ;                     ; Column I/O   ; N               ; no       ; Off          ;
; H7       ;            ;          ; GND                             ; gnd    ;              ;                     ; --           ;                 ; --       ; --           ;
; H8       ; 458        ; 8A       ; resultMatrix[0][1][10]          ; output ; 2.5 V        ;                     ; Column I/O   ; N               ; no       ; Off          ;
; H9       ; 463        ; 8A       ; resultMatrix[2][0][8]           ; output ; 2.5 V        ;                     ; Column I/O   ; N               ; no       ; Off          ;
; H10      ; 436        ; 7A       ; resultMatrix[2][0][5]           ; output ; 2.5 V        ;                     ; Column I/O   ; N               ; no       ; Off          ;
; H11      ; 445        ; 7A       ; resultMatrix[0][1][7]           ; output ; 2.5 V        ;                     ; Column I/O   ; N               ; no       ; Off          ;
; H12      ;            ;          ; GND                             ; gnd    ;              ;                     ; --           ;                 ; --       ; --           ;
; H13      ; 437        ; 7A       ; resultMatrix[2][1][9]           ; output ; 2.5 V        ;                     ; Column I/O   ; N               ; no       ; Off          ;
; H14      ; 429        ; 7A       ; matrixB[0][1][1]                ; input  ; 2.5 V        ;                     ; Column I/O   ; N               ; no       ; Off          ;
; H15      ; 423        ; 7A       ; matrixA[2][2][2]                ; input  ; 2.5 V        ;                     ; Column I/O   ; N               ; no       ; Off          ;
; H16      ; 421        ; 7A       ; resultMatrix[0][2][4]           ; output ; 2.5 V        ;                     ; Column I/O   ; N               ; no       ; Off          ;
; H17      ;            ; 7A       ; VCCIO7A                         ; power  ;              ; 2.5V                ; --           ;                 ; --       ; --           ;
; H18      ; 415        ; 7A       ; matrixA[2][1][2]                ; input  ; 2.5 V        ;                     ; Column I/O   ; N               ; no       ; Off          ;
; H19      ;            ; --       ; VCCA_FPLL                       ; power  ;              ; 2.5V                ; --           ;                 ; --       ; --           ;
; H20      ; 391        ; 7A       ; RESERVED_INPUT_WITH_WEAK_PULLUP ;        ;              ;                     ; Column I/O   ;                 ; no       ; On           ;
; H21      ; 373        ; 7A       ; RESERVED_INPUT_WITH_WEAK_PULLUP ;        ;              ;                     ; Column I/O   ;                 ; no       ; On           ;
; H22      ;            ;          ; GND                             ; gnd    ;              ;                     ; --           ;                 ; --       ; --           ;
; J1       ; 24         ; B1L      ; GXB_NC                          ;        ;              ;                     ; --           ;                 ; --       ; --           ;
; J2       ; 25         ; B1L      ; GXB_NC                          ;        ;              ;                     ; --           ;                 ; --       ; --           ;
; J3       ;            ;          ; GND                             ; gnd    ;              ;                     ; --           ;                 ; --       ; --           ;
; J4       ;            ; --       ; VCCE_GXBL                       ; power  ;              ; 1.1V                ; --           ;                 ; --       ; --           ;
; J5       ;            ;          ; GND                             ; gnd    ;              ;                     ; --           ;                 ; --       ; --           ;
; J6       ; 535        ; 9A       ; ^MSEL1                          ;        ;              ;                     ; --           ;                 ; --       ; --           ;
; J7       ; 457        ; 8A       ; resultMatrix[0][1][5]           ; output ; 2.5 V        ;                     ; Column I/O   ; N               ; no       ; Off          ;
; J8       ; 459        ; 8A       ; resultMatrix[1][0][8]           ; output ; 2.5 V        ;                     ; Column I/O   ; N               ; no       ; Off          ;
; J9       ; 461        ; 8A       ; matrixA[0][2][3]                ; input  ; 2.5 V        ;                     ; Column I/O   ; N               ; no       ; Off          ;
; J10      ;            ; --       ; VCC                             ; power  ;              ; 1.1V                ; --           ;                 ; --       ; --           ;
; J11      ; 434        ; 7A       ; resultMatrix[2][1][8]           ; output ; 2.5 V        ;                     ; Column I/O   ; N               ; no       ; Off          ;
; J12      ;            ; --       ; VCC                             ; power  ;              ; 1.1V                ; --           ;                 ; --       ; --           ;
; J13      ; 431        ; 7A       ; matrixB[1][0][3]                ; input  ; 2.5 V        ;                     ; Column I/O   ; N               ; no       ; Off          ;
; J14      ;            ; --       ; VCC                             ; power  ;              ; 1.1V                ; --           ;                 ; --       ; --           ;
; J15      ;            ;          ; GND                             ; gnd    ;              ;                     ; --           ;                 ; --       ; --           ;
; J16      ;            ; --       ; VCC                             ; power  ;              ; 1.1V                ; --           ;                 ; --       ; --           ;
; J17      ; 422        ; 7A       ; resultMatrix[2][0][1]           ; output ; 2.5 V        ;                     ; Column I/O   ; N               ; no       ; Off          ;
; J18      ; 416        ; 7A       ; resultMatrix[1][0][10]          ; output ; 2.5 V        ;                     ; Column I/O   ; N               ; no       ; Off          ;
; J19      ; 414        ; 7A       ; matrixB[2][1][3]                ; input  ; 2.5 V        ;                     ; Column I/O   ; N               ; no       ; Off          ;
; J20      ;            ;          ; GND                             ; gnd    ;              ;                     ; --           ;                 ; --       ; --           ;
; J21      ; 381        ; 7A       ; RESERVED_INPUT_WITH_WEAK_PULLUP ;        ;              ;                     ; Column I/O   ;                 ; no       ; On           ;
; J22      ; 383        ; 7A       ; RESERVED_INPUT_WITH_WEAK_PULLUP ;        ;              ;                     ; Column I/O   ;                 ; no       ; On           ;
; K1       ;            ;          ; GND                             ; gnd    ;              ;                     ; --           ;                 ; --       ; --           ;
; K2       ;            ;          ; GND                             ; gnd    ;              ;                     ; --           ;                 ; --       ; --           ;
; K3       ;            ; --       ; VCCL_GXBL                       ; power  ;              ; 1.1V                ; --           ;                 ; --       ; --           ;
; K4       ;            ;          ; GND                             ; gnd    ;              ;                     ; --           ;                 ; --       ; --           ;
; K5       ;            ; --       ; VCCE_GXBL                       ; power  ;              ; 1.1V                ; --           ;                 ; --       ; --           ;
; K6       ; 534        ; 9A       ; ^CONF_DONE                      ;        ;              ;                     ; --           ;                 ; --       ; --           ;
; K7       ; 456        ; 8A       ; resultMatrix[0][1][6]           ; output ; 2.5 V        ;                     ; Column I/O   ; N               ; no       ; Off          ;
; K8       ;            ;          ; GND                             ; gnd    ;              ;                     ; --           ;                 ; --       ; --           ;
; K9       ; 448        ; 7A       ; resultMatrix[1][1][3]           ; output ; 2.5 V        ;                     ; Column I/O   ; N               ; no       ; Off          ;
; K10      ;            ;          ; GND                             ; gnd    ;              ;                     ; --           ;                 ; --       ; --           ;
; K11      ;            ; --       ; VCC                             ; power  ;              ; 1.1V                ; --           ;                 ; --       ; --           ;
; K12      ;            ;          ; GND                             ; gnd    ;              ;                     ; --           ;                 ; --       ; --           ;
; K13      ;            ; --       ; VCC                             ; power  ;              ; 1.1V                ; --           ;                 ; --       ; --           ;
; K14      ;            ;          ; GND                             ; gnd    ;              ;                     ; --           ;                 ; --       ; --           ;
; K15      ;            ; --       ; VCC                             ; power  ;              ; 1.1V                ; --           ;                 ; --       ; --           ;
; K16      ; 424        ; 7A       ; resultMatrix[2][1][3]           ; output ; 2.5 V        ;                     ; Column I/O   ; N               ; no       ; Off          ;
; K17      ; 284        ; 5B       ; matrixA[0][0][3]                ; input  ; 2.5 V        ;                     ; Row I/O      ; N               ; no       ; Off          ;
; K18      ;            ; 5B       ; VCCIO5B                         ; power  ;              ; 2.5V                ; --           ;                 ; --       ; --           ;
; K19      ; 407        ; 7A       ; matrixB[1][1][5]                ; input  ; 2.5 V        ;                     ; Column I/O   ; N               ; no       ; Off          ;
; K20      ; 405        ; 7A       ; matrixA[1][1][3]                ; input  ; 2.5 V        ;                     ; Column I/O   ; N               ; no       ; Off          ;
; K21      ; 289        ; 5B       ; matrixB[2][1][1]                ; input  ; 2.5 V        ;                     ; Row I/O      ; N               ; no       ; Off          ;
; K22      ; 291        ; 5B       ; matrixA[0][1][3]                ; input  ; 2.5 V        ;                     ; Row I/O      ; N               ; no       ; Off          ;
; L1       ; 27         ; B1L      ; GND                             ;        ;              ;                     ; --           ;                 ; --       ; --           ;
; L2       ; 26         ; B1L      ; GND                             ;        ;              ;                     ; --           ;                 ; --       ; --           ;
; L3       ;            ;          ; GND                             ; gnd    ;              ;                     ; --           ;                 ; --       ; --           ;
; L4       ;            ; --       ; VCCE_GXBL                       ; power  ;              ; 1.1V                ; --           ;                 ; --       ; --           ;
; L5       ;            ;          ; GND                             ; gnd    ;              ;                     ; --           ;                 ; --       ; --           ;
; L6       ; 533        ; 9A       ; ^MSEL0                          ;        ;              ;                     ; --           ;                 ; --       ; --           ;
; L7       ; 454        ; 8A       ; resultMatrix[2][1][0]           ; output ; 2.5 V        ;                     ; Column I/O   ; N               ; no       ; Off          ;
; L8       ; 446        ; 7A       ; matrixB[0][0][0]                ; input  ; 2.5 V        ;                     ; Column I/O   ; N               ; no       ; Off          ;
; L9       ;            ;          ; DNU                             ;        ;              ;                     ; --           ;                 ; --       ; --           ;
; L10      ;            ; --       ; VCC                             ; power  ;              ; 1.1V                ; --           ;                 ; --       ; --           ;
; L11      ;            ;          ; GND                             ; gnd    ;              ;                     ; --           ;                 ; --       ; --           ;
; L12      ;            ; --       ; VCC                             ; power  ;              ; 1.1V                ; --           ;                 ; --       ; --           ;
; L13      ;            ;          ; GND                             ; gnd    ;              ;                     ; --           ;                 ; --       ; --           ;
; L14      ;            ; --       ; VCC                             ; power  ;              ; 1.1V                ; --           ;                 ; --       ; --           ;
; L15      ;            ;          ; GND                             ; gnd    ;              ;                     ; --           ;                 ; --       ; --           ;
; L16      ;            ; --       ; VCC                             ; power  ;              ; 1.1V                ; --           ;                 ; --       ; --           ;
; L17      ; 286        ; 5B       ; resultMatrix[2][0][7]           ; output ; 2.5 V        ;                     ; Row I/O      ; N               ; no       ; Off          ;
; L18      ; 290        ; 5B       ; resultMatrix[1][0][3]           ; output ; 2.5 V        ;                     ; Row I/O      ; N               ; no       ; Off          ;
; L19      ; 288        ; 5B       ; matrixB[1][0][0]                ; input  ; 2.5 V        ;                     ; Row I/O      ; N               ; no       ; Off          ;
; L20      ;            ; 5B       ; VREFB5BN0                       ; power  ;              ;                     ; --           ;                 ; --       ; --           ;
; L21      ;            ;          ; GND                             ; gnd    ;              ;                     ; --           ;                 ; --       ; --           ;
; L22      ; 283        ; 5B       ; matrixA[1][2][0]                ; input  ; 2.5 V        ;                     ; Row I/O      ; N               ; no       ; Off          ;
; M1       ;            ;          ; GND                             ; gnd    ;              ;                     ; --           ;                 ; --       ; --           ;
; M2       ;            ;          ; GND                             ; gnd    ;              ;                     ; --           ;                 ; --       ; --           ;
; M3       ;            ; --       ; VCCH_GXBL                       ; power  ;              ; 2.5V                ; --           ;                 ; --       ; --           ;
; M4       ;            ;          ; GND                             ; gnd    ;              ;                     ; --           ;                 ; --       ; --           ;
; M5       ; 42         ; 3A       ; #TDO                            ; output ;              ;                     ; --           ;                 ; --       ; --           ;
; M6       ; 64         ; 3A       ; resultMatrix[0][0][9]           ; output ; 2.5 V        ;                     ; Column I/O   ; N               ; no       ; Off          ;
; M7       ; 66         ; 3A       ; resultMatrix[0][0][11]          ; output ; 2.5 V        ;                     ; Column I/O   ; N               ; no       ; Off          ;
; M8       ; 112        ; 3B       ; resultMatrix[0][2][3]           ; output ; 2.5 V        ;                     ; Column I/O   ; N               ; no       ; Off          ;
; M9       ; 114        ; 3B       ; resultMatrix[0][2][11]          ; output ; 2.5 V        ;                     ; Column I/O   ; N               ; no       ; Off          ;
; M10      ;            ;          ; GND                             ; gnd    ;              ;                     ; --           ;                 ; --       ; --           ;
; M11      ;            ; --       ; VCC                             ; power  ;              ; 1.1V                ; --           ;                 ; --       ; --           ;
; M12      ;            ;          ; GND                             ; gnd    ;              ;                     ; --           ;                 ; --       ; --           ;
; M13      ;            ; --       ; VCC                             ; power  ;              ; 1.1V                ; --           ;                 ; --       ; --           ;
; M14      ;            ;          ; GND                             ; gnd    ;              ;                     ; --           ;                 ; --       ; --           ;
; M15      ;            ; --       ; VCC                             ; power  ;              ; 1.1V                ; --           ;                 ; --       ; --           ;
; M16      ; 278        ; 5B       ; clk                             ; input  ; 2.5 V        ;                     ; Row I/O      ; N               ; no       ; Off          ;
; M17      ;            ; 5B       ; VCCPD5B                         ; power  ;              ; 2.5V                ; --           ;                 ; --       ; --           ;
; M18      ; 282        ; 5B       ; resultMatrix[0][1][1]           ; output ; 2.5 V        ;                     ; Row I/O      ; N               ; no       ; Off          ;
; M19      ;            ; 5B       ; VCCIO5B                         ; power  ;              ; 2.5V                ; --           ;                 ; --       ; --           ;
; M20      ; 285        ; 5B       ; resultMatrix[2][0][2]           ; output ; 2.5 V        ;                     ; Row I/O      ; N               ; no       ; Off          ;
; M21      ; 287        ; 5B       ; resultMatrix[2][0][11]          ; output ; 2.5 V        ;                     ; Row I/O      ; N               ; no       ; Off          ;
; M22      ; 281        ; 5B       ; matrixA[1][1][0]                ; input  ; 2.5 V        ;                     ; Row I/O      ; N               ; no       ; Off          ;
; N1       ; 28         ; B0L      ; GXB_NC                          ;        ;              ;                     ; --           ;                 ; --       ; --           ;
; N2       ; 29         ; B0L      ; GXB_NC                          ;        ;              ;                     ; --           ;                 ; --       ; --           ;
; N3       ;            ;          ; GND                             ; gnd    ;              ;                     ; --           ;                 ; --       ; --           ;
; N4       ;            ; --       ; VCCE_GXBL                       ; power  ;              ; 1.1V                ; --           ;                 ; --       ; --           ;
; N5       ;            ;          ; GND                             ; gnd    ;              ;                     ; --           ;                 ; --       ; --           ;
; N6       ; 58         ; 3A       ; matrixA[0][1][1]                ; input  ; 2.5 V        ;                     ; Column I/O   ; N               ; no       ; Off          ;
; N7       ;            ;          ; GND                             ; gnd    ;              ;                     ; --           ;                 ; --       ; --           ;
; N8       ; 106        ; 3B       ; matrixA[0][0][2]                ; input  ; 2.5 V        ;                     ; Column I/O   ; N               ; no       ; Off          ;
; N9       ; 130        ; 3B       ; matrixA[2][0][4]                ; input  ; 2.5 V        ;                     ; Column I/O   ; N               ; no       ; Off          ;
; N10      ;            ; --       ; VCC                             ; power  ;              ; 1.1V                ; --           ;                 ; --       ; --           ;
; N11      ;            ;          ; GND                             ; gnd    ;              ;                     ; --           ;                 ; --       ; --           ;
; N12      ;            ; --       ; VCC                             ; power  ;              ; 1.1V                ; --           ;                 ; --       ; --           ;
; N13      ;            ;          ; GND                             ; gnd    ;              ;                     ; --           ;                 ; --       ; --           ;
; N14      ;            ; --       ; VCC                             ; power  ;              ; 1.1V                ; --           ;                 ; --       ; --           ;
; N15      ;            ;          ; GND                             ; gnd    ;              ;                     ; --           ;                 ; --       ; --           ;
; N16      ; 276        ; 5B       ; resultMatrix[1][0][2]           ; output ; 2.5 V        ;                     ; Row I/O      ; N               ; no       ; Off          ;
; N17      ;            ;          ; GND                             ; gnd    ;              ;                     ; --           ;                 ; --       ; --           ;
; N18      ;            ; 5B       ; VCCPD5B                         ; power  ;              ; 2.5V                ; --           ;                 ; --       ; --           ;
; N19      ; 280        ; 5B       ; resultMatrix[1][0][5]           ; output ; 2.5 V        ;                     ; Row I/O      ; N               ; no       ; Off          ;
; N20      ; 277        ; 5B       ; resultMatrix[2][0][10]          ; output ; 2.5 V        ;                     ; Row I/O      ; N               ; no       ; Off          ;
; N21      ; 279        ; 5B       ; resultMatrix[2][0][6]           ; output ; 2.5 V        ;                     ; Row I/O      ; N               ; no       ; Off          ;
; N22      ;            ;          ; GND                             ; gnd    ;              ;                     ; --           ;                 ; --       ; --           ;
; P1       ;            ;          ; GND                             ; gnd    ;              ;                     ; --           ;                 ; --       ; --           ;
; P2       ;            ;          ; GND                             ; gnd    ;              ;                     ; --           ;                 ; --       ; --           ;
; P3       ;            ; --       ; VCCL_GXBL                       ; power  ;              ; 1.1V                ; --           ;                 ; --       ; --           ;
; P4       ;            ;          ; GND                             ; gnd    ;              ;                     ; --           ;                 ; --       ; --           ;
; P5       ; 44         ; 3A       ; #TMS                            ; input  ;              ;                     ; --           ;                 ; --       ; --           ;
; P6       ; 56         ; 3A       ; resultMatrix[0][0][10]          ; output ; 2.5 V        ;                     ; Column I/O   ; N               ; no       ; Off          ;
; P7       ; 67         ; 3A       ; resultMatrix[0][0][2]           ; output ; 2.5 V        ;                     ; Column I/O   ; N               ; no       ; Off          ;
; P8       ; 104        ; 3B       ; matrixB[1][0][5]                ; input  ; 2.5 V        ;                     ; Column I/O   ; N               ; no       ; Off          ;
; P9       ; 128        ; 3B       ; matrixA[2][1][4]                ; input  ; 2.5 V        ;                     ; Column I/O   ; N               ; no       ; Off          ;
; P10      ;            ;          ; GND                             ; gnd    ;              ;                     ; --           ;                 ; --       ; --           ;
; P11      ;            ; --       ; VCC                             ; power  ;              ; 1.1V                ; --           ;                 ; --       ; --           ;
; P12      ; 123        ; 3B       ; matrixB[0][0][2]                ; input  ; 2.5 V        ;                     ; Column I/O   ; N               ; no       ; Off          ;
; P13      ;            ; --       ; VCC                             ; power  ;              ; 1.1V                ; --           ;                 ; --       ; --           ;
; P14      ; 168        ; 4A       ; matrixA[2][0][1]                ; input  ; 2.5 V        ;                     ; Column I/O   ; N               ; no       ; Off          ;
; P15      ;            ; --       ; VCC                             ; power  ;              ; 1.1V                ; --           ;                 ; --       ; --           ;
; P16      ; 225        ; 5A       ; matrixA[1][2][5]                ; input  ; 2.5 V        ;                     ; Row I/O      ; N               ; no       ; Off          ;
; P17      ; 227        ; 5A       ; resultMatrix[1][0][4]           ; output ; 2.5 V        ;                     ; Row I/O      ; N               ; no       ; Off          ;
; P18      ; 226        ; 5A       ; matrixA[1][1][4]                ; input  ; 2.5 V        ;                     ; Row I/O      ; N               ; no       ; Off          ;
; P19      ; 224        ; 5A       ; matrixA[1][0][1]                ; input  ; 2.5 V        ;                     ; Row I/O      ; N               ; no       ; Off          ;
; P20      ;            ; 5A       ; VCCIO5A                         ; power  ;              ; 2.5V                ; --           ;                 ; --       ; --           ;
; P21      ;            ; 5A       ; VCCPD5A                         ; power  ;              ; 2.5V                ; --           ;                 ; --       ; --           ;
; P22      ; 222        ; 5A       ; matrixA[1][2][3]                ; input  ; 2.5 V        ;                     ; Row I/O      ; N               ; no       ; Off          ;
; R1       ; 31         ; B0L      ; GND                             ;        ;              ;                     ; --           ;                 ; --       ; --           ;
; R2       ; 30         ; B0L      ; GND                             ;        ;              ;                     ; --           ;                 ; --       ; --           ;
; R3       ;            ;          ; GND                             ; gnd    ;              ;                     ; --           ;                 ; --       ; --           ;
; R4       ; 43         ; 3A       ; ^nCSO, DATA4                    ;        ;              ;                     ; Weak Pull Up ;                 ; --       ; On           ;
; R5       ; 54         ; 3A       ; resultMatrix[0][0][6]           ; output ; 2.5 V        ;                     ; Column I/O   ; N               ; no       ; Off          ;
; R6       ; 52         ; 3A       ; resultMatrix[1][1][1]           ; output ; 2.5 V        ;                     ; Column I/O   ; N               ; no       ; Off          ;
; R7       ; 65         ; 3A       ; resultMatrix[0][0][4]           ; output ; 2.5 V        ;                     ; Column I/O   ; N               ; no       ; Off          ;
; R8       ;            ; 3B       ; VCCIO3B                         ; power  ;              ; 2.5V                ; --           ;                 ; --       ; --           ;
; R9       ; 119        ; 3B       ; resultMatrix[2][2][9]           ; output ; 2.5 V        ;                     ; Column I/O   ; N               ; no       ; Off          ;
; R10      ; 125        ; 3B       ; resultMatrix[1][2][1]           ; output ; 2.5 V        ;                     ; Column I/O   ; N               ; no       ; Off          ;
; R11      ; 127        ; 3B       ; matrixA[2][2][4]                ; input  ; 2.5 V        ;                     ; Column I/O   ; N               ; no       ; Off          ;
; R12      ; 121        ; 3B       ; resultMatrix[1][2][5]           ; output ; 2.5 V        ;                     ; Column I/O   ; N               ; no       ; Off          ;
; R13      ;            ;          ; GND                             ; gnd    ;              ;                     ; --           ;                 ; --       ; --           ;
; R14      ; 170        ; 4A       ; resultMatrix[2][2][7]           ; output ; 2.5 V        ;                     ; Column I/O   ; N               ; no       ; Off          ;
; R15      ; 219        ; 5A       ; matrixA[2][1][1]                ; input  ; 2.5 V        ;                     ; Row I/O      ; N               ; no       ; Off          ;
; R16      ; 221        ; 5A       ; matrixB[2][2][4]                ; input  ; 2.5 V        ;                     ; Row I/O      ; N               ; no       ; Off          ;
; R17      ; 223        ; 5A       ; resultMatrix[1][0][1]           ; output ; 2.5 V        ;                     ; Row I/O      ; N               ; no       ; Off          ;
; R18      ;            ; 5A       ; VCCIO5A                         ; power  ;              ; 2.5V                ; --           ;                 ; --       ; --           ;
; R19      ;            ; --       ; VCCPGM                          ; power  ;              ; 1.8V/2.5V/3.0V/3.3V ; --           ;                 ; --       ; --           ;
; R20      ;            ; 5A       ; VREFB5AN0                       ; power  ;              ;                     ; --           ;                 ; --       ; --           ;
; R21      ; 220        ; 5A       ; resultMatrix[1][0][9]           ; output ; 2.5 V        ;                     ; Row I/O      ; N               ; no       ; Off          ;
; R22      ; 218        ; 5A       ; resultMatrix[1][1][7]           ; output ; 2.5 V        ;                     ; Row I/O      ; N               ; no       ; Off          ;
; T1       ;            ;          ; GND                             ; gnd    ;              ;                     ; --           ;                 ; --       ; --           ;
; T2       ;            ;          ; GND                             ; gnd    ;              ;                     ; --           ;                 ; --       ; --           ;
; T3       ;            ; --       ; VCCH_GXBL                       ; power  ;              ; 2.5V                ; --           ;                 ; --       ; --           ;
; T4       ; 45         ; 3A       ; ^AS_DATA3, DATA3                ;        ;              ;                     ; Weak Pull Up ;                 ; --       ; On           ;
; T5       ;            ; --       ; VCCA_FPLL                       ; power  ;              ; 2.5V                ; --           ;                 ; --       ; --           ;
; T6       ;            ; 3A       ; VCCIO3A                         ; power  ;              ; 2.5V                ; --           ;                 ; --       ; --           ;
; T7       ; 60         ; 3A       ; matrixB[2][0][5]                ; input  ; 2.5 V        ;                     ; Column I/O   ; N               ; no       ; Off          ;
; T8       ; 62         ; 3A       ; matrixA[0][2][4]                ; input  ; 2.5 V        ;                     ; Column I/O   ; N               ; no       ; Off          ;
; T9       ; 109        ; 3B       ; resultMatrix[0][0][8]           ; output ; 2.5 V        ;                     ; Column I/O   ; N               ; no       ; Off          ;
; T10      ; 117        ; 3B       ; resultMatrix[1][2][3]           ; output ; 2.5 V        ;                     ; Column I/O   ; N               ; no       ; Off          ;
; T11      ;            ; 3B       ; VCCIO3B                         ; power  ;              ; 2.5V                ; --           ;                 ; --       ; --           ;
; T12      ; 136        ; 4A       ; resultMatrix[1][2][4]           ; output ; 2.5 V        ;                     ; Column I/O   ; N               ; no       ; Off          ;
; T13      ; 138        ; 4A       ; resultMatrix[1][2][6]           ; output ; 2.5 V        ;                     ; Column I/O   ; N               ; no       ; Off          ;
; T14      ; 152        ; 4A       ; matrixB[0][1][2]                ; input  ; 2.5 V        ;                     ; Column I/O   ; N               ; no       ; Off          ;
; T15      ; 217        ; 5A       ; matrixB[1][2][4]                ; input  ; 2.5 V        ;                     ; Row I/O      ; N               ; no       ; Off          ;
; T16      ;            ;          ; GND                             ; gnd    ;              ;                     ; --           ;                 ; --       ; --           ;
; T17      ; 215        ; 5A       ; matrixB[1][2][1]                ; input  ; 2.5 V        ;                     ; Row I/O      ; N               ; no       ; Off          ;
; T18      ; 213        ; 5A       ; matrixB[1][2][2]                ; input  ; 2.5 V        ;                     ; Row I/O      ; N               ; no       ; Off          ;
; T19      ; 212        ; 5A       ; resultMatrix[2][1][5]           ; output ; 2.5 V        ;                     ; Row I/O      ; N               ; no       ; Off          ;
; T20      ; 214        ; 5A       ; matrixB[0][2][1]                ; input  ; 2.5 V        ;                     ; Row I/O      ; N               ; no       ; Off          ;
; T21      ;            ;          ; GND                             ; gnd    ;              ;                     ; --           ;                 ; --       ; --           ;
; T22      ; 216        ; 5A       ; resultMatrix[1][1][0]           ; output ; 2.5 V        ;                     ; Row I/O      ; N               ; no       ; Off          ;
; U1       ; 32         ; B0L      ; GXB_NC                          ;        ;              ;                     ; --           ;                 ; --       ; --           ;
; U2       ; 33         ; B0L      ; GXB_NC                          ;        ;              ;                     ; --           ;                 ; --       ; --           ;
; U3       ;            ;          ; GND                             ; gnd    ;              ;                     ; --           ;                 ; --       ; --           ;
; U4       ; 41         ; B0L      ; GND                             ;        ;              ;                     ; Row I/O      ;                 ; --       ; --           ;
; U5       ;            ;          ; GND                             ; gnd    ;              ;                     ; --           ;                 ; --       ; --           ;
; U6       ; 61         ; 3A       ; matrixA[0][0][5]                ; input  ; 2.5 V        ;                     ; Column I/O   ; N               ; no       ; Off          ;
; U7       ; 53         ; 3A       ; resultMatrix[0][0][5]           ; output ; 2.5 V        ;                     ; Column I/O   ; N               ; no       ; Off          ;
; U8       ; 55         ; 3A       ; resultMatrix[0][2][2]           ; output ; 2.5 V        ;                     ; Column I/O   ; N               ; no       ; Off          ;
; U9       ;            ;          ; GND                             ; gnd    ;              ;                     ; --           ;                 ; --       ; --           ;
; U10      ; 111        ; 3B       ; matrixB[0][0][4]                ; input  ; 2.5 V        ;                     ; Column I/O   ; N               ; no       ; Off          ;
; U11      ; 120        ; 3B       ; resultMatrix[1][2][9]           ; output ; 2.5 V        ;                     ; Column I/O   ; N               ; no       ; Off          ;
; U12      ; 122        ; 3B       ; resultMatrix[1][2][2]           ; output ; 2.5 V        ;                     ; Column I/O   ; N               ; no       ; Off          ;
; U13      ; 135        ; 4A       ; resultMatrix[1][2][10]          ; output ; 2.5 V        ;                     ; Column I/O   ; N               ; no       ; Off          ;
; U14      ;            ; 4A       ; VCCIO4A                         ; power  ;              ; 2.5V                ; --           ;                 ; --       ; --           ;
; U15      ; 154        ; 4A       ; matrixB[0][2][5]                ; input  ; 2.5 V        ;                     ; Column I/O   ; N               ; no       ; Off          ;
; U16      ; 176        ; 4A       ; matrixB[1][2][5]                ; input  ; 2.5 V        ;                     ; Column I/O   ; N               ; no       ; Off          ;
; U17      ; 178        ; 4A       ; matrixB[2][1][2]                ; input  ; 2.5 V        ;                     ; Column I/O   ; N               ; no       ; Off          ;
; U18      ;            ; --       ; VCCA_FPLL                       ; power  ;              ; 2.5V                ; --           ;                 ; --       ; --           ;
; U19      ;            ; 4A       ; VCCIO4A                         ; power  ;              ; 2.5V                ; --           ;                 ; --       ; --           ;
; U20      ; 179        ; 4A       ; matrixA[2][2][3]                ; input  ; 2.5 V        ;                     ; Column I/O   ; N               ; no       ; Off          ;
; U21      ; 177        ; 4A       ; matrixB[1][2][3]                ; input  ; 2.5 V        ;                     ; Column I/O   ; N               ; no       ; Off          ;
; U22      ; 172        ; 4A       ; matrixA[2][0][0]                ; input  ; 2.5 V        ;                     ; Column I/O   ; N               ; no       ; Off          ;
; V1       ;            ;          ; GND                             ; gnd    ;              ;                     ; --           ;                 ; --       ; --           ;
; V2       ;            ;          ; GND                             ; gnd    ;              ;                     ; --           ;                 ; --       ; --           ;
; V3       ; 50         ; 3A       ; ^DCLK                           ;        ;              ;                     ; Weak Pull Up ;                 ; --       ; On           ;
; V4       ; 40         ; B0L      ; GND                             ;        ;              ;                     ; Row I/O      ;                 ; --       ; --           ;
; V5       ; 46         ; 3A       ; #TCK                            ; input  ;              ;                     ; --           ;                 ; --       ; --           ;
; V6       ; 63         ; 3A       ; matrixB[1][0][4]                ; input  ; 2.5 V        ;                     ; Column I/O   ; N               ; no       ; Off          ;
; V7       ;            ;          ; GND                             ; gnd    ;              ;                     ; --           ;                 ; --       ; --           ;
; V8       ;            ; --       ; VCCPGM                          ; power  ;              ; 1.8V/2.5V/3.0V/3.3V ; --           ;                 ; --       ; --           ;
; V9       ; 101        ; 3B       ; resultMatrix[0][0][3]           ; output ; 2.5 V        ;                     ; Column I/O   ; N               ; no       ; Off          ;
; V10      ; 103        ; 3B       ; resultMatrix[0][0][0]           ; output ; 2.5 V        ;                     ; Column I/O   ; N               ; no       ; Off          ;
; V11      ;            ;          ; DNU                             ;        ;              ;                     ; --           ;                 ; --       ; --           ;
; V12      ;            ;          ; GND                             ; gnd    ;              ;                     ; --           ;                 ; --       ; --           ;
; V13      ; 133        ; 4A       ; resultMatrix[2][2][4]           ; output ; 2.5 V        ;                     ; Column I/O   ; N               ; no       ; Off          ;
; V14      ; 144        ; 4A       ; resultMatrix[2][2][5]           ; output ; 2.5 V        ;                     ; Column I/O   ; N               ; no       ; Off          ;
; V15      ; 146        ; 4A       ; matrixB[0][0][5]                ; input  ; 2.5 V        ;                     ; Column I/O   ; N               ; no       ; Off          ;
; V16      ; 160        ; 4A       ; resultMatrix[2][2][8]           ; output ; 2.5 V        ;                     ; Column I/O   ; N               ; no       ; Off          ;
; V17      ;            ;          ; GND                             ; gnd    ;              ;                     ; --           ;                 ; --       ; --           ;
; V18      ; 175        ; 4A       ; resultMatrix[2][2][0]           ; output ; 2.5 V        ;                     ; Column I/O   ; N               ; no       ; Off          ;
; V19      ; 173        ; 4A       ; resultMatrix[2][1][2]           ; output ; 2.5 V        ;                     ; Column I/O   ; N               ; no       ; Off          ;
; V20      ; 157        ; 4A       ; matrixB[1][0][2]                ; input  ; 2.5 V        ;                     ; Column I/O   ; N               ; no       ; Off          ;
; V21      ; 174        ; 4A       ; resultMatrix[1][2][7]           ; output ; 2.5 V        ;                     ; Column I/O   ; N               ; no       ; Off          ;
; V22      ;            ;          ; GND                             ; gnd    ;              ;                     ; --           ;                 ; --       ; --           ;
; W1       ; 35         ; B0L      ; GND                             ;        ;              ;                     ; --           ;                 ; --       ; --           ;
; W2       ; 34         ; B0L      ; GND                             ;        ;              ;                     ; --           ;                 ; --       ; --           ;
; W3       ;            ;          ; GND                             ; gnd    ;              ;                     ; --           ;                 ; --       ; --           ;
; W4       ;            ;          ; GND                             ; gnd    ;              ;                     ; --           ;                 ; --       ; --           ;
; W5       ; 48         ; 3A       ; #TDI                            ; input  ;              ;                     ; --           ;                 ; --       ; --           ;
; W6       ;            ; 3A       ; VCCPD3A                         ; power  ;              ; 2.5V                ; --           ;                 ; --       ; --           ;
; W7       ;            ; --       ; VCC_AUX                         ; power  ;              ; 2.5V                ; --           ;                 ; --       ; --           ;
; W8       ; 57         ; 3A       ; matrixA[0][2][2]                ; input  ; 2.5 V        ;                     ; Column I/O   ; N               ; no       ; Off          ;
; W9       ; 59         ; 3A       ; matrixA[0][2][1]                ; input  ; 2.5 V        ;                     ; Column I/O   ; N               ; no       ; Off          ;
; W10      ;            ; 3B       ; VCCIO3B                         ; power  ;              ; 2.5V                ; --           ;                 ; --       ; --           ;
; W11      ;            ; 3B, 4A   ; VCCPD3B4A                       ; power  ;              ; 2.5V                ; --           ;                 ; --       ; --           ;
; W12      ;            ; 3B, 4A   ; VCCPD3B4A                       ; power  ;              ; 2.5V                ; --           ;                 ; --       ; --           ;
; W13      ;            ; --       ; VCC_AUX                         ; power  ;              ; 2.5V                ; --           ;                 ; --       ; --           ;
; W14      ;            ; 3B, 4A   ; VCCPD3B4A                       ; power  ;              ; 2.5V                ; --           ;                 ; --       ; --           ;
; W15      ;            ; 4A       ; VCCIO4A                         ; power  ;              ; 2.5V                ; --           ;                 ; --       ; --           ;
; W16      ; 162        ; 4A       ; matrixB[1][1][0]                ; input  ; 2.5 V        ;                     ; Column I/O   ; N               ; no       ; Off          ;
; W17      ;            ; 3B, 4A   ; VCCPD3B4A                       ; power  ;              ; 2.5V                ; --           ;                 ; --       ; --           ;
; W18      ;            ; --       ; VCC_AUX                         ; power  ;              ; 2.5V                ; --           ;                 ; --       ; --           ;
; W19      ; 159        ; 4A       ; resultMatrix[2][2][10]          ; output ; 2.5 V        ;                     ; Column I/O   ; N               ; no       ; Off          ;
; W20      ;            ; 4A       ; VCCIO4A                         ; power  ;              ; 2.5V                ; --           ;                 ; --       ; --           ;
; W21      ; 171        ; 4A       ; resultMatrix[2][2][6]           ; output ; 2.5 V        ;                     ; Column I/O   ; N               ; no       ; Off          ;
; W22      ; 166        ; 4A       ; resultMatrix[0][2][10]          ; output ; 2.5 V        ;                     ; Column I/O   ; N               ; no       ; Off          ;
; Y1       ;            ;          ; GND                             ; gnd    ;              ;                     ; --           ;                 ; --       ; --           ;
; Y2       ;            ;          ; GND                             ; gnd    ;              ;                     ; --           ;                 ; --       ; --           ;
; Y3       ; 36         ; B0L      ; GXB_NC                          ;        ;              ;                     ; --           ;                 ; --       ; --           ;
; Y4       ; 37         ; B0L      ; GXB_NC                          ;        ;              ;                     ; --           ;                 ; --       ; --           ;
; Y5       ;            ;          ; GND                             ; gnd    ;              ;                     ; --           ;                 ; --       ; --           ;
; Y6       ;            ;          ; DNU                             ;        ;              ;                     ; --           ;                 ; --       ; --           ;
; Y7       ;            ; 3A       ; VREFB3AN0                       ; power  ;              ;                     ; --           ;                 ; --       ; --           ;
; Y8       ;            ; 3A       ; VCCIO3A                         ; power  ;              ; 2.5V                ; --           ;                 ; --       ; --           ;
; Y9       ; 118        ; 3B       ; matrixB[2][1][4]                ; input  ; 2.5 V        ;                     ; Column I/O   ; N               ; no       ; Off          ;
; Y10      ; 116        ; 3B       ; rst_n                           ; input  ; 2.5 V        ;                     ; Column I/O   ; N               ; no       ; Off          ;
; Y11      ; 129        ; 3B       ; matrixA[2][0][3]                ; input  ; 2.5 V        ;                     ; Column I/O   ; N               ; no       ; Off          ;
; Y12      ;            ; 3B       ; VREFB3BN0                       ; power  ;              ;                     ; --           ;                 ; --       ; --           ;
; Y13      ;            ; 3B       ; VCCIO3B                         ; power  ;              ; 2.5V                ; --           ;                 ; --       ; --           ;
; Y14      ; 141        ; 4A       ; matrixB[0][2][3]                ; input  ; 2.5 V        ;                     ; Column I/O   ; N               ; no       ; Off          ;
; Y15      ; 143        ; 4A       ; resultMatrix[1][2][11]          ; output ; 2.5 V        ;                     ; Column I/O   ; N               ; no       ; Off          ;
; Y16      ; 149        ; 4A       ; matrixB[1][1][4]                ; input  ; 2.5 V        ;                     ; Column I/O   ; N               ; no       ; Off          ;
; Y17      ; 151        ; 4A       ; resultMatrix[1][2][8]           ; output ; 2.5 V        ;                     ; Column I/O   ; N               ; no       ; Off          ;
; Y18      ;            ;          ; GND                             ; gnd    ;              ;                     ; --           ;                 ; --       ; --           ;
; Y19      ; 167        ; 4A       ; matrixA[1][0][2]                ; input  ; 2.5 V        ;                     ; Column I/O   ; N               ; no       ; Off          ;
; Y20      ; 165        ; 4A       ; resultMatrix[2][1][4]           ; output ; 2.5 V        ;                     ; Column I/O   ; N               ; no       ; Off          ;
; Y21      ; 169        ; 4A       ; matrixB[0][2][4]                ; input  ; 2.5 V        ;                     ; Column I/O   ; N               ; no       ; Off          ;
; Y22      ; 164        ; 4A       ; resultMatrix[0][2][5]           ; output ; 2.5 V        ;                     ; Column I/O   ; N               ; no       ; Off          ;
+----------+------------+----------+---------------------------------+--------+--------------+---------------------+--------------+-----------------+----------+--------------+
Note: Pin directions (input, output or bidir) are based on device operating in user mode.


+--------------------------------------------------------+
; I/O Assignment Warnings                                ;
+------------------------+-------------------------------+
; Pin Name               ; Reason                        ;
+------------------------+-------------------------------+
; resultMatrix[2][2][0]  ; Incomplete set of assignments ;
; resultMatrix[2][2][1]  ; Incomplete set of assignments ;
; resultMatrix[2][2][2]  ; Incomplete set of assignments ;
; resultMatrix[2][2][3]  ; Incomplete set of assignments ;
; resultMatrix[2][2][4]  ; Incomplete set of assignments ;
; resultMatrix[2][2][5]  ; Incomplete set of assignments ;
; resultMatrix[2][2][6]  ; Incomplete set of assignments ;
; resultMatrix[2][2][7]  ; Incomplete set of assignments ;
; resultMatrix[2][2][8]  ; Incomplete set of assignments ;
; resultMatrix[2][2][9]  ; Incomplete set of assignments ;
; resultMatrix[2][2][10] ; Incomplete set of assignments ;
; resultMatrix[2][2][11] ; Incomplete set of assignments ;
; resultMatrix[2][1][0]  ; Incomplete set of assignments ;
; resultMatrix[2][1][1]  ; Incomplete set of assignments ;
; resultMatrix[2][1][2]  ; Incomplete set of assignments ;
; resultMatrix[2][1][3]  ; Incomplete set of assignments ;
; resultMatrix[2][1][4]  ; Incomplete set of assignments ;
; resultMatrix[2][1][5]  ; Incomplete set of assignments ;
; resultMatrix[2][1][6]  ; Incomplete set of assignments ;
; resultMatrix[2][1][7]  ; Incomplete set of assignments ;
; resultMatrix[2][1][8]  ; Incomplete set of assignments ;
; resultMatrix[2][1][9]  ; Incomplete set of assignments ;
; resultMatrix[2][1][10] ; Incomplete set of assignments ;
; resultMatrix[2][1][11] ; Incomplete set of assignments ;
; resultMatrix[2][0][0]  ; Incomplete set of assignments ;
; resultMatrix[2][0][1]  ; Incomplete set of assignments ;
; resultMatrix[2][0][2]  ; Incomplete set of assignments ;
; resultMatrix[2][0][3]  ; Incomplete set of assignments ;
; resultMatrix[2][0][4]  ; Incomplete set of assignments ;
; resultMatrix[2][0][5]  ; Incomplete set of assignments ;
; resultMatrix[2][0][6]  ; Incomplete set of assignments ;
; resultMatrix[2][0][7]  ; Incomplete set of assignments ;
; resultMatrix[2][0][8]  ; Incomplete set of assignments ;
; resultMatrix[2][0][9]  ; Incomplete set of assignments ;
; resultMatrix[2][0][10] ; Incomplete set of assignments ;
; resultMatrix[2][0][11] ; Incomplete set of assignments ;
; resultMatrix[1][2][0]  ; Incomplete set of assignments ;
; resultMatrix[1][2][1]  ; Incomplete set of assignments ;
; resultMatrix[1][2][2]  ; Incomplete set of assignments ;
; resultMatrix[1][2][3]  ; Incomplete set of assignments ;
; resultMatrix[1][2][4]  ; Incomplete set of assignments ;
; resultMatrix[1][2][5]  ; Incomplete set of assignments ;
; resultMatrix[1][2][6]  ; Incomplete set of assignments ;
; resultMatrix[1][2][7]  ; Incomplete set of assignments ;
; resultMatrix[1][2][8]  ; Incomplete set of assignments ;
; resultMatrix[1][2][9]  ; Incomplete set of assignments ;
; resultMatrix[1][2][10] ; Incomplete set of assignments ;
; resultMatrix[1][2][11] ; Incomplete set of assignments ;
; resultMatrix[1][1][0]  ; Incomplete set of assignments ;
; resultMatrix[1][1][1]  ; Incomplete set of assignments ;
; resultMatrix[1][1][2]  ; Incomplete set of assignments ;
; resultMatrix[1][1][3]  ; Incomplete set of assignments ;
; resultMatrix[1][1][4]  ; Incomplete set of assignments ;
; resultMatrix[1][1][5]  ; Incomplete set of assignments ;
; resultMatrix[1][1][6]  ; Incomplete set of assignments ;
; resultMatrix[1][1][7]  ; Incomplete set of assignments ;
; resultMatrix[1][1][8]  ; Incomplete set of assignments ;
; resultMatrix[1][1][9]  ; Incomplete set of assignments ;
; resultMatrix[1][1][10] ; Incomplete set of assignments ;
; resultMatrix[1][1][11] ; Incomplete set of assignments ;
; resultMatrix[1][0][0]  ; Incomplete set of assignments ;
; resultMatrix[1][0][1]  ; Incomplete set of assignments ;
; resultMatrix[1][0][2]  ; Incomplete set of assignments ;
; resultMatrix[1][0][3]  ; Incomplete set of assignments ;
; resultMatrix[1][0][4]  ; Incomplete set of assignments ;
; resultMatrix[1][0][5]  ; Incomplete set of assignments ;
; resultMatrix[1][0][6]  ; Incomplete set of assignments ;
; resultMatrix[1][0][7]  ; Incomplete set of assignments ;
; resultMatrix[1][0][8]  ; Incomplete set of assignments ;
; resultMatrix[1][0][9]  ; Incomplete set of assignments ;
; resultMatrix[1][0][10] ; Incomplete set of assignments ;
; resultMatrix[1][0][11] ; Incomplete set of assignments ;
; resultMatrix[0][2][0]  ; Incomplete set of assignments ;
; resultMatrix[0][2][1]  ; Incomplete set of assignments ;
; resultMatrix[0][2][2]  ; Incomplete set of assignments ;
; resultMatrix[0][2][3]  ; Incomplete set of assignments ;
; resultMatrix[0][2][4]  ; Incomplete set of assignments ;
; resultMatrix[0][2][5]  ; Incomplete set of assignments ;
; resultMatrix[0][2][6]  ; Incomplete set of assignments ;
; resultMatrix[0][2][7]  ; Incomplete set of assignments ;
; resultMatrix[0][2][8]  ; Incomplete set of assignments ;
; resultMatrix[0][2][9]  ; Incomplete set of assignments ;
; resultMatrix[0][2][10] ; Incomplete set of assignments ;
; resultMatrix[0][2][11] ; Incomplete set of assignments ;
; resultMatrix[0][1][0]  ; Incomplete set of assignments ;
; resultMatrix[0][1][1]  ; Incomplete set of assignments ;
; resultMatrix[0][1][2]  ; Incomplete set of assignments ;
; resultMatrix[0][1][3]  ; Incomplete set of assignments ;
; resultMatrix[0][1][4]  ; Incomplete set of assignments ;
; resultMatrix[0][1][5]  ; Incomplete set of assignments ;
; resultMatrix[0][1][6]  ; Incomplete set of assignments ;
; resultMatrix[0][1][7]  ; Incomplete set of assignments ;
; resultMatrix[0][1][8]  ; Incomplete set of assignments ;
; resultMatrix[0][1][9]  ; Incomplete set of assignments ;
; resultMatrix[0][1][10] ; Incomplete set of assignments ;
; resultMatrix[0][1][11] ; Incomplete set of assignments ;
; resultMatrix[0][0][0]  ; Incomplete set of assignments ;
; resultMatrix[0][0][1]  ; Incomplete set of assignments ;
; resultMatrix[0][0][2]  ; Incomplete set of assignments ;
; resultMatrix[0][0][3]  ; Incomplete set of assignments ;
; resultMatrix[0][0][4]  ; Incomplete set of assignments ;
; resultMatrix[0][0][5]  ; Incomplete set of assignments ;
; resultMatrix[0][0][6]  ; Incomplete set of assignments ;
; resultMatrix[0][0][7]  ; Incomplete set of assignments ;
; resultMatrix[0][0][8]  ; Incomplete set of assignments ;
; resultMatrix[0][0][9]  ; Incomplete set of assignments ;
; resultMatrix[0][0][10] ; Incomplete set of assignments ;
; resultMatrix[0][0][11] ; Incomplete set of assignments ;
; clk                    ; Incomplete set of assignments ;
; rst_n                  ; Incomplete set of assignments ;
; matrixA[2][2][0]       ; Incomplete set of assignments ;
; matrixA[2][1][0]       ; Incomplete set of assignments ;
; matrixA[2][0][0]       ; Incomplete set of assignments ;
; matrixA[2][2][1]       ; Incomplete set of assignments ;
; matrixA[2][1][1]       ; Incomplete set of assignments ;
; matrixA[2][0][1]       ; Incomplete set of assignments ;
; matrixA[2][2][2]       ; Incomplete set of assignments ;
; matrixA[2][1][2]       ; Incomplete set of assignments ;
; matrixA[2][0][2]       ; Incomplete set of assignments ;
; matrixA[2][2][3]       ; Incomplete set of assignments ;
; matrixA[2][1][3]       ; Incomplete set of assignments ;
; matrixA[2][0][3]       ; Incomplete set of assignments ;
; matrixA[2][2][4]       ; Incomplete set of assignments ;
; matrixA[2][1][4]       ; Incomplete set of assignments ;
; matrixA[2][0][4]       ; Incomplete set of assignments ;
; matrixA[2][2][5]       ; Incomplete set of assignments ;
; matrixA[2][1][5]       ; Incomplete set of assignments ;
; matrixA[2][0][5]       ; Incomplete set of assignments ;
; matrixA[1][2][0]       ; Incomplete set of assignments ;
; matrixA[1][0][0]       ; Incomplete set of assignments ;
; matrixA[1][1][0]       ; Incomplete set of assignments ;
; matrixA[1][2][1]       ; Incomplete set of assignments ;
; matrixA[1][0][1]       ; Incomplete set of assignments ;
; matrixA[1][1][1]       ; Incomplete set of assignments ;
; matrixA[1][2][2]       ; Incomplete set of assignments ;
; matrixA[1][0][2]       ; Incomplete set of assignments ;
; matrixA[1][1][2]       ; Incomplete set of assignments ;
; matrixA[1][2][3]       ; Incomplete set of assignments ;
; matrixA[1][0][3]       ; Incomplete set of assignments ;
; matrixA[1][1][3]       ; Incomplete set of assignments ;
; matrixA[1][2][4]       ; Incomplete set of assignments ;
; matrixA[1][0][4]       ; Incomplete set of assignments ;
; matrixA[1][1][4]       ; Incomplete set of assignments ;
; matrixA[1][2][5]       ; Incomplete set of assignments ;
; matrixA[1][0][5]       ; Incomplete set of assignments ;
; matrixA[1][1][5]       ; Incomplete set of assignments ;
; matrixB[2][2][0]       ; Incomplete set of assignments ;
; matrixB[1][2][0]       ; Incomplete set of assignments ;
; matrixB[0][2][0]       ; Incomplete set of assignments ;
; matrixB[2][2][1]       ; Incomplete set of assignments ;
; matrixB[1][2][1]       ; Incomplete set of assignments ;
; matrixB[0][2][1]       ; Incomplete set of assignments ;
; matrixB[2][2][2]       ; Incomplete set of assignments ;
; matrixB[1][2][2]       ; Incomplete set of assignments ;
; matrixB[0][2][2]       ; Incomplete set of assignments ;
; matrixB[2][2][3]       ; Incomplete set of assignments ;
; matrixB[1][2][3]       ; Incomplete set of assignments ;
; matrixB[0][2][3]       ; Incomplete set of assignments ;
; matrixB[2][2][4]       ; Incomplete set of assignments ;
; matrixB[1][2][4]       ; Incomplete set of assignments ;
; matrixB[0][2][4]       ; Incomplete set of assignments ;
; matrixB[2][2][5]       ; Incomplete set of assignments ;
; matrixB[1][2][5]       ; Incomplete set of assignments ;
; matrixB[0][2][5]       ; Incomplete set of assignments ;
; matrixB[2][1][0]       ; Incomplete set of assignments ;
; matrixB[0][1][0]       ; Incomplete set of assignments ;
; matrixB[1][1][0]       ; Incomplete set of assignments ;
; matrixB[2][1][1]       ; Incomplete set of assignments ;
; matrixB[0][1][1]       ; Incomplete set of assignments ;
; matrixB[1][1][1]       ; Incomplete set of assignments ;
; matrixB[2][1][2]       ; Incomplete set of assignments ;
; matrixB[0][1][2]       ; Incomplete set of assignments ;
; matrixB[1][1][2]       ; Incomplete set of assignments ;
; matrixB[2][1][3]       ; Incomplete set of assignments ;
; matrixB[0][1][3]       ; Incomplete set of assignments ;
; matrixB[1][1][3]       ; Incomplete set of assignments ;
; matrixB[2][1][4]       ; Incomplete set of assignments ;
; matrixB[0][1][4]       ; Incomplete set of assignments ;
; matrixB[1][1][4]       ; Incomplete set of assignments ;
; matrixB[2][1][5]       ; Incomplete set of assignments ;
; matrixB[0][1][5]       ; Incomplete set of assignments ;
; matrixB[1][1][5]       ; Incomplete set of assignments ;
; matrixB[2][0][0]       ; Incomplete set of assignments ;
; matrixB[1][0][0]       ; Incomplete set of assignments ;
; matrixB[0][0][0]       ; Incomplete set of assignments ;
; matrixB[2][0][1]       ; Incomplete set of assignments ;
; matrixB[1][0][1]       ; Incomplete set of assignments ;
; matrixB[0][0][1]       ; Incomplete set of assignments ;
; matrixB[2][0][2]       ; Incomplete set of assignments ;
; matrixB[1][0][2]       ; Incomplete set of assignments ;
; matrixB[0][0][2]       ; Incomplete set of assignments ;
; matrixB[2][0][3]       ; Incomplete set of assignments ;
; matrixB[1][0][3]       ; Incomplete set of assignments ;
; matrixB[0][0][3]       ; Incomplete set of assignments ;
; matrixB[2][0][4]       ; Incomplete set of assignments ;
; matrixB[1][0][4]       ; Incomplete set of assignments ;
; matrixB[0][0][4]       ; Incomplete set of assignments ;
; matrixB[2][0][5]       ; Incomplete set of assignments ;
; matrixB[1][0][5]       ; Incomplete set of assignments ;
; matrixB[0][0][5]       ; Incomplete set of assignments ;
; matrixA[0][2][0]       ; Incomplete set of assignments ;
; matrixA[0][1][0]       ; Incomplete set of assignments ;
; matrixA[0][0][0]       ; Incomplete set of assignments ;
; matrixA[0][2][1]       ; Incomplete set of assignments ;
; matrixA[0][1][1]       ; Incomplete set of assignments ;
; matrixA[0][0][1]       ; Incomplete set of assignments ;
; matrixA[0][2][2]       ; Incomplete set of assignments ;
; matrixA[0][1][2]       ; Incomplete set of assignments ;
; matrixA[0][0][2]       ; Incomplete set of assignments ;
; matrixA[0][2][3]       ; Incomplete set of assignments ;
; matrixA[0][1][3]       ; Incomplete set of assignments ;
; matrixA[0][0][3]       ; Incomplete set of assignments ;
; matrixA[0][2][4]       ; Incomplete set of assignments ;
; matrixA[0][1][4]       ; Incomplete set of assignments ;
; matrixA[0][0][4]       ; Incomplete set of assignments ;
; matrixA[0][2][5]       ; Incomplete set of assignments ;
; matrixA[0][1][5]       ; Incomplete set of assignments ;
; matrixA[0][0][5]       ; Incomplete set of assignments ;
; resultMatrix[2][2][0]  ; Missing location assignment   ;
; resultMatrix[2][2][1]  ; Missing location assignment   ;
; resultMatrix[2][2][2]  ; Missing location assignment   ;
; resultMatrix[2][2][3]  ; Missing location assignment   ;
; resultMatrix[2][2][4]  ; Missing location assignment   ;
; resultMatrix[2][2][5]  ; Missing location assignment   ;
; resultMatrix[2][2][6]  ; Missing location assignment   ;
; resultMatrix[2][2][7]  ; Missing location assignment   ;
; resultMatrix[2][2][8]  ; Missing location assignment   ;
; resultMatrix[2][2][9]  ; Missing location assignment   ;
; resultMatrix[2][2][10] ; Missing location assignment   ;
; resultMatrix[2][2][11] ; Missing location assignment   ;
; resultMatrix[2][1][0]  ; Missing location assignment   ;
; resultMatrix[2][1][1]  ; Missing location assignment   ;
; resultMatrix[2][1][2]  ; Missing location assignment   ;
; resultMatrix[2][1][3]  ; Missing location assignment   ;
; resultMatrix[2][1][4]  ; Missing location assignment   ;
; resultMatrix[2][1][5]  ; Missing location assignment   ;
; resultMatrix[2][1][6]  ; Missing location assignment   ;
; resultMatrix[2][1][7]  ; Missing location assignment   ;
; resultMatrix[2][1][8]  ; Missing location assignment   ;
; resultMatrix[2][1][9]  ; Missing location assignment   ;
; resultMatrix[2][1][10] ; Missing location assignment   ;
; resultMatrix[2][1][11] ; Missing location assignment   ;
; resultMatrix[2][0][0]  ; Missing location assignment   ;
; resultMatrix[2][0][1]  ; Missing location assignment   ;
; resultMatrix[2][0][2]  ; Missing location assignment   ;
; resultMatrix[2][0][3]  ; Missing location assignment   ;
; resultMatrix[2][0][4]  ; Missing location assignment   ;
; resultMatrix[2][0][5]  ; Missing location assignment   ;
; resultMatrix[2][0][6]  ; Missing location assignment   ;
; resultMatrix[2][0][7]  ; Missing location assignment   ;
; resultMatrix[2][0][8]  ; Missing location assignment   ;
; resultMatrix[2][0][9]  ; Missing location assignment   ;
; resultMatrix[2][0][10] ; Missing location assignment   ;
; resultMatrix[2][0][11] ; Missing location assignment   ;
; resultMatrix[1][2][0]  ; Missing location assignment   ;
; resultMatrix[1][2][1]  ; Missing location assignment   ;
; resultMatrix[1][2][2]  ; Missing location assignment   ;
; resultMatrix[1][2][3]  ; Missing location assignment   ;
; resultMatrix[1][2][4]  ; Missing location assignment   ;
; resultMatrix[1][2][5]  ; Missing location assignment   ;
; resultMatrix[1][2][6]  ; Missing location assignment   ;
; resultMatrix[1][2][7]  ; Missing location assignment   ;
; resultMatrix[1][2][8]  ; Missing location assignment   ;
; resultMatrix[1][2][9]  ; Missing location assignment   ;
; resultMatrix[1][2][10] ; Missing location assignment   ;
; resultMatrix[1][2][11] ; Missing location assignment   ;
; resultMatrix[1][1][0]  ; Missing location assignment   ;
; resultMatrix[1][1][1]  ; Missing location assignment   ;
; resultMatrix[1][1][2]  ; Missing location assignment   ;
; resultMatrix[1][1][3]  ; Missing location assignment   ;
; resultMatrix[1][1][4]  ; Missing location assignment   ;
; resultMatrix[1][1][5]  ; Missing location assignment   ;
; resultMatrix[1][1][6]  ; Missing location assignment   ;
; resultMatrix[1][1][7]  ; Missing location assignment   ;
; resultMatrix[1][1][8]  ; Missing location assignment   ;
; resultMatrix[1][1][9]  ; Missing location assignment   ;
; resultMatrix[1][1][10] ; Missing location assignment   ;
; resultMatrix[1][1][11] ; Missing location assignment   ;
; resultMatrix[1][0][0]  ; Missing location assignment   ;
; resultMatrix[1][0][1]  ; Missing location assignment   ;
; resultMatrix[1][0][2]  ; Missing location assignment   ;
; resultMatrix[1][0][3]  ; Missing location assignment   ;
; resultMatrix[1][0][4]  ; Missing location assignment   ;
; resultMatrix[1][0][5]  ; Missing location assignment   ;
; resultMatrix[1][0][6]  ; Missing location assignment   ;
; resultMatrix[1][0][7]  ; Missing location assignment   ;
; resultMatrix[1][0][8]  ; Missing location assignment   ;
; resultMatrix[1][0][9]  ; Missing location assignment   ;
; resultMatrix[1][0][10] ; Missing location assignment   ;
; resultMatrix[1][0][11] ; Missing location assignment   ;
; resultMatrix[0][2][0]  ; Missing location assignment   ;
; resultMatrix[0][2][1]  ; Missing location assignment   ;
; resultMatrix[0][2][2]  ; Missing location assignment   ;
; resultMatrix[0][2][3]  ; Missing location assignment   ;
; resultMatrix[0][2][4]  ; Missing location assignment   ;
; resultMatrix[0][2][5]  ; Missing location assignment   ;
; resultMatrix[0][2][6]  ; Missing location assignment   ;
; resultMatrix[0][2][7]  ; Missing location assignment   ;
; resultMatrix[0][2][8]  ; Missing location assignment   ;
; resultMatrix[0][2][9]  ; Missing location assignment   ;
; resultMatrix[0][2][10] ; Missing location assignment   ;
; resultMatrix[0][2][11] ; Missing location assignment   ;
; resultMatrix[0][1][0]  ; Missing location assignment   ;
; resultMatrix[0][1][1]  ; Missing location assignment   ;
; resultMatrix[0][1][2]  ; Missing location assignment   ;
; resultMatrix[0][1][3]  ; Missing location assignment   ;
; resultMatrix[0][1][4]  ; Missing location assignment   ;
; resultMatrix[0][1][5]  ; Missing location assignment   ;
; resultMatrix[0][1][6]  ; Missing location assignment   ;
; resultMatrix[0][1][7]  ; Missing location assignment   ;
; resultMatrix[0][1][8]  ; Missing location assignment   ;
; resultMatrix[0][1][9]  ; Missing location assignment   ;
; resultMatrix[0][1][10] ; Missing location assignment   ;
; resultMatrix[0][1][11] ; Missing location assignment   ;
; resultMatrix[0][0][0]  ; Missing location assignment   ;
; resultMatrix[0][0][1]  ; Missing location assignment   ;
; resultMatrix[0][0][2]  ; Missing location assignment   ;
; resultMatrix[0][0][3]  ; Missing location assignment   ;
; resultMatrix[0][0][4]  ; Missing location assignment   ;
; resultMatrix[0][0][5]  ; Missing location assignment   ;
; resultMatrix[0][0][6]  ; Missing location assignment   ;
; resultMatrix[0][0][7]  ; Missing location assignment   ;
; resultMatrix[0][0][8]  ; Missing location assignment   ;
; resultMatrix[0][0][9]  ; Missing location assignment   ;
; resultMatrix[0][0][10] ; Missing location assignment   ;
; resultMatrix[0][0][11] ; Missing location assignment   ;
; clk                    ; Missing location assignment   ;
; rst_n                  ; Missing location assignment   ;
; matrixA[2][2][0]       ; Missing location assignment   ;
; matrixA[2][1][0]       ; Missing location assignment   ;
; matrixA[2][0][0]       ; Missing location assignment   ;
; matrixA[2][2][1]       ; Missing location assignment   ;
; matrixA[2][1][1]       ; Missing location assignment   ;
; matrixA[2][0][1]       ; Missing location assignment   ;
; matrixA[2][2][2]       ; Missing location assignment   ;
; matrixA[2][1][2]       ; Missing location assignment   ;
; matrixA[2][0][2]       ; Missing location assignment   ;
; matrixA[2][2][3]       ; Missing location assignment   ;
; matrixA[2][1][3]       ; Missing location assignment   ;
; matrixA[2][0][3]       ; Missing location assignment   ;
; matrixA[2][2][4]       ; Missing location assignment   ;
; matrixA[2][1][4]       ; Missing location assignment   ;
; matrixA[2][0][4]       ; Missing location assignment   ;
; matrixA[2][2][5]       ; Missing location assignment   ;
; matrixA[2][1][5]       ; Missing location assignment   ;
; matrixA[2][0][5]       ; Missing location assignment   ;
; matrixA[1][2][0]       ; Missing location assignment   ;
; matrixA[1][0][0]       ; Missing location assignment   ;
; matrixA[1][1][0]       ; Missing location assignment   ;
; matrixA[1][2][1]       ; Missing location assignment   ;
; matrixA[1][0][1]       ; Missing location assignment   ;
; matrixA[1][1][1]       ; Missing location assignment   ;
; matrixA[1][2][2]       ; Missing location assignment   ;
; matrixA[1][0][2]       ; Missing location assignment   ;
; matrixA[1][1][2]       ; Missing location assignment   ;
; matrixA[1][2][3]       ; Missing location assignment   ;
; matrixA[1][0][3]       ; Missing location assignment   ;
; matrixA[1][1][3]       ; Missing location assignment   ;
; matrixA[1][2][4]       ; Missing location assignment   ;
; matrixA[1][0][4]       ; Missing location assignment   ;
; matrixA[1][1][4]       ; Missing location assignment   ;
; matrixA[1][2][5]       ; Missing location assignment   ;
; matrixA[1][0][5]       ; Missing location assignment   ;
; matrixA[1][1][5]       ; Missing location assignment   ;
; matrixB[2][2][0]       ; Missing location assignment   ;
; matrixB[1][2][0]       ; Missing location assignment   ;
; matrixB[0][2][0]       ; Missing location assignment   ;
; matrixB[2][2][1]       ; Missing location assignment   ;
; matrixB[1][2][1]       ; Missing location assignment   ;
; matrixB[0][2][1]       ; Missing location assignment   ;
; matrixB[2][2][2]       ; Missing location assignment   ;
; matrixB[1][2][2]       ; Missing location assignment   ;
; matrixB[0][2][2]       ; Missing location assignment   ;
; matrixB[2][2][3]       ; Missing location assignment   ;
; matrixB[1][2][3]       ; Missing location assignment   ;
; matrixB[0][2][3]       ; Missing location assignment   ;
; matrixB[2][2][4]       ; Missing location assignment   ;
; matrixB[1][2][4]       ; Missing location assignment   ;
; matrixB[0][2][4]       ; Missing location assignment   ;
; matrixB[2][2][5]       ; Missing location assignment   ;
; matrixB[1][2][5]       ; Missing location assignment   ;
; matrixB[0][2][5]       ; Missing location assignment   ;
; matrixB[2][1][0]       ; Missing location assignment   ;
; matrixB[0][1][0]       ; Missing location assignment   ;
; matrixB[1][1][0]       ; Missing location assignment   ;
; matrixB[2][1][1]       ; Missing location assignment   ;
; matrixB[0][1][1]       ; Missing location assignment   ;
; matrixB[1][1][1]       ; Missing location assignment   ;
; matrixB[2][1][2]       ; Missing location assignment   ;
; matrixB[0][1][2]       ; Missing location assignment   ;
; matrixB[1][1][2]       ; Missing location assignment   ;
; matrixB[2][1][3]       ; Missing location assignment   ;
; matrixB[0][1][3]       ; Missing location assignment   ;
; matrixB[1][1][3]       ; Missing location assignment   ;
; matrixB[2][1][4]       ; Missing location assignment   ;
; matrixB[0][1][4]       ; Missing location assignment   ;
; matrixB[1][1][4]       ; Missing location assignment   ;
; matrixB[2][1][5]       ; Missing location assignment   ;
; matrixB[0][1][5]       ; Missing location assignment   ;
; matrixB[1][1][5]       ; Missing location assignment   ;
; matrixB[2][0][0]       ; Missing location assignment   ;
; matrixB[1][0][0]       ; Missing location assignment   ;
; matrixB[0][0][0]       ; Missing location assignment   ;
; matrixB[2][0][1]       ; Missing location assignment   ;
; matrixB[1][0][1]       ; Missing location assignment   ;
; matrixB[0][0][1]       ; Missing location assignment   ;
; matrixB[2][0][2]       ; Missing location assignment   ;
; matrixB[1][0][2]       ; Missing location assignment   ;
; matrixB[0][0][2]       ; Missing location assignment   ;
; matrixB[2][0][3]       ; Missing location assignment   ;
; matrixB[1][0][3]       ; Missing location assignment   ;
; matrixB[0][0][3]       ; Missing location assignment   ;
; matrixB[2][0][4]       ; Missing location assignment   ;
; matrixB[1][0][4]       ; Missing location assignment   ;
; matrixB[0][0][4]       ; Missing location assignment   ;
; matrixB[2][0][5]       ; Missing location assignment   ;
; matrixB[1][0][5]       ; Missing location assignment   ;
; matrixB[0][0][5]       ; Missing location assignment   ;
; matrixA[0][2][0]       ; Missing location assignment   ;
; matrixA[0][1][0]       ; Missing location assignment   ;
; matrixA[0][0][0]       ; Missing location assignment   ;
; matrixA[0][2][1]       ; Missing location assignment   ;
; matrixA[0][1][1]       ; Missing location assignment   ;
; matrixA[0][0][1]       ; Missing location assignment   ;
; matrixA[0][2][2]       ; Missing location assignment   ;
; matrixA[0][1][2]       ; Missing location assignment   ;
; matrixA[0][0][2]       ; Missing location assignment   ;
; matrixA[0][2][3]       ; Missing location assignment   ;
; matrixA[0][1][3]       ; Missing location assignment   ;
; matrixA[0][0][3]       ; Missing location assignment   ;
; matrixA[0][2][4]       ; Missing location assignment   ;
; matrixA[0][1][4]       ; Missing location assignment   ;
; matrixA[0][0][4]       ; Missing location assignment   ;
; matrixA[0][2][5]       ; Missing location assignment   ;
; matrixA[0][1][5]       ; Missing location assignment   ;
; matrixA[0][0][5]       ; Missing location assignment   ;
+------------------------+-------------------------------+


+--------------------------------------------------------------------------------------------------------------------------------------------------------------------------------------------------------------------------------------------------------------------------------------------------------------------------------------------------------------------------------------------------------------------------------------------------------------------------------------------------+
; Fitter Resource Utilization by Entity                                                                                                                                                                                                                                                                                                                                                                                                                                                            ;
+----------------------------------------------------+----------------------+----------------------------------+---------------------------------------------------+----------------------------------+----------------------+---------------------+---------------------------+---------------+-------------------+-------+------------+------+--------------+---------------------------------------------------------------------------------------------+-----------------------+--------------+
; Compilation Hierarchy Node                         ; ALMs needed [=A-B+C] ; [A] ALMs used in final placement ; [B] Estimate of ALMs recoverable by dense packing ; [C] Estimate of ALMs unavailable ; ALMs used for memory ; Combinational ALUTs ; Dedicated Logic Registers ; I/O Registers ; Block Memory Bits ; M10Ks ; DSP Blocks ; Pins ; Virtual Pins ; Full Hierarchy Name                                                                         ; Entity Name           ; Library Name ;
+----------------------------------------------------+----------------------+----------------------------------+---------------------------------------------------+----------------------------------+----------------------+---------------------+---------------------------+---------------+-------------------+-------+------------+------+--------------+---------------------------------------------------------------------------------------------+-----------------------+--------------+
; |matrixMultiplierSmall                             ; 221.5 (0.5)          ; 229.0 (0.5)                      ; 7.5 (0.0)                                         ; 0.0 (0.0)                        ; 0.0 (0.0)            ; 443 (1)             ; 184 (0)                   ; 0 (0)         ; 0                 ; 0     ; 9          ; 218  ; 0            ; |matrixMultiplierSmall                                                                      ; matrixMultiplierSmall ; work         ;
;    |dataOrchestrator:dataOrch|                     ; 42.0 (42.0)          ; 50.8 (50.8)                      ; 8.8 (8.8)                                         ; 0.0 (0.0)                        ; 0.0 (0.0)            ; 82 (82)             ; 40 (40)                   ; 0 (0)         ; 0                 ; 0     ; 0          ; 0    ; 0            ; |matrixMultiplierSmall|dataOrchestrator:dataOrch                                            ; dataOrchestrator      ; work         ;
;    |systolicArray:systolicArr|                     ; 177.7 (0.0)          ; 177.7 (0.0)                      ; 0.0 (0.0)                                         ; 0.0 (0.0)                        ; 0.0 (0.0)            ; 360 (0)             ; 144 (0)                   ; 0 (0)         ; 0                 ; 0     ; 9          ; 0    ; 0            ; |matrixMultiplierSmall|systolicArray:systolicArr                                            ; systolicArray         ; work         ;
;       |multiplierBlock:row_loop[0].col_loop[0].mb| ; 21.8 (21.8)          ; 21.8 (21.8)                      ; 0.0 (0.0)                                         ; 0.0 (0.0)                        ; 0.0 (0.0)            ; 44 (44)             ; 24 (24)                   ; 0 (0)         ; 0                 ; 0     ; 1          ; 0    ; 0            ; |matrixMultiplierSmall|systolicArray:systolicArr|multiplierBlock:row_loop[0].col_loop[0].mb ; multiplierBlock       ; work         ;
;       |multiplierBlock:row_loop[0].col_loop[1].mb| ; 21.7 (21.7)          ; 22.3 (22.3)                      ; 0.7 (0.7)                                         ; 0.0 (0.0)                        ; 0.0 (0.0)            ; 44 (44)             ; 18 (18)                   ; 0 (0)         ; 0                 ; 0     ; 1          ; 0    ; 0            ; |matrixMultiplierSmall|systolicArray:systolicArr|multiplierBlock:row_loop[0].col_loop[1].mb ; multiplierBlock       ; work         ;
;       |multiplierBlock:row_loop[0].col_loop[2].mb| ; 19.0 (19.0)          ; 20.2 (20.2)                      ; 1.2 (1.2)                                         ; 0.0 (0.0)                        ; 0.0 (0.0)            ; 38 (38)             ; 18 (18)                   ; 0 (0)         ; 0                 ; 0     ; 1          ; 0    ; 0            ; |matrixMultiplierSmall|systolicArray:systolicArr|multiplierBlock:row_loop[0].col_loop[2].mb ; multiplierBlock       ; work         ;
;       |multiplierBlock:row_loop[1].col_loop[0].mb| ; 22.0 (22.0)          ; 22.8 (22.8)                      ; 0.8 (0.8)                                         ; 0.0 (0.0)                        ; 0.0 (0.0)            ; 44 (44)             ; 18 (18)                   ; 0 (0)         ; 0                 ; 0     ; 1          ; 0    ; 0            ; |matrixMultiplierSmall|systolicArray:systolicArr|multiplierBlock:row_loop[1].col_loop[0].mb ; multiplierBlock       ; work         ;
;       |multiplierBlock:row_loop[1].col_loop[1].mb| ; 20.0 (20.0)          ; 20.0 (20.0)                      ; 0.0 (0.0)                                         ; 0.0 (0.0)                        ; 0.0 (0.0)            ; 44 (44)             ; 12 (12)                   ; 0 (0)         ; 0                 ; 0     ; 1          ; 0    ; 0            ; |matrixMultiplierSmall|systolicArray:systolicArr|multiplierBlock:row_loop[1].col_loop[1].mb ; multiplierBlock       ; work         ;
;       |multiplierBlock:row_loop[1].col_loop[2].mb| ; 18.5 (18.5)          ; 18.5 (18.5)                      ; 0.0 (0.0)                                         ; 0.0 (0.0)                        ; 0.0 (0.0)            ; 38 (38)             ; 12 (12)                   ; 0 (0)         ; 0                 ; 0     ; 1          ; 0    ; 0            ; |matrixMultiplierSmall|systolicArray:systolicArr|multiplierBlock:row_loop[1].col_loop[2].mb ; multiplierBlock       ; work         ;
;       |multiplierBlock:row_loop[2].col_loop[0].mb| ; 19.3 (19.3)          ; 19.7 (19.7)                      ; 0.3 (0.3)                                         ; 0.0 (0.0)                        ; 0.0 (0.0)            ; 38 (38)             ; 18 (18)                   ; 0 (0)         ; 0                 ; 0     ; 1          ; 0    ; 0            ; |matrixMultiplierSmall|systolicArray:systolicArr|multiplierBlock:row_loop[2].col_loop[0].mb ; multiplierBlock       ; work         ;
;       |multiplierBlock:row_loop[2].col_loop[1].mb| ; 16.3 (16.3)          ; 16.3 (16.3)                      ; 0.0 (0.0)                                         ; 0.0 (0.0)                        ; 0.0 (0.0)            ; 38 (38)             ; 12 (12)                   ; 0 (0)         ; 0                 ; 0     ; 1          ; 0    ; 0            ; |matrixMultiplierSmall|systolicArray:systolicArr|multiplierBlock:row_loop[2].col_loop[1].mb ; multiplierBlock       ; work         ;
;       |multiplierBlock:row_loop[2].col_loop[2].mb| ; 16.0 (16.0)          ; 16.0 (16.0)                      ; 0.0 (0.0)                                         ; 0.0 (0.0)                        ; 0.0 (0.0)            ; 32 (32)             ; 12 (12)                   ; 0 (0)         ; 0                 ; 0     ; 1          ; 0    ; 0            ; |matrixMultiplierSmall|systolicArray:systolicArr|multiplierBlock:row_loop[2].col_loop[2].mb ; multiplierBlock       ; work         ;
+----------------------------------------------------+----------------------+----------------------------------+---------------------------------------------------+----------------------------------+----------------------+---------------------+---------------------------+---------------+-------------------+-------+------------+------+--------------+---------------------------------------------------------------------------------------------+-----------------------+--------------+
Note: For table entries with two numbers listed, the numbers in parentheses indicate the number of resources of the given type used by the specific entity alone. The numbers listed outside of parentheses indicate the total resources of the given type used by the specific entity and all of its sub-entities in the hierarchy.


+---------------------------------------------------------------------------------------------------------------------------------------+
; Delay Chain Summary                                                                                                                   ;
+------------------------+----------+----+------+------+----+------+-------+--------+------------------------+--------------------------+
; Name                   ; Pin Type ; D1 ; D3_0 ; D3_1 ; D4 ; D5   ; D5 OE ; D5 OCT ; T11 (Postamble Gating) ; T11 (Postamble Ungating) ;
+------------------------+----------+----+------+------+----+------+-------+--------+------------------------+--------------------------+
; resultMatrix[2][2][0]  ; Output   ; -- ; --   ; --   ; -- ; (0)  ; (31)  ; --     ; --                     ; --                       ;
; resultMatrix[2][2][1]  ; Output   ; -- ; --   ; --   ; -- ; (0)  ; (31)  ; --     ; --                     ; --                       ;
; resultMatrix[2][2][2]  ; Output   ; -- ; --   ; --   ; -- ; (0)  ; (31)  ; --     ; --                     ; --                       ;
; resultMatrix[2][2][3]  ; Output   ; -- ; --   ; --   ; -- ; (0)  ; (31)  ; --     ; --                     ; --                       ;
; resultMatrix[2][2][4]  ; Output   ; -- ; --   ; --   ; -- ; (0)  ; (31)  ; --     ; --                     ; --                       ;
; resultMatrix[2][2][5]  ; Output   ; -- ; --   ; --   ; -- ; (0)  ; (31)  ; --     ; --                     ; --                       ;
; resultMatrix[2][2][6]  ; Output   ; -- ; --   ; --   ; -- ; (0)  ; (31)  ; --     ; --                     ; --                       ;
; resultMatrix[2][2][7]  ; Output   ; -- ; --   ; --   ; -- ; (0)  ; (31)  ; --     ; --                     ; --                       ;
; resultMatrix[2][2][8]  ; Output   ; -- ; --   ; --   ; -- ; (0)  ; (31)  ; --     ; --                     ; --                       ;
; resultMatrix[2][2][9]  ; Output   ; -- ; --   ; --   ; -- ; (0)  ; (31)  ; --     ; --                     ; --                       ;
; resultMatrix[2][2][10] ; Output   ; -- ; --   ; --   ; -- ; (0)  ; (31)  ; --     ; --                     ; --                       ;
; resultMatrix[2][2][11] ; Output   ; -- ; --   ; --   ; -- ; (0)  ; (31)  ; --     ; --                     ; --                       ;
; resultMatrix[2][1][0]  ; Output   ; -- ; --   ; --   ; -- ; (0)  ; (31)  ; --     ; --                     ; --                       ;
; resultMatrix[2][1][1]  ; Output   ; -- ; --   ; --   ; -- ; (0)  ; (31)  ; --     ; --                     ; --                       ;
; resultMatrix[2][1][2]  ; Output   ; -- ; --   ; --   ; -- ; (0)  ; (31)  ; --     ; --                     ; --                       ;
; resultMatrix[2][1][3]  ; Output   ; -- ; --   ; --   ; -- ; (0)  ; (31)  ; --     ; --                     ; --                       ;
; resultMatrix[2][1][4]  ; Output   ; -- ; --   ; --   ; -- ; (0)  ; (31)  ; --     ; --                     ; --                       ;
; resultMatrix[2][1][5]  ; Output   ; -- ; --   ; --   ; -- ; (0)  ; (31)  ; --     ; --                     ; --                       ;
; resultMatrix[2][1][6]  ; Output   ; -- ; --   ; --   ; -- ; (0)  ; (31)  ; --     ; --                     ; --                       ;
; resultMatrix[2][1][7]  ; Output   ; -- ; --   ; --   ; -- ; (0)  ; (31)  ; --     ; --                     ; --                       ;
; resultMatrix[2][1][8]  ; Output   ; -- ; --   ; --   ; -- ; (0)  ; (31)  ; --     ; --                     ; --                       ;
; resultMatrix[2][1][9]  ; Output   ; -- ; --   ; --   ; -- ; (0)  ; (31)  ; --     ; --                     ; --                       ;
; resultMatrix[2][1][10] ; Output   ; -- ; --   ; --   ; -- ; (0)  ; (31)  ; --     ; --                     ; --                       ;
; resultMatrix[2][1][11] ; Output   ; -- ; --   ; --   ; -- ; (0)  ; (31)  ; --     ; --                     ; --                       ;
; resultMatrix[2][0][0]  ; Output   ; -- ; --   ; --   ; -- ; (0)  ; (31)  ; --     ; --                     ; --                       ;
; resultMatrix[2][0][1]  ; Output   ; -- ; --   ; --   ; -- ; (0)  ; (31)  ; --     ; --                     ; --                       ;
; resultMatrix[2][0][2]  ; Output   ; -- ; --   ; --   ; -- ; (0)  ; (31)  ; --     ; --                     ; --                       ;
; resultMatrix[2][0][3]  ; Output   ; -- ; --   ; --   ; -- ; (0)  ; (31)  ; --     ; --                     ; --                       ;
; resultMatrix[2][0][4]  ; Output   ; -- ; --   ; --   ; -- ; (0)  ; (31)  ; --     ; --                     ; --                       ;
; resultMatrix[2][0][5]  ; Output   ; -- ; --   ; --   ; -- ; (0)  ; (31)  ; --     ; --                     ; --                       ;
; resultMatrix[2][0][6]  ; Output   ; -- ; --   ; --   ; -- ; (0)  ; (31)  ; --     ; --                     ; --                       ;
; resultMatrix[2][0][7]  ; Output   ; -- ; --   ; --   ; -- ; (0)  ; (31)  ; --     ; --                     ; --                       ;
; resultMatrix[2][0][8]  ; Output   ; -- ; --   ; --   ; -- ; (0)  ; (31)  ; --     ; --                     ; --                       ;
; resultMatrix[2][0][9]  ; Output   ; -- ; --   ; --   ; -- ; (0)  ; (31)  ; --     ; --                     ; --                       ;
; resultMatrix[2][0][10] ; Output   ; -- ; --   ; --   ; -- ; (0)  ; (31)  ; --     ; --                     ; --                       ;
; resultMatrix[2][0][11] ; Output   ; -- ; --   ; --   ; -- ; (0)  ; (31)  ; --     ; --                     ; --                       ;
; resultMatrix[1][2][0]  ; Output   ; -- ; --   ; --   ; -- ; (0)  ; (31)  ; --     ; --                     ; --                       ;
; resultMatrix[1][2][1]  ; Output   ; -- ; --   ; --   ; -- ; (0)  ; (31)  ; --     ; --                     ; --                       ;
; resultMatrix[1][2][2]  ; Output   ; -- ; --   ; --   ; -- ; (0)  ; (31)  ; --     ; --                     ; --                       ;
; resultMatrix[1][2][3]  ; Output   ; -- ; --   ; --   ; -- ; (0)  ; (31)  ; --     ; --                     ; --                       ;
; resultMatrix[1][2][4]  ; Output   ; -- ; --   ; --   ; -- ; (0)  ; (31)  ; --     ; --                     ; --                       ;
; resultMatrix[1][2][5]  ; Output   ; -- ; --   ; --   ; -- ; (0)  ; (31)  ; --     ; --                     ; --                       ;
; resultMatrix[1][2][6]  ; Output   ; -- ; --   ; --   ; -- ; (0)  ; (31)  ; --     ; --                     ; --                       ;
; resultMatrix[1][2][7]  ; Output   ; -- ; --   ; --   ; -- ; (0)  ; (31)  ; --     ; --                     ; --                       ;
; resultMatrix[1][2][8]  ; Output   ; -- ; --   ; --   ; -- ; (0)  ; (31)  ; --     ; --                     ; --                       ;
; resultMatrix[1][2][9]  ; Output   ; -- ; --   ; --   ; -- ; (0)  ; (31)  ; --     ; --                     ; --                       ;
; resultMatrix[1][2][10] ; Output   ; -- ; --   ; --   ; -- ; (0)  ; (31)  ; --     ; --                     ; --                       ;
; resultMatrix[1][2][11] ; Output   ; -- ; --   ; --   ; -- ; (0)  ; (31)  ; --     ; --                     ; --                       ;
; resultMatrix[1][1][0]  ; Output   ; -- ; --   ; --   ; -- ; (0)  ; (31)  ; --     ; --                     ; --                       ;
; resultMatrix[1][1][1]  ; Output   ; -- ; --   ; --   ; -- ; (0)  ; (31)  ; --     ; --                     ; --                       ;
; resultMatrix[1][1][2]  ; Output   ; -- ; --   ; --   ; -- ; (0)  ; (31)  ; --     ; --                     ; --                       ;
; resultMatrix[1][1][3]  ; Output   ; -- ; --   ; --   ; -- ; (0)  ; (31)  ; --     ; --                     ; --                       ;
; resultMatrix[1][1][4]  ; Output   ; -- ; --   ; --   ; -- ; (0)  ; (31)  ; --     ; --                     ; --                       ;
; resultMatrix[1][1][5]  ; Output   ; -- ; --   ; --   ; -- ; (0)  ; (31)  ; --     ; --                     ; --                       ;
; resultMatrix[1][1][6]  ; Output   ; -- ; --   ; --   ; -- ; (0)  ; (31)  ; --     ; --                     ; --                       ;
; resultMatrix[1][1][7]  ; Output   ; -- ; --   ; --   ; -- ; (0)  ; (31)  ; --     ; --                     ; --                       ;
; resultMatrix[1][1][8]  ; Output   ; -- ; --   ; --   ; -- ; (0)  ; (31)  ; --     ; --                     ; --                       ;
; resultMatrix[1][1][9]  ; Output   ; -- ; --   ; --   ; -- ; (0)  ; (31)  ; --     ; --                     ; --                       ;
; resultMatrix[1][1][10] ; Output   ; -- ; --   ; --   ; -- ; (0)  ; (31)  ; --     ; --                     ; --                       ;
; resultMatrix[1][1][11] ; Output   ; -- ; --   ; --   ; -- ; (0)  ; (31)  ; --     ; --                     ; --                       ;
; resultMatrix[1][0][0]  ; Output   ; -- ; --   ; --   ; -- ; (0)  ; (31)  ; --     ; --                     ; --                       ;
; resultMatrix[1][0][1]  ; Output   ; -- ; --   ; --   ; -- ; (0)  ; (31)  ; --     ; --                     ; --                       ;
; resultMatrix[1][0][2]  ; Output   ; -- ; --   ; --   ; -- ; (0)  ; (31)  ; --     ; --                     ; --                       ;
; resultMatrix[1][0][3]  ; Output   ; -- ; --   ; --   ; -- ; (0)  ; (31)  ; --     ; --                     ; --                       ;
; resultMatrix[1][0][4]  ; Output   ; -- ; --   ; --   ; -- ; (0)  ; (31)  ; --     ; --                     ; --                       ;
; resultMatrix[1][0][5]  ; Output   ; -- ; --   ; --   ; -- ; (0)  ; (31)  ; --     ; --                     ; --                       ;
; resultMatrix[1][0][6]  ; Output   ; -- ; --   ; --   ; -- ; (0)  ; (31)  ; --     ; --                     ; --                       ;
; resultMatrix[1][0][7]  ; Output   ; -- ; --   ; --   ; -- ; (0)  ; (31)  ; --     ; --                     ; --                       ;
; resultMatrix[1][0][8]  ; Output   ; -- ; --   ; --   ; -- ; (0)  ; (31)  ; --     ; --                     ; --                       ;
; resultMatrix[1][0][9]  ; Output   ; -- ; --   ; --   ; -- ; (0)  ; (31)  ; --     ; --                     ; --                       ;
; resultMatrix[1][0][10] ; Output   ; -- ; --   ; --   ; -- ; (0)  ; (31)  ; --     ; --                     ; --                       ;
; resultMatrix[1][0][11] ; Output   ; -- ; --   ; --   ; -- ; (0)  ; (31)  ; --     ; --                     ; --                       ;
; resultMatrix[0][2][0]  ; Output   ; -- ; --   ; --   ; -- ; (0)  ; (31)  ; --     ; --                     ; --                       ;
; resultMatrix[0][2][1]  ; Output   ; -- ; --   ; --   ; -- ; (0)  ; (31)  ; --     ; --                     ; --                       ;
; resultMatrix[0][2][2]  ; Output   ; -- ; --   ; --   ; -- ; (0)  ; (31)  ; --     ; --                     ; --                       ;
; resultMatrix[0][2][3]  ; Output   ; -- ; --   ; --   ; -- ; (0)  ; (31)  ; --     ; --                     ; --                       ;
; resultMatrix[0][2][4]  ; Output   ; -- ; --   ; --   ; -- ; (0)  ; (31)  ; --     ; --                     ; --                       ;
; resultMatrix[0][2][5]  ; Output   ; -- ; --   ; --   ; -- ; (0)  ; (31)  ; --     ; --                     ; --                       ;
; resultMatrix[0][2][6]  ; Output   ; -- ; --   ; --   ; -- ; (0)  ; (31)  ; --     ; --                     ; --                       ;
; resultMatrix[0][2][7]  ; Output   ; -- ; --   ; --   ; -- ; (0)  ; (31)  ; --     ; --                     ; --                       ;
; resultMatrix[0][2][8]  ; Output   ; -- ; --   ; --   ; -- ; (0)  ; (31)  ; --     ; --                     ; --                       ;
; resultMatrix[0][2][9]  ; Output   ; -- ; --   ; --   ; -- ; (0)  ; (31)  ; --     ; --                     ; --                       ;
; resultMatrix[0][2][10] ; Output   ; -- ; --   ; --   ; -- ; (0)  ; (31)  ; --     ; --                     ; --                       ;
; resultMatrix[0][2][11] ; Output   ; -- ; --   ; --   ; -- ; (0)  ; (31)  ; --     ; --                     ; --                       ;
; resultMatrix[0][1][0]  ; Output   ; -- ; --   ; --   ; -- ; (0)  ; (31)  ; --     ; --                     ; --                       ;
; resultMatrix[0][1][1]  ; Output   ; -- ; --   ; --   ; -- ; (0)  ; (31)  ; --     ; --                     ; --                       ;
; resultMatrix[0][1][2]  ; Output   ; -- ; --   ; --   ; -- ; (0)  ; (31)  ; --     ; --                     ; --                       ;
; resultMatrix[0][1][3]  ; Output   ; -- ; --   ; --   ; -- ; (0)  ; (31)  ; --     ; --                     ; --                       ;
; resultMatrix[0][1][4]  ; Output   ; -- ; --   ; --   ; -- ; (0)  ; (31)  ; --     ; --                     ; --                       ;
; resultMatrix[0][1][5]  ; Output   ; -- ; --   ; --   ; -- ; (0)  ; (31)  ; --     ; --                     ; --                       ;
; resultMatrix[0][1][6]  ; Output   ; -- ; --   ; --   ; -- ; (0)  ; (31)  ; --     ; --                     ; --                       ;
; resultMatrix[0][1][7]  ; Output   ; -- ; --   ; --   ; -- ; (0)  ; (31)  ; --     ; --                     ; --                       ;
; resultMatrix[0][1][8]  ; Output   ; -- ; --   ; --   ; -- ; (0)  ; (31)  ; --     ; --                     ; --                       ;
; resultMatrix[0][1][9]  ; Output   ; -- ; --   ; --   ; -- ; (0)  ; (31)  ; --     ; --                     ; --                       ;
; resultMatrix[0][1][10] ; Output   ; -- ; --   ; --   ; -- ; (0)  ; (31)  ; --     ; --                     ; --                       ;
; resultMatrix[0][1][11] ; Output   ; -- ; --   ; --   ; -- ; (0)  ; (31)  ; --     ; --                     ; --                       ;
; resultMatrix[0][0][0]  ; Output   ; -- ; --   ; --   ; -- ; (0)  ; (31)  ; --     ; --                     ; --                       ;
; resultMatrix[0][0][1]  ; Output   ; -- ; --   ; --   ; -- ; (0)  ; (31)  ; --     ; --                     ; --                       ;
; resultMatrix[0][0][2]  ; Output   ; -- ; --   ; --   ; -- ; (0)  ; (31)  ; --     ; --                     ; --                       ;
; resultMatrix[0][0][3]  ; Output   ; -- ; --   ; --   ; -- ; (0)  ; (31)  ; --     ; --                     ; --                       ;
; resultMatrix[0][0][4]  ; Output   ; -- ; --   ; --   ; -- ; (0)  ; (31)  ; --     ; --                     ; --                       ;
; resultMatrix[0][0][5]  ; Output   ; -- ; --   ; --   ; -- ; (0)  ; (31)  ; --     ; --                     ; --                       ;
; resultMatrix[0][0][6]  ; Output   ; -- ; --   ; --   ; -- ; (0)  ; (31)  ; --     ; --                     ; --                       ;
; resultMatrix[0][0][7]  ; Output   ; -- ; --   ; --   ; -- ; (0)  ; (31)  ; --     ; --                     ; --                       ;
; resultMatrix[0][0][8]  ; Output   ; -- ; --   ; --   ; -- ; (0)  ; (31)  ; --     ; --                     ; --                       ;
; resultMatrix[0][0][9]  ; Output   ; -- ; --   ; --   ; -- ; (0)  ; (31)  ; --     ; --                     ; --                       ;
; resultMatrix[0][0][10] ; Output   ; -- ; --   ; --   ; -- ; (0)  ; (31)  ; --     ; --                     ; --                       ;
; resultMatrix[0][0][11] ; Output   ; -- ; --   ; --   ; -- ; (0)  ; (31)  ; --     ; --                     ; --                       ;
; clk                    ; Input    ; -- ; (0)  ; --   ; -- ; --   ; --    ; --     ; --                     ; --                       ;
; rst_n                  ; Input    ; -- ; --   ; (0)  ; -- ; --   ; --    ; --     ; --                     ; --                       ;
; matrixA[2][2][0]       ; Input    ; -- ; --   ; (0)  ; -- ; --   ; --    ; --     ; --                     ; --                       ;
; matrixA[2][1][0]       ; Input    ; -- ; (0)  ; --   ; -- ; --   ; --    ; --     ; --                     ; --                       ;
; matrixA[2][0][0]       ; Input    ; -- ; (0)  ; --   ; -- ; --   ; --    ; --     ; --                     ; --                       ;
; matrixA[2][2][1]       ; Input    ; -- ; (0)  ; --   ; -- ; --   ; --    ; --     ; --                     ; --                       ;
; matrixA[2][1][1]       ; Input    ; -- ; (0)  ; --   ; -- ; --   ; --    ; --     ; --                     ; --                       ;
; matrixA[2][0][1]       ; Input    ; -- ; (0)  ; --   ; -- ; --   ; --    ; --     ; --                     ; --                       ;
; matrixA[2][2][2]       ; Input    ; -- ; --   ; (0)  ; -- ; --   ; --    ; --     ; --                     ; --                       ;
; matrixA[2][1][2]       ; Input    ; -- ; (0)  ; --   ; -- ; --   ; --    ; --     ; --                     ; --                       ;
; matrixA[2][0][2]       ; Input    ; -- ; (0)  ; --   ; -- ; --   ; --    ; --     ; --                     ; --                       ;
; matrixA[2][2][3]       ; Input    ; -- ; --   ; (0)  ; -- ; --   ; --    ; --     ; --                     ; --                       ;
; matrixA[2][1][3]       ; Input    ; -- ; (0)  ; --   ; -- ; --   ; --    ; --     ; --                     ; --                       ;
; matrixA[2][0][3]       ; Input    ; -- ; (0)  ; --   ; -- ; --   ; --    ; --     ; --                     ; --                       ;
; matrixA[2][2][4]       ; Input    ; -- ; (0)  ; --   ; -- ; --   ; --    ; --     ; --                     ; --                       ;
; matrixA[2][1][4]       ; Input    ; -- ; (0)  ; --   ; -- ; --   ; --    ; --     ; --                     ; --                       ;
; matrixA[2][0][4]       ; Input    ; -- ; (0)  ; --   ; -- ; --   ; --    ; --     ; --                     ; --                       ;
; matrixA[2][2][5]       ; Input    ; -- ; --   ; (0)  ; -- ; --   ; --    ; --     ; --                     ; --                       ;
; matrixA[2][1][5]       ; Input    ; -- ; (0)  ; --   ; -- ; --   ; --    ; --     ; --                     ; --                       ;
; matrixA[2][0][5]       ; Input    ; -- ; --   ; (0)  ; -- ; --   ; --    ; --     ; --                     ; --                       ;
; matrixA[1][2][0]       ; Input    ; -- ; --   ; (0)  ; -- ; --   ; --    ; --     ; --                     ; --                       ;
; matrixA[1][0][0]       ; Input    ; -- ; --   ; (0)  ; -- ; --   ; --    ; --     ; --                     ; --                       ;
; matrixA[1][1][0]       ; Input    ; -- ; --   ; (0)  ; -- ; --   ; --    ; --     ; --                     ; --                       ;
; matrixA[1][2][1]       ; Input    ; -- ; (0)  ; --   ; -- ; --   ; --    ; --     ; --                     ; --                       ;
; matrixA[1][0][1]       ; Input    ; -- ; --   ; (0)  ; -- ; --   ; --    ; --     ; --                     ; --                       ;
; matrixA[1][1][1]       ; Input    ; -- ; --   ; (0)  ; -- ; --   ; --    ; --     ; --                     ; --                       ;
; matrixA[1][2][2]       ; Input    ; -- ; (0)  ; --   ; -- ; --   ; --    ; --     ; --                     ; --                       ;
; matrixA[1][0][2]       ; Input    ; -- ; --   ; (0)  ; -- ; --   ; --    ; --     ; --                     ; --                       ;
; matrixA[1][1][2]       ; Input    ; -- ; --   ; (0)  ; -- ; --   ; --    ; --     ; --                     ; --                       ;
; matrixA[1][2][3]       ; Input    ; -- ; --   ; (0)  ; -- ; --   ; --    ; --     ; --                     ; --                       ;
; matrixA[1][0][3]       ; Input    ; -- ; (0)  ; --   ; -- ; --   ; --    ; --     ; --                     ; --                       ;
; matrixA[1][1][3]       ; Input    ; -- ; (0)  ; --   ; -- ; --   ; --    ; --     ; --                     ; --                       ;
; matrixA[1][2][4]       ; Input    ; -- ; --   ; (0)  ; -- ; --   ; --    ; --     ; --                     ; --                       ;
; matrixA[1][0][4]       ; Input    ; -- ; --   ; (0)  ; -- ; --   ; --    ; --     ; --                     ; --                       ;
; matrixA[1][1][4]       ; Input    ; -- ; --   ; (0)  ; -- ; --   ; --    ; --     ; --                     ; --                       ;
; matrixA[1][2][5]       ; Input    ; -- ; (0)  ; --   ; -- ; --   ; --    ; --     ; --                     ; --                       ;
; matrixA[1][0][5]       ; Input    ; -- ; --   ; (0)  ; -- ; --   ; --    ; --     ; --                     ; --                       ;
; matrixA[1][1][5]       ; Input    ; -- ; (0)  ; --   ; -- ; --   ; --    ; --     ; --                     ; --                       ;
; matrixB[2][2][0]       ; Input    ; -- ; (0)  ; --   ; -- ; --   ; --    ; --     ; --                     ; --                       ;
; matrixB[1][2][0]       ; Input    ; -- ; --   ; (0)  ; -- ; --   ; --    ; --     ; --                     ; --                       ;
; matrixB[0][2][0]       ; Input    ; -- ; --   ; (0)  ; -- ; --   ; --    ; --     ; --                     ; --                       ;
; matrixB[2][2][1]       ; Input    ; -- ; --   ; (0)  ; -- ; --   ; --    ; --     ; --                     ; --                       ;
; matrixB[1][2][1]       ; Input    ; -- ; (0)  ; --   ; -- ; --   ; --    ; --     ; --                     ; --                       ;
; matrixB[0][2][1]       ; Input    ; -- ; --   ; (0)  ; -- ; --   ; --    ; --     ; --                     ; --                       ;
; matrixB[2][2][2]       ; Input    ; -- ; (0)  ; --   ; -- ; --   ; --    ; --     ; --                     ; --                       ;
; matrixB[1][2][2]       ; Input    ; -- ; --   ; (0)  ; -- ; --   ; --    ; --     ; --                     ; --                       ;
; matrixB[0][2][2]       ; Input    ; -- ; --   ; (0)  ; -- ; --   ; --    ; --     ; --                     ; --                       ;
; matrixB[2][2][3]       ; Input    ; -- ; --   ; (0)  ; -- ; --   ; --    ; --     ; --                     ; --                       ;
; matrixB[1][2][3]       ; Input    ; -- ; --   ; (0)  ; -- ; --   ; --    ; --     ; --                     ; --                       ;
; matrixB[0][2][3]       ; Input    ; -- ; (0)  ; --   ; -- ; --   ; --    ; --     ; --                     ; --                       ;
; matrixB[2][2][4]       ; Input    ; -- ; --   ; (0)  ; -- ; --   ; --    ; --     ; --                     ; --                       ;
; matrixB[1][2][4]       ; Input    ; -- ; --   ; (0)  ; -- ; --   ; --    ; --     ; --                     ; --                       ;
; matrixB[0][2][4]       ; Input    ; -- ; --   ; (0)  ; -- ; --   ; --    ; --     ; --                     ; --                       ;
; matrixB[2][2][5]       ; Input    ; -- ; --   ; (0)  ; -- ; --   ; --    ; --     ; --                     ; --                       ;
; matrixB[1][2][5]       ; Input    ; -- ; --   ; (0)  ; -- ; --   ; --    ; --     ; --                     ; --                       ;
; matrixB[0][2][5]       ; Input    ; -- ; --   ; (0)  ; -- ; --   ; --    ; --     ; --                     ; --                       ;
; matrixB[2][1][0]       ; Input    ; -- ; --   ; (0)  ; -- ; --   ; --    ; --     ; --                     ; --                       ;
; matrixB[0][1][0]       ; Input    ; -- ; (0)  ; --   ; -- ; --   ; --    ; --     ; --                     ; --                       ;
; matrixB[1][1][0]       ; Input    ; -- ; --   ; (0)  ; -- ; --   ; --    ; --     ; --                     ; --                       ;
; matrixB[2][1][1]       ; Input    ; -- ; --   ; (0)  ; -- ; --   ; --    ; --     ; --                     ; --                       ;
; matrixB[0][1][1]       ; Input    ; -- ; --   ; (0)  ; -- ; --   ; --    ; --     ; --                     ; --                       ;
; matrixB[1][1][1]       ; Input    ; -- ; (0)  ; --   ; -- ; --   ; --    ; --     ; --                     ; --                       ;
; matrixB[2][1][2]       ; Input    ; -- ; --   ; (0)  ; -- ; --   ; --    ; --     ; --                     ; --                       ;
; matrixB[0][1][2]       ; Input    ; -- ; --   ; (0)  ; -- ; --   ; --    ; --     ; --                     ; --                       ;
; matrixB[1][1][2]       ; Input    ; -- ; --   ; (0)  ; -- ; --   ; --    ; --     ; --                     ; --                       ;
; matrixB[2][1][3]       ; Input    ; -- ; (0)  ; --   ; -- ; --   ; --    ; --     ; --                     ; --                       ;
; matrixB[0][1][3]       ; Input    ; -- ; (0)  ; --   ; -- ; --   ; --    ; --     ; --                     ; --                       ;
; matrixB[1][1][3]       ; Input    ; -- ; --   ; (0)  ; -- ; --   ; --    ; --     ; --                     ; --                       ;
; matrixB[2][1][4]       ; Input    ; -- ; --   ; (0)  ; -- ; --   ; --    ; --     ; --                     ; --                       ;
; matrixB[0][1][4]       ; Input    ; -- ; (0)  ; --   ; -- ; --   ; --    ; --     ; --                     ; --                       ;
; matrixB[1][1][4]       ; Input    ; -- ; --   ; (0)  ; -- ; --   ; --    ; --     ; --                     ; --                       ;
; matrixB[2][1][5]       ; Input    ; -- ; (0)  ; --   ; -- ; --   ; --    ; --     ; --                     ; --                       ;
; matrixB[0][1][5]       ; Input    ; -- ; --   ; (0)  ; -- ; --   ; --    ; --     ; --                     ; --                       ;
; matrixB[1][1][5]       ; Input    ; -- ; --   ; (0)  ; -- ; --   ; --    ; --     ; --                     ; --                       ;
; matrixB[2][0][0]       ; Input    ; -- ; --   ; (0)  ; -- ; --   ; --    ; --     ; --                     ; --                       ;
; matrixB[1][0][0]       ; Input    ; -- ; --   ; (0)  ; -- ; --   ; --    ; --     ; --                     ; --                       ;
; matrixB[0][0][0]       ; Input    ; -- ; --   ; (0)  ; -- ; --   ; --    ; --     ; --                     ; --                       ;
; matrixB[2][0][1]       ; Input    ; -- ; --   ; (0)  ; -- ; --   ; --    ; --     ; --                     ; --                       ;
; matrixB[1][0][1]       ; Input    ; -- ; --   ; (0)  ; -- ; --   ; --    ; --     ; --                     ; --                       ;
; matrixB[0][0][1]       ; Input    ; -- ; (0)  ; --   ; -- ; --   ; --    ; --     ; --                     ; --                       ;
; matrixB[2][0][2]       ; Input    ; -- ; --   ; (0)  ; -- ; --   ; --    ; --     ; --                     ; --                       ;
; matrixB[1][0][2]       ; Input    ; -- ; --   ; (0)  ; -- ; --   ; --    ; --     ; --                     ; --                       ;
; matrixB[0][0][2]       ; Input    ; -- ; (0)  ; --   ; -- ; --   ; --    ; --     ; --                     ; --                       ;
; matrixB[2][0][3]       ; Input    ; -- ; --   ; (0)  ; -- ; --   ; --    ; --     ; --                     ; --                       ;
; matrixB[1][0][3]       ; Input    ; -- ; --   ; (0)  ; -- ; --   ; --    ; --     ; --                     ; --                       ;
; matrixB[0][0][3]       ; Input    ; -- ; (0)  ; --   ; -- ; --   ; --    ; --     ; --                     ; --                       ;
; matrixB[2][0][4]       ; Input    ; -- ; --   ; (0)  ; -- ; --   ; --    ; --     ; --                     ; --                       ;
; matrixB[1][0][4]       ; Input    ; -- ; (0)  ; --   ; -- ; --   ; --    ; --     ; --                     ; --                       ;
; matrixB[0][0][4]       ; Input    ; -- ; --   ; (0)  ; -- ; --   ; --    ; --     ; --                     ; --                       ;
; matrixB[2][0][5]       ; Input    ; -- ; --   ; (0)  ; -- ; --   ; --    ; --     ; --                     ; --                       ;
; matrixB[1][0][5]       ; Input    ; -- ; --   ; (0)  ; -- ; --   ; --    ; --     ; --                     ; --                       ;
; matrixB[0][0][5]       ; Input    ; -- ; --   ; (0)  ; -- ; --   ; --    ; --     ; --                     ; --                       ;
; matrixA[0][2][0]       ; Input    ; -- ; (0)  ; --   ; -- ; --   ; --    ; --     ; --                     ; --                       ;
; matrixA[0][1][0]       ; Input    ; -- ; --   ; (0)  ; -- ; --   ; --    ; --     ; --                     ; --                       ;
; matrixA[0][0][0]       ; Input    ; -- ; (0)  ; --   ; -- ; --   ; --    ; --     ; --                     ; --                       ;
; matrixA[0][2][1]       ; Input    ; -- ; (0)  ; --   ; -- ; --   ; --    ; --     ; --                     ; --                       ;
; matrixA[0][1][1]       ; Input    ; -- ; (0)  ; --   ; -- ; --   ; --    ; --     ; --                     ; --                       ;
; matrixA[0][0][1]       ; Input    ; -- ; --   ; (0)  ; -- ; --   ; --    ; --     ; --                     ; --                       ;
; matrixA[0][2][2]       ; Input    ; -- ; (0)  ; --   ; -- ; --   ; --    ; --     ; --                     ; --                       ;
; matrixA[0][1][2]       ; Input    ; -- ; (0)  ; --   ; -- ; --   ; --    ; --     ; --                     ; --                       ;
; matrixA[0][0][2]       ; Input    ; -- ; (0)  ; --   ; -- ; --   ; --    ; --     ; --                     ; --                       ;
; matrixA[0][2][3]       ; Input    ; -- ; (0)  ; --   ; -- ; --   ; --    ; --     ; --                     ; --                       ;
; matrixA[0][1][3]       ; Input    ; -- ; --   ; (0)  ; -- ; --   ; --    ; --     ; --                     ; --                       ;
; matrixA[0][0][3]       ; Input    ; -- ; --   ; (0)  ; -- ; --   ; --    ; --     ; --                     ; --                       ;
; matrixA[0][2][4]       ; Input    ; -- ; (0)  ; --   ; -- ; --   ; --    ; --     ; --                     ; --                       ;
; matrixA[0][1][4]       ; Input    ; -- ; --   ; (0)  ; -- ; --   ; --    ; --     ; --                     ; --                       ;
; matrixA[0][0][4]       ; Input    ; -- ; --   ; (0)  ; -- ; --   ; --    ; --     ; --                     ; --                       ;
; matrixA[0][2][5]       ; Input    ; -- ; (0)  ; --   ; -- ; --   ; --    ; --     ; --                     ; --                       ;
; matrixA[0][1][5]       ; Input    ; -- ; --   ; (0)  ; -- ; --   ; --    ; --     ; --                     ; --                       ;
; matrixA[0][0][5]       ; Input    ; -- ; --   ; (0)  ; -- ; --   ; --    ; --     ; --                     ; --                       ;
+------------------------+----------+----+------+------+----+------+-------+--------+------------------------+--------------------------+


+-----------------------------------------------------------------------------------------------------------------------------------+
; Pad To Core Delay Chain Fanout                                                                                                    ;
+-----------------------------------------------------------------------------------------------------+-------------------+---------+
; Source Pin / Fanout                                                                                 ; Pad To Core Index ; Setting ;
+-----------------------------------------------------------------------------------------------------+-------------------+---------+
; clk                                                                                                 ;                   ;         ;
; rst_n                                                                                               ;                   ;         ;
;      - dataOrchestrator:dataOrch|counter[1]                                                         ; 1                 ; 0       ;
;      - dataOrchestrator:dataOrch|counter[0]                                                         ; 1                 ; 0       ;
;      - dataOrchestrator:dataOrch|counter[3]                                                         ; 1                 ; 0       ;
;      - dataOrchestrator:dataOrch|counter[2]                                                         ; 1                 ; 0       ;
;      - dataOrchestrator:dataOrch|row[2][2]~1                                                        ; 1                 ; 0       ;
;      - dataOrchestrator:dataOrch|row[2][2]~2                                                        ; 1                 ; 0       ;
;      - dataOrchestrator:dataOrch|row[1][0]~9                                                        ; 1                 ; 0       ;
;      - dataOrchestrator:dataOrch|row[1][0]~10                                                       ; 1                 ; 0       ;
;      - dataOrchestrator:dataOrch|col[0][5]~13                                                       ; 1                 ; 0       ;
;      - dataOrchestrator:dataOrch|col[0][5]~14                                                       ; 1                 ; 0       ;
;      - systolicArray:systolicArr|multiplierBlock:row_loop[2].col_loop[1].mb|aOut[0]~SCLR_LUT        ; 1                 ; 0       ;
;      - systolicArray:systolicArr|multiplierBlock:row_loop[2].col_loop[1].mb|aOut[1]~SCLR_LUT        ; 1                 ; 0       ;
;      - systolicArray:systolicArr|multiplierBlock:row_loop[2].col_loop[1].mb|aOut[2]~SCLR_LUT        ; 1                 ; 0       ;
;      - systolicArray:systolicArr|multiplierBlock:row_loop[2].col_loop[1].mb|aOut[3]~SCLR_LUT        ; 1                 ; 0       ;
;      - systolicArray:systolicArr|multiplierBlock:row_loop[2].col_loop[1].mb|aOut[4]~SCLR_LUT        ; 1                 ; 0       ;
;      - systolicArray:systolicArr|multiplierBlock:row_loop[2].col_loop[1].mb|aOut[5]~SCLR_LUT        ; 1                 ; 0       ;
;      - systolicArray:systolicArr|multiplierBlock:row_loop[1].col_loop[1].mb|aOut[0]~SCLR_LUT        ; 1                 ; 0       ;
;      - systolicArray:systolicArr|multiplierBlock:row_loop[1].col_loop[1].mb|aOut[1]~SCLR_LUT        ; 1                 ; 0       ;
;      - systolicArray:systolicArr|multiplierBlock:row_loop[1].col_loop[1].mb|aOut[2]~SCLR_LUT        ; 1                 ; 0       ;
;      - systolicArray:systolicArr|multiplierBlock:row_loop[1].col_loop[1].mb|aOut[3]~SCLR_LUT        ; 1                 ; 0       ;
;      - systolicArray:systolicArr|multiplierBlock:row_loop[1].col_loop[1].mb|aOut[4]~SCLR_LUT        ; 1                 ; 0       ;
;      - systolicArray:systolicArr|multiplierBlock:row_loop[1].col_loop[1].mb|aOut[5]~SCLR_LUT        ; 1                 ; 0       ;
;      - systolicArray:systolicArr|multiplierBlock:row_loop[0].col_loop[1].mb|aOut[0]~SCLR_LUT        ; 1                 ; 0       ;
;      - systolicArray:systolicArr|multiplierBlock:row_loop[0].col_loop[1].mb|aOut[1]~SCLR_LUT        ; 1                 ; 0       ;
;      - systolicArray:systolicArr|multiplierBlock:row_loop[0].col_loop[1].mb|aOut[2]~SCLR_LUT        ; 1                 ; 0       ;
;      - systolicArray:systolicArr|multiplierBlock:row_loop[0].col_loop[1].mb|aOut[3]~SCLR_LUT        ; 1                 ; 0       ;
;      - systolicArray:systolicArr|multiplierBlock:row_loop[0].col_loop[1].mb|aOut[4]~SCLR_LUT        ; 1                 ; 0       ;
;      - systolicArray:systolicArr|multiplierBlock:row_loop[0].col_loop[1].mb|aOut[5]~SCLR_LUT        ; 1                 ; 0       ;
;      - systolicArray:systolicArr|multiplierBlock:row_loop[1].col_loop[2].mb|bOut[0]~SCLR_LUT        ; 1                 ; 0       ;
;      - systolicArray:systolicArr|multiplierBlock:row_loop[1].col_loop[2].mb|bOut[1]~SCLR_LUT        ; 1                 ; 0       ;
;      - systolicArray:systolicArr|multiplierBlock:row_loop[1].col_loop[2].mb|bOut[2]~SCLR_LUT        ; 1                 ; 0       ;
;      - systolicArray:systolicArr|multiplierBlock:row_loop[1].col_loop[2].mb|bOut[3]~SCLR_LUT        ; 1                 ; 0       ;
;      - systolicArray:systolicArr|multiplierBlock:row_loop[1].col_loop[2].mb|bOut[4]~SCLR_LUT        ; 1                 ; 0       ;
;      - systolicArray:systolicArr|multiplierBlock:row_loop[1].col_loop[2].mb|bOut[5]~SCLR_LUT        ; 1                 ; 0       ;
;      - systolicArray:systolicArr|multiplierBlock:row_loop[1].col_loop[1].mb|bOut[0]~SCLR_LUT        ; 1                 ; 0       ;
;      - systolicArray:systolicArr|multiplierBlock:row_loop[1].col_loop[1].mb|bOut[1]~SCLR_LUT        ; 1                 ; 0       ;
;      - systolicArray:systolicArr|multiplierBlock:row_loop[1].col_loop[1].mb|bOut[2]~SCLR_LUT        ; 1                 ; 0       ;
;      - systolicArray:systolicArr|multiplierBlock:row_loop[1].col_loop[1].mb|bOut[3]~SCLR_LUT        ; 1                 ; 0       ;
;      - systolicArray:systolicArr|multiplierBlock:row_loop[1].col_loop[1].mb|bOut[4]~SCLR_LUT        ; 1                 ; 0       ;
;      - systolicArray:systolicArr|multiplierBlock:row_loop[1].col_loop[1].mb|bOut[5]~SCLR_LUT        ; 1                 ; 0       ;
;      - systolicArray:systolicArr|multiplierBlock:row_loop[1].col_loop[0].mb|bOut[0]~SCLR_LUT        ; 1                 ; 0       ;
;      - systolicArray:systolicArr|multiplierBlock:row_loop[1].col_loop[0].mb|bOut[1]~SCLR_LUT        ; 1                 ; 0       ;
;      - systolicArray:systolicArr|multiplierBlock:row_loop[1].col_loop[0].mb|bOut[2]~SCLR_LUT        ; 1                 ; 0       ;
;      - systolicArray:systolicArr|multiplierBlock:row_loop[1].col_loop[0].mb|bOut[3]~SCLR_LUT        ; 1                 ; 0       ;
;      - systolicArray:systolicArr|multiplierBlock:row_loop[1].col_loop[0].mb|bOut[4]~SCLR_LUT        ; 1                 ; 0       ;
;      - systolicArray:systolicArr|multiplierBlock:row_loop[1].col_loop[0].mb|bOut[5]~SCLR_LUT        ; 1                 ; 0       ;
;      - systolicArray:systolicArr|multiplierBlock:row_loop[2].col_loop[2].mb|partialSum[18]~SCLR_LUT ; 1                 ; 0       ;
;      - systolicArray:systolicArr|multiplierBlock:row_loop[2].col_loop[2].mb|partialSum[19]~SCLR_LUT ; 1                 ; 0       ;
;      - systolicArray:systolicArr|multiplierBlock:row_loop[2].col_loop[2].mb|partialSum[20]~SCLR_LUT ; 1                 ; 0       ;
;      - systolicArray:systolicArr|multiplierBlock:row_loop[2].col_loop[2].mb|partialSum[21]~SCLR_LUT ; 1                 ; 0       ;
;      - systolicArray:systolicArr|multiplierBlock:row_loop[2].col_loop[2].mb|partialSum[22]~SCLR_LUT ; 1                 ; 0       ;
;      - systolicArray:systolicArr|multiplierBlock:row_loop[2].col_loop[2].mb|partialSum[23]~SCLR_LUT ; 1                 ; 0       ;
;      - systolicArray:systolicArr|multiplierBlock:row_loop[2].col_loop[2].mb|partialSum[24]~SCLR_LUT ; 1                 ; 0       ;
;      - systolicArray:systolicArr|multiplierBlock:row_loop[2].col_loop[2].mb|partialSum[25]~SCLR_LUT ; 1                 ; 0       ;
;      - systolicArray:systolicArr|multiplierBlock:row_loop[2].col_loop[2].mb|partialSum[26]~SCLR_LUT ; 1                 ; 0       ;
;      - systolicArray:systolicArr|multiplierBlock:row_loop[2].col_loop[2].mb|partialSum[27]~SCLR_LUT ; 1                 ; 0       ;
;      - systolicArray:systolicArr|multiplierBlock:row_loop[2].col_loop[2].mb|partialSum[28]~SCLR_LUT ; 1                 ; 0       ;
;      - systolicArray:systolicArr|multiplierBlock:row_loop[2].col_loop[2].mb|partialSum[29]~SCLR_LUT ; 1                 ; 0       ;
;      - systolicArray:systolicArr|multiplierBlock:row_loop[2].col_loop[2].mb|partialSum[30]~SCLR_LUT ; 1                 ; 0       ;
;      - systolicArray:systolicArr|multiplierBlock:row_loop[2].col_loop[2].mb|partialSum[31]~SCLR_LUT ; 1                 ; 0       ;
;      - systolicArray:systolicArr|multiplierBlock:row_loop[2].col_loop[1].mb|partialSum[18]~SCLR_LUT ; 1                 ; 0       ;
;      - systolicArray:systolicArr|multiplierBlock:row_loop[2].col_loop[1].mb|partialSum[19]~SCLR_LUT ; 1                 ; 0       ;
;      - systolicArray:systolicArr|multiplierBlock:row_loop[2].col_loop[1].mb|partialSum[20]~SCLR_LUT ; 1                 ; 0       ;
;      - systolicArray:systolicArr|multiplierBlock:row_loop[2].col_loop[1].mb|partialSum[21]~SCLR_LUT ; 1                 ; 0       ;
;      - systolicArray:systolicArr|multiplierBlock:row_loop[2].col_loop[1].mb|partialSum[22]~SCLR_LUT ; 1                 ; 0       ;
;      - systolicArray:systolicArr|multiplierBlock:row_loop[2].col_loop[1].mb|partialSum[23]~SCLR_LUT ; 1                 ; 0       ;
;      - systolicArray:systolicArr|multiplierBlock:row_loop[2].col_loop[1].mb|partialSum[24]~SCLR_LUT ; 1                 ; 0       ;
;      - systolicArray:systolicArr|multiplierBlock:row_loop[2].col_loop[1].mb|partialSum[25]~SCLR_LUT ; 1                 ; 0       ;
;      - systolicArray:systolicArr|multiplierBlock:row_loop[2].col_loop[1].mb|partialSum[26]~SCLR_LUT ; 1                 ; 0       ;
;      - systolicArray:systolicArr|multiplierBlock:row_loop[2].col_loop[1].mb|partialSum[27]~SCLR_LUT ; 1                 ; 0       ;
;      - systolicArray:systolicArr|multiplierBlock:row_loop[2].col_loop[1].mb|partialSum[28]~SCLR_LUT ; 1                 ; 0       ;
;      - systolicArray:systolicArr|multiplierBlock:row_loop[2].col_loop[1].mb|partialSum[29]~SCLR_LUT ; 1                 ; 0       ;
;      - systolicArray:systolicArr|multiplierBlock:row_loop[2].col_loop[1].mb|partialSum[30]~SCLR_LUT ; 1                 ; 0       ;
;      - systolicArray:systolicArr|multiplierBlock:row_loop[2].col_loop[1].mb|partialSum[31]~SCLR_LUT ; 1                 ; 0       ;
;      - systolicArray:systolicArr|multiplierBlock:row_loop[2].col_loop[0].mb|partialSum[18]~SCLR_LUT ; 1                 ; 0       ;
;      - systolicArray:systolicArr|multiplierBlock:row_loop[2].col_loop[0].mb|partialSum[19]~SCLR_LUT ; 1                 ; 0       ;
;      - systolicArray:systolicArr|multiplierBlock:row_loop[2].col_loop[0].mb|partialSum[20]~SCLR_LUT ; 1                 ; 0       ;
;      - systolicArray:systolicArr|multiplierBlock:row_loop[2].col_loop[0].mb|partialSum[21]~SCLR_LUT ; 1                 ; 0       ;
;      - systolicArray:systolicArr|multiplierBlock:row_loop[2].col_loop[0].mb|partialSum[22]~SCLR_LUT ; 1                 ; 0       ;
;      - systolicArray:systolicArr|multiplierBlock:row_loop[2].col_loop[0].mb|partialSum[23]~SCLR_LUT ; 1                 ; 0       ;
;      - systolicArray:systolicArr|multiplierBlock:row_loop[2].col_loop[0].mb|partialSum[24]~SCLR_LUT ; 1                 ; 0       ;
;      - systolicArray:systolicArr|multiplierBlock:row_loop[2].col_loop[0].mb|partialSum[25]~SCLR_LUT ; 1                 ; 0       ;
;      - systolicArray:systolicArr|multiplierBlock:row_loop[2].col_loop[0].mb|partialSum[26]~SCLR_LUT ; 1                 ; 0       ;
;      - systolicArray:systolicArr|multiplierBlock:row_loop[2].col_loop[0].mb|partialSum[27]~SCLR_LUT ; 1                 ; 0       ;
;      - systolicArray:systolicArr|multiplierBlock:row_loop[2].col_loop[0].mb|partialSum[28]~SCLR_LUT ; 1                 ; 0       ;
;      - systolicArray:systolicArr|multiplierBlock:row_loop[2].col_loop[0].mb|partialSum[29]~SCLR_LUT ; 1                 ; 0       ;
;      - systolicArray:systolicArr|multiplierBlock:row_loop[2].col_loop[0].mb|partialSum[30]~SCLR_LUT ; 1                 ; 0       ;
;      - systolicArray:systolicArr|multiplierBlock:row_loop[2].col_loop[0].mb|partialSum[31]~SCLR_LUT ; 1                 ; 0       ;
;      - systolicArray:systolicArr|multiplierBlock:row_loop[1].col_loop[2].mb|partialSum[18]~SCLR_LUT ; 1                 ; 0       ;
;      - systolicArray:systolicArr|multiplierBlock:row_loop[1].col_loop[2].mb|partialSum[19]~SCLR_LUT ; 1                 ; 0       ;
;      - systolicArray:systolicArr|multiplierBlock:row_loop[1].col_loop[2].mb|partialSum[20]~SCLR_LUT ; 1                 ; 0       ;
;      - systolicArray:systolicArr|multiplierBlock:row_loop[1].col_loop[2].mb|partialSum[21]~SCLR_LUT ; 1                 ; 0       ;
;      - systolicArray:systolicArr|multiplierBlock:row_loop[1].col_loop[2].mb|partialSum[22]~SCLR_LUT ; 1                 ; 0       ;
;      - systolicArray:systolicArr|multiplierBlock:row_loop[1].col_loop[2].mb|partialSum[23]~SCLR_LUT ; 1                 ; 0       ;
;      - systolicArray:systolicArr|multiplierBlock:row_loop[1].col_loop[2].mb|partialSum[24]~SCLR_LUT ; 1                 ; 0       ;
;      - systolicArray:systolicArr|multiplierBlock:row_loop[1].col_loop[2].mb|partialSum[25]~SCLR_LUT ; 1                 ; 0       ;
;      - systolicArray:systolicArr|multiplierBlock:row_loop[1].col_loop[2].mb|partialSum[26]~SCLR_LUT ; 1                 ; 0       ;
;      - systolicArray:systolicArr|multiplierBlock:row_loop[1].col_loop[2].mb|partialSum[27]~SCLR_LUT ; 1                 ; 0       ;
;      - systolicArray:systolicArr|multiplierBlock:row_loop[1].col_loop[2].mb|partialSum[28]~SCLR_LUT ; 1                 ; 0       ;
;      - systolicArray:systolicArr|multiplierBlock:row_loop[1].col_loop[2].mb|partialSum[29]~SCLR_LUT ; 1                 ; 0       ;
;      - systolicArray:systolicArr|multiplierBlock:row_loop[1].col_loop[2].mb|partialSum[30]~SCLR_LUT ; 1                 ; 0       ;
;      - systolicArray:systolicArr|multiplierBlock:row_loop[1].col_loop[2].mb|partialSum[31]~SCLR_LUT ; 1                 ; 0       ;
;      - systolicArray:systolicArr|multiplierBlock:row_loop[1].col_loop[1].mb|partialSum[18]~SCLR_LUT ; 1                 ; 0       ;
;      - systolicArray:systolicArr|multiplierBlock:row_loop[1].col_loop[1].mb|partialSum[19]~SCLR_LUT ; 1                 ; 0       ;
;      - systolicArray:systolicArr|multiplierBlock:row_loop[1].col_loop[1].mb|partialSum[20]~SCLR_LUT ; 1                 ; 0       ;
;      - systolicArray:systolicArr|multiplierBlock:row_loop[1].col_loop[1].mb|partialSum[21]~SCLR_LUT ; 1                 ; 0       ;
;      - systolicArray:systolicArr|multiplierBlock:row_loop[1].col_loop[1].mb|partialSum[22]~SCLR_LUT ; 1                 ; 0       ;
;      - systolicArray:systolicArr|multiplierBlock:row_loop[1].col_loop[1].mb|partialSum[23]~SCLR_LUT ; 1                 ; 0       ;
;      - systolicArray:systolicArr|multiplierBlock:row_loop[1].col_loop[1].mb|partialSum[24]~SCLR_LUT ; 1                 ; 0       ;
;      - systolicArray:systolicArr|multiplierBlock:row_loop[1].col_loop[1].mb|partialSum[25]~SCLR_LUT ; 1                 ; 0       ;
;      - systolicArray:systolicArr|multiplierBlock:row_loop[1].col_loop[1].mb|partialSum[26]~SCLR_LUT ; 1                 ; 0       ;
;      - systolicArray:systolicArr|multiplierBlock:row_loop[1].col_loop[1].mb|partialSum[27]~SCLR_LUT ; 1                 ; 0       ;
;      - systolicArray:systolicArr|multiplierBlock:row_loop[1].col_loop[1].mb|partialSum[28]~SCLR_LUT ; 1                 ; 0       ;
;      - systolicArray:systolicArr|multiplierBlock:row_loop[1].col_loop[1].mb|partialSum[29]~SCLR_LUT ; 1                 ; 0       ;
;      - systolicArray:systolicArr|multiplierBlock:row_loop[1].col_loop[1].mb|partialSum[30]~SCLR_LUT ; 1                 ; 0       ;
;      - systolicArray:systolicArr|multiplierBlock:row_loop[1].col_loop[1].mb|partialSum[31]~SCLR_LUT ; 1                 ; 0       ;
;      - systolicArray:systolicArr|multiplierBlock:row_loop[1].col_loop[0].mb|partialSum[18]~SCLR_LUT ; 1                 ; 0       ;
;      - systolicArray:systolicArr|multiplierBlock:row_loop[1].col_loop[0].mb|partialSum[19]~SCLR_LUT ; 1                 ; 0       ;
;      - systolicArray:systolicArr|multiplierBlock:row_loop[1].col_loop[0].mb|partialSum[20]~SCLR_LUT ; 1                 ; 0       ;
;      - systolicArray:systolicArr|multiplierBlock:row_loop[1].col_loop[0].mb|partialSum[21]~SCLR_LUT ; 1                 ; 0       ;
;      - systolicArray:systolicArr|multiplierBlock:row_loop[1].col_loop[0].mb|partialSum[22]~SCLR_LUT ; 1                 ; 0       ;
;      - systolicArray:systolicArr|multiplierBlock:row_loop[1].col_loop[0].mb|partialSum[23]~SCLR_LUT ; 1                 ; 0       ;
;      - systolicArray:systolicArr|multiplierBlock:row_loop[1].col_loop[0].mb|partialSum[24]~SCLR_LUT ; 1                 ; 0       ;
;      - systolicArray:systolicArr|multiplierBlock:row_loop[1].col_loop[0].mb|partialSum[25]~SCLR_LUT ; 1                 ; 0       ;
;      - systolicArray:systolicArr|multiplierBlock:row_loop[1].col_loop[0].mb|partialSum[26]~SCLR_LUT ; 1                 ; 0       ;
;      - systolicArray:systolicArr|multiplierBlock:row_loop[1].col_loop[0].mb|partialSum[27]~SCLR_LUT ; 1                 ; 0       ;
;      - systolicArray:systolicArr|multiplierBlock:row_loop[1].col_loop[0].mb|partialSum[28]~SCLR_LUT ; 1                 ; 0       ;
;      - systolicArray:systolicArr|multiplierBlock:row_loop[1].col_loop[0].mb|partialSum[29]~SCLR_LUT ; 1                 ; 0       ;
;      - systolicArray:systolicArr|multiplierBlock:row_loop[1].col_loop[0].mb|partialSum[30]~SCLR_LUT ; 1                 ; 0       ;
;      - systolicArray:systolicArr|multiplierBlock:row_loop[1].col_loop[0].mb|partialSum[31]~SCLR_LUT ; 1                 ; 0       ;
;      - systolicArray:systolicArr|multiplierBlock:row_loop[0].col_loop[2].mb|partialSum[18]~SCLR_LUT ; 1                 ; 0       ;
;      - systolicArray:systolicArr|multiplierBlock:row_loop[0].col_loop[2].mb|partialSum[19]~SCLR_LUT ; 1                 ; 0       ;
;      - systolicArray:systolicArr|multiplierBlock:row_loop[0].col_loop[2].mb|partialSum[20]~SCLR_LUT ; 1                 ; 0       ;
;      - systolicArray:systolicArr|multiplierBlock:row_loop[0].col_loop[2].mb|partialSum[21]~SCLR_LUT ; 1                 ; 0       ;
;      - systolicArray:systolicArr|multiplierBlock:row_loop[0].col_loop[2].mb|partialSum[22]~SCLR_LUT ; 1                 ; 0       ;
;      - systolicArray:systolicArr|multiplierBlock:row_loop[0].col_loop[2].mb|partialSum[23]~SCLR_LUT ; 1                 ; 0       ;
;      - systolicArray:systolicArr|multiplierBlock:row_loop[0].col_loop[2].mb|partialSum[24]~SCLR_LUT ; 1                 ; 0       ;
;      - systolicArray:systolicArr|multiplierBlock:row_loop[0].col_loop[2].mb|partialSum[25]~SCLR_LUT ; 1                 ; 0       ;
;      - systolicArray:systolicArr|multiplierBlock:row_loop[0].col_loop[2].mb|partialSum[26]~SCLR_LUT ; 1                 ; 0       ;
;      - systolicArray:systolicArr|multiplierBlock:row_loop[0].col_loop[2].mb|partialSum[27]~SCLR_LUT ; 1                 ; 0       ;
;      - systolicArray:systolicArr|multiplierBlock:row_loop[0].col_loop[2].mb|partialSum[28]~SCLR_LUT ; 1                 ; 0       ;
;      - systolicArray:systolicArr|multiplierBlock:row_loop[0].col_loop[2].mb|partialSum[29]~SCLR_LUT ; 1                 ; 0       ;
;      - systolicArray:systolicArr|multiplierBlock:row_loop[0].col_loop[2].mb|partialSum[30]~SCLR_LUT ; 1                 ; 0       ;
;      - systolicArray:systolicArr|multiplierBlock:row_loop[0].col_loop[2].mb|partialSum[31]~SCLR_LUT ; 1                 ; 0       ;
;      - systolicArray:systolicArr|multiplierBlock:row_loop[0].col_loop[1].mb|partialSum[18]~SCLR_LUT ; 1                 ; 0       ;
;      - systolicArray:systolicArr|multiplierBlock:row_loop[0].col_loop[1].mb|partialSum[19]~SCLR_LUT ; 1                 ; 0       ;
;      - systolicArray:systolicArr|multiplierBlock:row_loop[0].col_loop[1].mb|partialSum[20]~SCLR_LUT ; 1                 ; 0       ;
;      - systolicArray:systolicArr|multiplierBlock:row_loop[0].col_loop[1].mb|partialSum[21]~SCLR_LUT ; 1                 ; 0       ;
;      - systolicArray:systolicArr|multiplierBlock:row_loop[0].col_loop[1].mb|partialSum[22]~SCLR_LUT ; 1                 ; 0       ;
;      - systolicArray:systolicArr|multiplierBlock:row_loop[0].col_loop[1].mb|partialSum[23]~SCLR_LUT ; 1                 ; 0       ;
;      - systolicArray:systolicArr|multiplierBlock:row_loop[0].col_loop[1].mb|partialSum[24]~SCLR_LUT ; 1                 ; 0       ;
;      - systolicArray:systolicArr|multiplierBlock:row_loop[0].col_loop[1].mb|partialSum[25]~SCLR_LUT ; 1                 ; 0       ;
;      - systolicArray:systolicArr|multiplierBlock:row_loop[0].col_loop[1].mb|partialSum[26]~SCLR_LUT ; 1                 ; 0       ;
;      - systolicArray:systolicArr|multiplierBlock:row_loop[0].col_loop[1].mb|partialSum[27]~SCLR_LUT ; 1                 ; 0       ;
;      - systolicArray:systolicArr|multiplierBlock:row_loop[0].col_loop[1].mb|partialSum[28]~SCLR_LUT ; 1                 ; 0       ;
;      - systolicArray:systolicArr|multiplierBlock:row_loop[0].col_loop[1].mb|partialSum[29]~SCLR_LUT ; 1                 ; 0       ;
;      - systolicArray:systolicArr|multiplierBlock:row_loop[0].col_loop[1].mb|partialSum[30]~SCLR_LUT ; 1                 ; 0       ;
;      - systolicArray:systolicArr|multiplierBlock:row_loop[0].col_loop[1].mb|partialSum[31]~SCLR_LUT ; 1                 ; 0       ;
;      - systolicArray:systolicArr|multiplierBlock:row_loop[0].col_loop[0].mb|partialSum[18]~SCLR_LUT ; 1                 ; 0       ;
;      - systolicArray:systolicArr|multiplierBlock:row_loop[0].col_loop[0].mb|partialSum[19]~SCLR_LUT ; 1                 ; 0       ;
;      - systolicArray:systolicArr|multiplierBlock:row_loop[0].col_loop[0].mb|partialSum[20]~SCLR_LUT ; 1                 ; 0       ;
;      - systolicArray:systolicArr|multiplierBlock:row_loop[0].col_loop[0].mb|partialSum[21]~SCLR_LUT ; 1                 ; 0       ;
;      - systolicArray:systolicArr|multiplierBlock:row_loop[0].col_loop[0].mb|partialSum[22]~SCLR_LUT ; 1                 ; 0       ;
;      - systolicArray:systolicArr|multiplierBlock:row_loop[0].col_loop[0].mb|partialSum[23]~SCLR_LUT ; 1                 ; 0       ;
;      - systolicArray:systolicArr|multiplierBlock:row_loop[0].col_loop[0].mb|partialSum[24]~SCLR_LUT ; 1                 ; 0       ;
;      - systolicArray:systolicArr|multiplierBlock:row_loop[0].col_loop[0].mb|partialSum[25]~SCLR_LUT ; 1                 ; 0       ;
;      - systolicArray:systolicArr|multiplierBlock:row_loop[0].col_loop[0].mb|partialSum[26]~SCLR_LUT ; 1                 ; 0       ;
;      - systolicArray:systolicArr|multiplierBlock:row_loop[0].col_loop[0].mb|partialSum[27]~SCLR_LUT ; 1                 ; 0       ;
;      - systolicArray:systolicArr|multiplierBlock:row_loop[0].col_loop[0].mb|partialSum[28]~SCLR_LUT ; 1                 ; 0       ;
;      - systolicArray:systolicArr|multiplierBlock:row_loop[0].col_loop[0].mb|partialSum[29]~SCLR_LUT ; 1                 ; 0       ;
;      - systolicArray:systolicArr|multiplierBlock:row_loop[0].col_loop[0].mb|partialSum[30]~SCLR_LUT ; 1                 ; 0       ;
;      - systolicArray:systolicArr|multiplierBlock:row_loop[0].col_loop[0].mb|partialSum[31]~SCLR_LUT ; 1                 ; 0       ;
;      - systolicArray:systolicArr|multiplierBlock:row_loop[2].col_loop[2].mb|partialSum[0]~SCLR_LUT  ; 1                 ; 0       ;
;      - systolicArray:systolicArr|multiplierBlock:row_loop[2].col_loop[2].mb|partialSum[1]~SCLR_LUT  ; 1                 ; 0       ;
;      - systolicArray:systolicArr|multiplierBlock:row_loop[2].col_loop[2].mb|partialSum[2]~SCLR_LUT  ; 1                 ; 0       ;
;      - systolicArray:systolicArr|multiplierBlock:row_loop[2].col_loop[2].mb|partialSum[3]~SCLR_LUT  ; 1                 ; 0       ;
;      - systolicArray:systolicArr|multiplierBlock:row_loop[2].col_loop[2].mb|partialSum[4]~SCLR_LUT  ; 1                 ; 0       ;
;      - systolicArray:systolicArr|multiplierBlock:row_loop[2].col_loop[2].mb|partialSum[5]~SCLR_LUT  ; 1                 ; 0       ;
;      - systolicArray:systolicArr|multiplierBlock:row_loop[2].col_loop[2].mb|partialSum[6]~SCLR_LUT  ; 1                 ; 0       ;
;      - systolicArray:systolicArr|multiplierBlock:row_loop[2].col_loop[2].mb|partialSum[7]~SCLR_LUT  ; 1                 ; 0       ;
;      - systolicArray:systolicArr|multiplierBlock:row_loop[2].col_loop[2].mb|partialSum[8]~SCLR_LUT  ; 1                 ; 0       ;
;      - systolicArray:systolicArr|multiplierBlock:row_loop[2].col_loop[2].mb|partialSum[9]~SCLR_LUT  ; 1                 ; 0       ;
;      - systolicArray:systolicArr|multiplierBlock:row_loop[2].col_loop[2].mb|partialSum[10]~SCLR_LUT ; 1                 ; 0       ;
;      - systolicArray:systolicArr|multiplierBlock:row_loop[2].col_loop[2].mb|partialSum[11]~SCLR_LUT ; 1                 ; 0       ;
;      - systolicArray:systolicArr|multiplierBlock:row_loop[2].col_loop[2].mb|partialSum[12]~SCLR_LUT ; 1                 ; 0       ;
;      - systolicArray:systolicArr|multiplierBlock:row_loop[2].col_loop[2].mb|partialSum[13]~SCLR_LUT ; 1                 ; 0       ;
;      - systolicArray:systolicArr|multiplierBlock:row_loop[2].col_loop[2].mb|partialSum[14]~SCLR_LUT ; 1                 ; 0       ;
;      - systolicArray:systolicArr|multiplierBlock:row_loop[2].col_loop[2].mb|partialSum[15]~SCLR_LUT ; 1                 ; 0       ;
;      - systolicArray:systolicArr|multiplierBlock:row_loop[2].col_loop[2].mb|partialSum[16]~SCLR_LUT ; 1                 ; 0       ;
;      - systolicArray:systolicArr|multiplierBlock:row_loop[2].col_loop[2].mb|partialSum[17]~SCLR_LUT ; 1                 ; 0       ;
;      - systolicArray:systolicArr|multiplierBlock:row_loop[2].col_loop[1].mb|partialSum[0]~SCLR_LUT  ; 1                 ; 0       ;
;      - systolicArray:systolicArr|multiplierBlock:row_loop[2].col_loop[1].mb|partialSum[1]~SCLR_LUT  ; 1                 ; 0       ;
;      - systolicArray:systolicArr|multiplierBlock:row_loop[2].col_loop[1].mb|partialSum[2]~SCLR_LUT  ; 1                 ; 0       ;
;      - systolicArray:systolicArr|multiplierBlock:row_loop[2].col_loop[1].mb|partialSum[3]~SCLR_LUT  ; 1                 ; 0       ;
;      - systolicArray:systolicArr|multiplierBlock:row_loop[2].col_loop[1].mb|partialSum[4]~SCLR_LUT  ; 1                 ; 0       ;
;      - systolicArray:systolicArr|multiplierBlock:row_loop[2].col_loop[1].mb|partialSum[5]~SCLR_LUT  ; 1                 ; 0       ;
;      - systolicArray:systolicArr|multiplierBlock:row_loop[2].col_loop[1].mb|partialSum[6]~SCLR_LUT  ; 1                 ; 0       ;
;      - systolicArray:systolicArr|multiplierBlock:row_loop[2].col_loop[1].mb|partialSum[7]~SCLR_LUT  ; 1                 ; 0       ;
;      - systolicArray:systolicArr|multiplierBlock:row_loop[2].col_loop[1].mb|partialSum[8]~SCLR_LUT  ; 1                 ; 0       ;
;      - systolicArray:systolicArr|multiplierBlock:row_loop[2].col_loop[1].mb|partialSum[9]~SCLR_LUT  ; 1                 ; 0       ;
;      - systolicArray:systolicArr|multiplierBlock:row_loop[2].col_loop[1].mb|partialSum[10]~SCLR_LUT ; 1                 ; 0       ;
;      - systolicArray:systolicArr|multiplierBlock:row_loop[2].col_loop[1].mb|partialSum[11]~SCLR_LUT ; 1                 ; 0       ;
;      - systolicArray:systolicArr|multiplierBlock:row_loop[2].col_loop[1].mb|partialSum[12]~SCLR_LUT ; 1                 ; 0       ;
;      - systolicArray:systolicArr|multiplierBlock:row_loop[2].col_loop[1].mb|partialSum[13]~SCLR_LUT ; 1                 ; 0       ;
;      - systolicArray:systolicArr|multiplierBlock:row_loop[2].col_loop[1].mb|partialSum[14]~SCLR_LUT ; 1                 ; 0       ;
;      - systolicArray:systolicArr|multiplierBlock:row_loop[2].col_loop[1].mb|partialSum[15]~SCLR_LUT ; 1                 ; 0       ;
;      - systolicArray:systolicArr|multiplierBlock:row_loop[2].col_loop[1].mb|partialSum[16]~SCLR_LUT ; 1                 ; 0       ;
;      - systolicArray:systolicArr|multiplierBlock:row_loop[2].col_loop[1].mb|partialSum[17]~SCLR_LUT ; 1                 ; 0       ;
;      - systolicArray:systolicArr|multiplierBlock:row_loop[2].col_loop[0].mb|partialSum[0]~SCLR_LUT  ; 1                 ; 0       ;
;      - systolicArray:systolicArr|multiplierBlock:row_loop[2].col_loop[0].mb|partialSum[1]~SCLR_LUT  ; 1                 ; 0       ;
;      - systolicArray:systolicArr|multiplierBlock:row_loop[2].col_loop[0].mb|partialSum[2]~SCLR_LUT  ; 1                 ; 0       ;
;      - systolicArray:systolicArr|multiplierBlock:row_loop[2].col_loop[0].mb|partialSum[3]~SCLR_LUT  ; 1                 ; 0       ;
;      - systolicArray:systolicArr|multiplierBlock:row_loop[2].col_loop[0].mb|partialSum[4]~SCLR_LUT  ; 1                 ; 0       ;
;      - systolicArray:systolicArr|multiplierBlock:row_loop[2].col_loop[0].mb|partialSum[5]~SCLR_LUT  ; 1                 ; 0       ;
;      - systolicArray:systolicArr|multiplierBlock:row_loop[2].col_loop[0].mb|partialSum[6]~SCLR_LUT  ; 1                 ; 0       ;
;      - systolicArray:systolicArr|multiplierBlock:row_loop[2].col_loop[0].mb|partialSum[7]~SCLR_LUT  ; 1                 ; 0       ;
;      - systolicArray:systolicArr|multiplierBlock:row_loop[2].col_loop[0].mb|partialSum[8]~SCLR_LUT  ; 1                 ; 0       ;
;      - systolicArray:systolicArr|multiplierBlock:row_loop[2].col_loop[0].mb|partialSum[9]~SCLR_LUT  ; 1                 ; 0       ;
;      - systolicArray:systolicArr|multiplierBlock:row_loop[2].col_loop[0].mb|partialSum[10]~SCLR_LUT ; 1                 ; 0       ;
;      - systolicArray:systolicArr|multiplierBlock:row_loop[2].col_loop[0].mb|partialSum[11]~SCLR_LUT ; 1                 ; 0       ;
;      - systolicArray:systolicArr|multiplierBlock:row_loop[2].col_loop[0].mb|partialSum[12]~SCLR_LUT ; 1                 ; 0       ;
;      - systolicArray:systolicArr|multiplierBlock:row_loop[2].col_loop[0].mb|partialSum[13]~SCLR_LUT ; 1                 ; 0       ;
;      - systolicArray:systolicArr|multiplierBlock:row_loop[2].col_loop[0].mb|partialSum[14]~SCLR_LUT ; 1                 ; 0       ;
;      - systolicArray:systolicArr|multiplierBlock:row_loop[2].col_loop[0].mb|partialSum[15]~SCLR_LUT ; 1                 ; 0       ;
;      - systolicArray:systolicArr|multiplierBlock:row_loop[2].col_loop[0].mb|partialSum[16]~SCLR_LUT ; 1                 ; 0       ;
;      - systolicArray:systolicArr|multiplierBlock:row_loop[2].col_loop[0].mb|partialSum[17]~SCLR_LUT ; 1                 ; 0       ;
;      - systolicArray:systolicArr|multiplierBlock:row_loop[1].col_loop[2].mb|partialSum[0]~SCLR_LUT  ; 1                 ; 0       ;
;      - systolicArray:systolicArr|multiplierBlock:row_loop[1].col_loop[2].mb|partialSum[1]~SCLR_LUT  ; 1                 ; 0       ;
;      - systolicArray:systolicArr|multiplierBlock:row_loop[1].col_loop[2].mb|partialSum[2]~SCLR_LUT  ; 1                 ; 0       ;
;      - systolicArray:systolicArr|multiplierBlock:row_loop[1].col_loop[2].mb|partialSum[3]~SCLR_LUT  ; 1                 ; 0       ;
;      - systolicArray:systolicArr|multiplierBlock:row_loop[1].col_loop[2].mb|partialSum[4]~SCLR_LUT  ; 1                 ; 0       ;
;      - systolicArray:systolicArr|multiplierBlock:row_loop[1].col_loop[2].mb|partialSum[5]~SCLR_LUT  ; 1                 ; 0       ;
;      - systolicArray:systolicArr|multiplierBlock:row_loop[1].col_loop[2].mb|partialSum[6]~SCLR_LUT  ; 1                 ; 0       ;
;      - systolicArray:systolicArr|multiplierBlock:row_loop[1].col_loop[2].mb|partialSum[7]~SCLR_LUT  ; 1                 ; 0       ;
;      - systolicArray:systolicArr|multiplierBlock:row_loop[1].col_loop[2].mb|partialSum[8]~SCLR_LUT  ; 1                 ; 0       ;
;      - systolicArray:systolicArr|multiplierBlock:row_loop[1].col_loop[2].mb|partialSum[9]~SCLR_LUT  ; 1                 ; 0       ;
;      - systolicArray:systolicArr|multiplierBlock:row_loop[1].col_loop[2].mb|partialSum[10]~SCLR_LUT ; 1                 ; 0       ;
;      - systolicArray:systolicArr|multiplierBlock:row_loop[1].col_loop[2].mb|partialSum[11]~SCLR_LUT ; 1                 ; 0       ;
;      - systolicArray:systolicArr|multiplierBlock:row_loop[1].col_loop[2].mb|partialSum[12]~SCLR_LUT ; 1                 ; 0       ;
;      - systolicArray:systolicArr|multiplierBlock:row_loop[1].col_loop[2].mb|partialSum[13]~SCLR_LUT ; 1                 ; 0       ;
;      - systolicArray:systolicArr|multiplierBlock:row_loop[1].col_loop[2].mb|partialSum[14]~SCLR_LUT ; 1                 ; 0       ;
;      - systolicArray:systolicArr|multiplierBlock:row_loop[1].col_loop[2].mb|partialSum[15]~SCLR_LUT ; 1                 ; 0       ;
;      - systolicArray:systolicArr|multiplierBlock:row_loop[1].col_loop[2].mb|partialSum[16]~SCLR_LUT ; 1                 ; 0       ;
;      - systolicArray:systolicArr|multiplierBlock:row_loop[1].col_loop[2].mb|partialSum[17]~SCLR_LUT ; 1                 ; 0       ;
;      - systolicArray:systolicArr|multiplierBlock:row_loop[1].col_loop[1].mb|partialSum[0]~SCLR_LUT  ; 1                 ; 0       ;
;      - systolicArray:systolicArr|multiplierBlock:row_loop[1].col_loop[1].mb|partialSum[1]~SCLR_LUT  ; 1                 ; 0       ;
;      - systolicArray:systolicArr|multiplierBlock:row_loop[1].col_loop[1].mb|partialSum[2]~SCLR_LUT  ; 1                 ; 0       ;
;      - systolicArray:systolicArr|multiplierBlock:row_loop[1].col_loop[1].mb|partialSum[3]~SCLR_LUT  ; 1                 ; 0       ;
;      - systolicArray:systolicArr|multiplierBlock:row_loop[1].col_loop[1].mb|partialSum[4]~SCLR_LUT  ; 1                 ; 0       ;
;      - systolicArray:systolicArr|multiplierBlock:row_loop[1].col_loop[1].mb|partialSum[5]~SCLR_LUT  ; 1                 ; 0       ;
;      - systolicArray:systolicArr|multiplierBlock:row_loop[1].col_loop[1].mb|partialSum[6]~SCLR_LUT  ; 1                 ; 0       ;
;      - systolicArray:systolicArr|multiplierBlock:row_loop[1].col_loop[1].mb|partialSum[7]~SCLR_LUT  ; 1                 ; 0       ;
;      - systolicArray:systolicArr|multiplierBlock:row_loop[1].col_loop[1].mb|partialSum[8]~SCLR_LUT  ; 1                 ; 0       ;
;      - systolicArray:systolicArr|multiplierBlock:row_loop[1].col_loop[1].mb|partialSum[9]~SCLR_LUT  ; 1                 ; 0       ;
;      - systolicArray:systolicArr|multiplierBlock:row_loop[1].col_loop[1].mb|partialSum[10]~SCLR_LUT ; 1                 ; 0       ;
;      - systolicArray:systolicArr|multiplierBlock:row_loop[1].col_loop[1].mb|partialSum[11]~SCLR_LUT ; 1                 ; 0       ;
;      - systolicArray:systolicArr|multiplierBlock:row_loop[1].col_loop[1].mb|partialSum[12]~SCLR_LUT ; 1                 ; 0       ;
;      - systolicArray:systolicArr|multiplierBlock:row_loop[1].col_loop[1].mb|partialSum[13]~SCLR_LUT ; 1                 ; 0       ;
;      - systolicArray:systolicArr|multiplierBlock:row_loop[1].col_loop[1].mb|partialSum[14]~SCLR_LUT ; 1                 ; 0       ;
;      - systolicArray:systolicArr|multiplierBlock:row_loop[1].col_loop[1].mb|partialSum[15]~SCLR_LUT ; 1                 ; 0       ;
;      - systolicArray:systolicArr|multiplierBlock:row_loop[1].col_loop[1].mb|partialSum[16]~SCLR_LUT ; 1                 ; 0       ;
;      - systolicArray:systolicArr|multiplierBlock:row_loop[1].col_loop[1].mb|partialSum[17]~SCLR_LUT ; 1                 ; 0       ;
;      - systolicArray:systolicArr|multiplierBlock:row_loop[1].col_loop[0].mb|partialSum[0]~SCLR_LUT  ; 1                 ; 0       ;
;      - systolicArray:systolicArr|multiplierBlock:row_loop[1].col_loop[0].mb|partialSum[1]~SCLR_LUT  ; 1                 ; 0       ;
;      - systolicArray:systolicArr|multiplierBlock:row_loop[1].col_loop[0].mb|partialSum[2]~SCLR_LUT  ; 1                 ; 0       ;
;      - systolicArray:systolicArr|multiplierBlock:row_loop[1].col_loop[0].mb|partialSum[3]~SCLR_LUT  ; 1                 ; 0       ;
;      - systolicArray:systolicArr|multiplierBlock:row_loop[1].col_loop[0].mb|partialSum[4]~SCLR_LUT  ; 1                 ; 0       ;
;      - systolicArray:systolicArr|multiplierBlock:row_loop[1].col_loop[0].mb|partialSum[5]~SCLR_LUT  ; 1                 ; 0       ;
;      - systolicArray:systolicArr|multiplierBlock:row_loop[1].col_loop[0].mb|partialSum[6]~SCLR_LUT  ; 1                 ; 0       ;
;      - systolicArray:systolicArr|multiplierBlock:row_loop[1].col_loop[0].mb|partialSum[7]~SCLR_LUT  ; 1                 ; 0       ;
;      - systolicArray:systolicArr|multiplierBlock:row_loop[1].col_loop[0].mb|partialSum[8]~SCLR_LUT  ; 1                 ; 0       ;
;      - systolicArray:systolicArr|multiplierBlock:row_loop[1].col_loop[0].mb|partialSum[9]~SCLR_LUT  ; 1                 ; 0       ;
;      - systolicArray:systolicArr|multiplierBlock:row_loop[1].col_loop[0].mb|partialSum[10]~SCLR_LUT ; 1                 ; 0       ;
;      - systolicArray:systolicArr|multiplierBlock:row_loop[1].col_loop[0].mb|partialSum[11]~SCLR_LUT ; 1                 ; 0       ;
;      - systolicArray:systolicArr|multiplierBlock:row_loop[1].col_loop[0].mb|partialSum[12]~SCLR_LUT ; 1                 ; 0       ;
;      - systolicArray:systolicArr|multiplierBlock:row_loop[1].col_loop[0].mb|partialSum[13]~SCLR_LUT ; 1                 ; 0       ;
;      - systolicArray:systolicArr|multiplierBlock:row_loop[1].col_loop[0].mb|partialSum[14]~SCLR_LUT ; 1                 ; 0       ;
;      - systolicArray:systolicArr|multiplierBlock:row_loop[1].col_loop[0].mb|partialSum[15]~SCLR_LUT ; 1                 ; 0       ;
;      - systolicArray:systolicArr|multiplierBlock:row_loop[1].col_loop[0].mb|partialSum[16]~SCLR_LUT ; 1                 ; 0       ;
;      - systolicArray:systolicArr|multiplierBlock:row_loop[1].col_loop[0].mb|partialSum[17]~SCLR_LUT ; 1                 ; 0       ;
;      - systolicArray:systolicArr|multiplierBlock:row_loop[0].col_loop[2].mb|partialSum[0]~SCLR_LUT  ; 1                 ; 0       ;
;      - systolicArray:systolicArr|multiplierBlock:row_loop[0].col_loop[2].mb|partialSum[1]~SCLR_LUT  ; 1                 ; 0       ;
;      - systolicArray:systolicArr|multiplierBlock:row_loop[0].col_loop[2].mb|partialSum[2]~SCLR_LUT  ; 1                 ; 0       ;
;      - systolicArray:systolicArr|multiplierBlock:row_loop[0].col_loop[2].mb|partialSum[3]~SCLR_LUT  ; 1                 ; 0       ;
;      - systolicArray:systolicArr|multiplierBlock:row_loop[0].col_loop[2].mb|partialSum[4]~SCLR_LUT  ; 1                 ; 0       ;
;      - systolicArray:systolicArr|multiplierBlock:row_loop[0].col_loop[2].mb|partialSum[5]~SCLR_LUT  ; 1                 ; 0       ;
;      - systolicArray:systolicArr|multiplierBlock:row_loop[0].col_loop[2].mb|partialSum[6]~SCLR_LUT  ; 1                 ; 0       ;
;      - systolicArray:systolicArr|multiplierBlock:row_loop[0].col_loop[2].mb|partialSum[7]~SCLR_LUT  ; 1                 ; 0       ;
;      - systolicArray:systolicArr|multiplierBlock:row_loop[0].col_loop[2].mb|partialSum[8]~SCLR_LUT  ; 1                 ; 0       ;
;      - systolicArray:systolicArr|multiplierBlock:row_loop[0].col_loop[2].mb|partialSum[9]~SCLR_LUT  ; 1                 ; 0       ;
;      - systolicArray:systolicArr|multiplierBlock:row_loop[0].col_loop[2].mb|partialSum[10]~SCLR_LUT ; 1                 ; 0       ;
;      - systolicArray:systolicArr|multiplierBlock:row_loop[0].col_loop[2].mb|partialSum[11]~SCLR_LUT ; 1                 ; 0       ;
;      - systolicArray:systolicArr|multiplierBlock:row_loop[0].col_loop[2].mb|partialSum[12]~SCLR_LUT ; 1                 ; 0       ;
;      - systolicArray:systolicArr|multiplierBlock:row_loop[0].col_loop[2].mb|partialSum[13]~SCLR_LUT ; 1                 ; 0       ;
;      - systolicArray:systolicArr|multiplierBlock:row_loop[0].col_loop[2].mb|partialSum[14]~SCLR_LUT ; 1                 ; 0       ;
;      - systolicArray:systolicArr|multiplierBlock:row_loop[0].col_loop[2].mb|partialSum[15]~SCLR_LUT ; 1                 ; 0       ;
;      - systolicArray:systolicArr|multiplierBlock:row_loop[0].col_loop[2].mb|partialSum[16]~SCLR_LUT ; 1                 ; 0       ;
;      - systolicArray:systolicArr|multiplierBlock:row_loop[0].col_loop[2].mb|partialSum[17]~SCLR_LUT ; 1                 ; 0       ;
;      - systolicArray:systolicArr|multiplierBlock:row_loop[0].col_loop[1].mb|partialSum[0]~SCLR_LUT  ; 1                 ; 0       ;
;      - systolicArray:systolicArr|multiplierBlock:row_loop[0].col_loop[1].mb|partialSum[1]~SCLR_LUT  ; 1                 ; 0       ;
;      - systolicArray:systolicArr|multiplierBlock:row_loop[0].col_loop[1].mb|partialSum[2]~SCLR_LUT  ; 1                 ; 0       ;
;      - systolicArray:systolicArr|multiplierBlock:row_loop[0].col_loop[1].mb|partialSum[3]~SCLR_LUT  ; 1                 ; 0       ;
;      - systolicArray:systolicArr|multiplierBlock:row_loop[0].col_loop[1].mb|partialSum[4]~SCLR_LUT  ; 1                 ; 0       ;
;      - systolicArray:systolicArr|multiplierBlock:row_loop[0].col_loop[1].mb|partialSum[5]~SCLR_LUT  ; 1                 ; 0       ;
;      - systolicArray:systolicArr|multiplierBlock:row_loop[0].col_loop[1].mb|partialSum[6]~SCLR_LUT  ; 1                 ; 0       ;
;      - systolicArray:systolicArr|multiplierBlock:row_loop[0].col_loop[1].mb|partialSum[7]~SCLR_LUT  ; 1                 ; 0       ;
;      - systolicArray:systolicArr|multiplierBlock:row_loop[0].col_loop[1].mb|partialSum[8]~SCLR_LUT  ; 1                 ; 0       ;
;      - systolicArray:systolicArr|multiplierBlock:row_loop[0].col_loop[1].mb|partialSum[9]~SCLR_LUT  ; 1                 ; 0       ;
;      - systolicArray:systolicArr|multiplierBlock:row_loop[0].col_loop[1].mb|partialSum[10]~SCLR_LUT ; 1                 ; 0       ;
;      - systolicArray:systolicArr|multiplierBlock:row_loop[0].col_loop[1].mb|partialSum[11]~SCLR_LUT ; 1                 ; 0       ;
;      - systolicArray:systolicArr|multiplierBlock:row_loop[0].col_loop[1].mb|partialSum[12]~SCLR_LUT ; 1                 ; 0       ;
;      - systolicArray:systolicArr|multiplierBlock:row_loop[0].col_loop[1].mb|partialSum[13]~SCLR_LUT ; 1                 ; 0       ;
;      - systolicArray:systolicArr|multiplierBlock:row_loop[0].col_loop[1].mb|partialSum[14]~SCLR_LUT ; 1                 ; 0       ;
;      - systolicArray:systolicArr|multiplierBlock:row_loop[0].col_loop[1].mb|partialSum[15]~SCLR_LUT ; 1                 ; 0       ;
;      - systolicArray:systolicArr|multiplierBlock:row_loop[0].col_loop[1].mb|partialSum[16]~SCLR_LUT ; 1                 ; 0       ;
;      - systolicArray:systolicArr|multiplierBlock:row_loop[0].col_loop[1].mb|partialSum[17]~SCLR_LUT ; 1                 ; 0       ;
;      - systolicArray:systolicArr|multiplierBlock:row_loop[0].col_loop[0].mb|partialSum[0]~SCLR_LUT  ; 1                 ; 0       ;
;      - systolicArray:systolicArr|multiplierBlock:row_loop[0].col_loop[0].mb|partialSum[1]~SCLR_LUT  ; 1                 ; 0       ;
;      - systolicArray:systolicArr|multiplierBlock:row_loop[0].col_loop[0].mb|partialSum[2]~SCLR_LUT  ; 1                 ; 0       ;
;      - systolicArray:systolicArr|multiplierBlock:row_loop[0].col_loop[0].mb|partialSum[3]~SCLR_LUT  ; 1                 ; 0       ;
;      - systolicArray:systolicArr|multiplierBlock:row_loop[0].col_loop[0].mb|partialSum[4]~SCLR_LUT  ; 1                 ; 0       ;
;      - systolicArray:systolicArr|multiplierBlock:row_loop[0].col_loop[0].mb|partialSum[5]~SCLR_LUT  ; 1                 ; 0       ;
;      - systolicArray:systolicArr|multiplierBlock:row_loop[0].col_loop[0].mb|partialSum[6]~SCLR_LUT  ; 1                 ; 0       ;
;      - systolicArray:systolicArr|multiplierBlock:row_loop[0].col_loop[0].mb|partialSum[7]~SCLR_LUT  ; 1                 ; 0       ;
;      - systolicArray:systolicArr|multiplierBlock:row_loop[0].col_loop[0].mb|partialSum[8]~SCLR_LUT  ; 1                 ; 0       ;
;      - systolicArray:systolicArr|multiplierBlock:row_loop[0].col_loop[0].mb|partialSum[9]~SCLR_LUT  ; 1                 ; 0       ;
;      - systolicArray:systolicArr|multiplierBlock:row_loop[0].col_loop[0].mb|partialSum[10]~SCLR_LUT ; 1                 ; 0       ;
;      - systolicArray:systolicArr|multiplierBlock:row_loop[0].col_loop[0].mb|partialSum[11]~SCLR_LUT ; 1                 ; 0       ;
;      - systolicArray:systolicArr|multiplierBlock:row_loop[0].col_loop[0].mb|partialSum[12]~SCLR_LUT ; 1                 ; 0       ;
;      - systolicArray:systolicArr|multiplierBlock:row_loop[0].col_loop[0].mb|partialSum[13]~SCLR_LUT ; 1                 ; 0       ;
;      - systolicArray:systolicArr|multiplierBlock:row_loop[0].col_loop[0].mb|partialSum[14]~SCLR_LUT ; 1                 ; 0       ;
;      - systolicArray:systolicArr|multiplierBlock:row_loop[0].col_loop[0].mb|partialSum[15]~SCLR_LUT ; 1                 ; 0       ;
;      - systolicArray:systolicArr|multiplierBlock:row_loop[0].col_loop[0].mb|partialSum[16]~SCLR_LUT ; 1                 ; 0       ;
;      - systolicArray:systolicArr|multiplierBlock:row_loop[0].col_loop[0].mb|partialSum[17]~SCLR_LUT ; 1                 ; 0       ;
;      - systolicArray:systolicArr|multiplierBlock:row_loop[2].col_loop[0].mb|aOut[0]~SCLR_LUT        ; 1                 ; 0       ;
;      - systolicArray:systolicArr|multiplierBlock:row_loop[2].col_loop[0].mb|aOut[1]~SCLR_LUT        ; 1                 ; 0       ;
;      - systolicArray:systolicArr|multiplierBlock:row_loop[2].col_loop[0].mb|aOut[2]~SCLR_LUT        ; 1                 ; 0       ;
;      - systolicArray:systolicArr|multiplierBlock:row_loop[2].col_loop[0].mb|aOut[3]~SCLR_LUT        ; 1                 ; 0       ;
;      - systolicArray:systolicArr|multiplierBlock:row_loop[2].col_loop[0].mb|aOut[4]~SCLR_LUT        ; 1                 ; 0       ;
;      - systolicArray:systolicArr|multiplierBlock:row_loop[2].col_loop[0].mb|aOut[5]~SCLR_LUT        ; 1                 ; 0       ;
;      - systolicArray:systolicArr|multiplierBlock:row_loop[1].col_loop[0].mb|aOut[0]~SCLR_LUT        ; 1                 ; 0       ;
;      - systolicArray:systolicArr|multiplierBlock:row_loop[1].col_loop[0].mb|aOut[1]~SCLR_LUT        ; 1                 ; 0       ;
;      - systolicArray:systolicArr|multiplierBlock:row_loop[1].col_loop[0].mb|aOut[2]~SCLR_LUT        ; 1                 ; 0       ;
;      - systolicArray:systolicArr|multiplierBlock:row_loop[1].col_loop[0].mb|aOut[3]~SCLR_LUT        ; 1                 ; 0       ;
;      - systolicArray:systolicArr|multiplierBlock:row_loop[1].col_loop[0].mb|aOut[4]~SCLR_LUT        ; 1                 ; 0       ;
;      - systolicArray:systolicArr|multiplierBlock:row_loop[1].col_loop[0].mb|aOut[5]~SCLR_LUT        ; 1                 ; 0       ;
;      - systolicArray:systolicArr|multiplierBlock:row_loop[0].col_loop[0].mb|aOut[0]~SCLR_LUT        ; 1                 ; 0       ;
;      - systolicArray:systolicArr|multiplierBlock:row_loop[0].col_loop[0].mb|aOut[1]~SCLR_LUT        ; 1                 ; 0       ;
;      - systolicArray:systolicArr|multiplierBlock:row_loop[0].col_loop[0].mb|aOut[2]~SCLR_LUT        ; 1                 ; 0       ;
;      - systolicArray:systolicArr|multiplierBlock:row_loop[0].col_loop[0].mb|aOut[3]~SCLR_LUT        ; 1                 ; 0       ;
;      - systolicArray:systolicArr|multiplierBlock:row_loop[0].col_loop[0].mb|aOut[4]~SCLR_LUT        ; 1                 ; 0       ;
;      - systolicArray:systolicArr|multiplierBlock:row_loop[0].col_loop[0].mb|aOut[5]~SCLR_LUT        ; 1                 ; 0       ;
;      - systolicArray:systolicArr|multiplierBlock:row_loop[0].col_loop[2].mb|bOut[0]~SCLR_LUT        ; 1                 ; 0       ;
;      - systolicArray:systolicArr|multiplierBlock:row_loop[0].col_loop[2].mb|bOut[1]~SCLR_LUT        ; 1                 ; 0       ;
;      - systolicArray:systolicArr|multiplierBlock:row_loop[0].col_loop[2].mb|bOut[2]~SCLR_LUT        ; 1                 ; 0       ;
;      - systolicArray:systolicArr|multiplierBlock:row_loop[0].col_loop[2].mb|bOut[3]~SCLR_LUT        ; 1                 ; 0       ;
;      - systolicArray:systolicArr|multiplierBlock:row_loop[0].col_loop[2].mb|bOut[4]~SCLR_LUT        ; 1                 ; 0       ;
;      - systolicArray:systolicArr|multiplierBlock:row_loop[0].col_loop[2].mb|bOut[5]~SCLR_LUT        ; 1                 ; 0       ;
;      - systolicArray:systolicArr|multiplierBlock:row_loop[0].col_loop[1].mb|bOut[0]~SCLR_LUT        ; 1                 ; 0       ;
;      - systolicArray:systolicArr|multiplierBlock:row_loop[0].col_loop[1].mb|bOut[1]~SCLR_LUT        ; 1                 ; 0       ;
;      - systolicArray:systolicArr|multiplierBlock:row_loop[0].col_loop[1].mb|bOut[2]~SCLR_LUT        ; 1                 ; 0       ;
;      - systolicArray:systolicArr|multiplierBlock:row_loop[0].col_loop[1].mb|bOut[3]~SCLR_LUT        ; 1                 ; 0       ;
;      - systolicArray:systolicArr|multiplierBlock:row_loop[0].col_loop[1].mb|bOut[4]~SCLR_LUT        ; 1                 ; 0       ;
;      - systolicArray:systolicArr|multiplierBlock:row_loop[0].col_loop[1].mb|bOut[5]~SCLR_LUT        ; 1                 ; 0       ;
;      - systolicArray:systolicArr|multiplierBlock:row_loop[0].col_loop[0].mb|bOut[0]~SCLR_LUT        ; 1                 ; 0       ;
;      - systolicArray:systolicArr|multiplierBlock:row_loop[0].col_loop[0].mb|bOut[1]~SCLR_LUT        ; 1                 ; 0       ;
;      - systolicArray:systolicArr|multiplierBlock:row_loop[0].col_loop[0].mb|bOut[2]~SCLR_LUT        ; 1                 ; 0       ;
;      - systolicArray:systolicArr|multiplierBlock:row_loop[0].col_loop[0].mb|bOut[3]~SCLR_LUT        ; 1                 ; 0       ;
;      - systolicArray:systolicArr|multiplierBlock:row_loop[0].col_loop[0].mb|bOut[4]~SCLR_LUT        ; 1                 ; 0       ;
;      - systolicArray:systolicArr|multiplierBlock:row_loop[0].col_loop[0].mb|bOut[5]~SCLR_LUT        ; 1                 ; 0       ;
; matrixA[2][2][0]                                                                                    ;                   ;         ;
;      - dataOrchestrator:dataOrch|row~0                                                              ; 1                 ; 0       ;
; matrixA[2][1][0]                                                                                    ;                   ;         ;
;      - dataOrchestrator:dataOrch|row~0                                                              ; 0                 ; 0       ;
; matrixA[2][0][0]                                                                                    ;                   ;         ;
;      - dataOrchestrator:dataOrch|row~0                                                              ; 0                 ; 0       ;
; matrixA[2][2][1]                                                                                    ;                   ;         ;
;      - dataOrchestrator:dataOrch|row~3                                                              ; 0                 ; 0       ;
; matrixA[2][1][1]                                                                                    ;                   ;         ;
;      - dataOrchestrator:dataOrch|row~3                                                              ; 0                 ; 0       ;
; matrixA[2][0][1]                                                                                    ;                   ;         ;
;      - dataOrchestrator:dataOrch|row~3                                                              ; 0                 ; 0       ;
; matrixA[2][2][2]                                                                                    ;                   ;         ;
;      - dataOrchestrator:dataOrch|row~4                                                              ; 1                 ; 0       ;
; matrixA[2][1][2]                                                                                    ;                   ;         ;
;      - dataOrchestrator:dataOrch|row~4                                                              ; 0                 ; 0       ;
; matrixA[2][0][2]                                                                                    ;                   ;         ;
;      - dataOrchestrator:dataOrch|row~4                                                              ; 0                 ; 0       ;
; matrixA[2][2][3]                                                                                    ;                   ;         ;
;      - dataOrchestrator:dataOrch|row~5                                                              ; 1                 ; 0       ;
; matrixA[2][1][3]                                                                                    ;                   ;         ;
;      - dataOrchestrator:dataOrch|row~5                                                              ; 0                 ; 0       ;
; matrixA[2][0][3]                                                                                    ;                   ;         ;
;      - dataOrchestrator:dataOrch|row~5                                                              ; 0                 ; 0       ;
; matrixA[2][2][4]                                                                                    ;                   ;         ;
;      - dataOrchestrator:dataOrch|row~6                                                              ; 0                 ; 0       ;
; matrixA[2][1][4]                                                                                    ;                   ;         ;
;      - dataOrchestrator:dataOrch|row~6                                                              ; 0                 ; 0       ;
; matrixA[2][0][4]                                                                                    ;                   ;         ;
;      - dataOrchestrator:dataOrch|row~6                                                              ; 0                 ; 0       ;
; matrixA[2][2][5]                                                                                    ;                   ;         ;
;      - dataOrchestrator:dataOrch|row~7                                                              ; 1                 ; 0       ;
; matrixA[2][1][5]                                                                                    ;                   ;         ;
;      - dataOrchestrator:dataOrch|row~7                                                              ; 0                 ; 0       ;
; matrixA[2][0][5]                                                                                    ;                   ;         ;
;      - dataOrchestrator:dataOrch|row~7                                                              ; 1                 ; 0       ;
; matrixA[1][2][0]                                                                                    ;                   ;         ;
;      - dataOrchestrator:dataOrch|row~8                                                              ; 1                 ; 0       ;
; matrixA[1][0][0]                                                                                    ;                   ;         ;
;      - dataOrchestrator:dataOrch|row~8                                                              ; 1                 ; 0       ;
; matrixA[1][1][0]                                                                                    ;                   ;         ;
;      - dataOrchestrator:dataOrch|row~8                                                              ; 1                 ; 0       ;
; matrixA[1][2][1]                                                                                    ;                   ;         ;
;      - dataOrchestrator:dataOrch|row~11                                                             ; 0                 ; 0       ;
; matrixA[1][0][1]                                                                                    ;                   ;         ;
;      - dataOrchestrator:dataOrch|row~11                                                             ; 1                 ; 0       ;
; matrixA[1][1][1]                                                                                    ;                   ;         ;
;      - dataOrchestrator:dataOrch|row~11                                                             ; 1                 ; 0       ;
; matrixA[1][2][2]                                                                                    ;                   ;         ;
;      - dataOrchestrator:dataOrch|row~12                                                             ; 0                 ; 0       ;
; matrixA[1][0][2]                                                                                    ;                   ;         ;
;      - dataOrchestrator:dataOrch|row~12                                                             ; 1                 ; 0       ;
; matrixA[1][1][2]                                                                                    ;                   ;         ;
;      - dataOrchestrator:dataOrch|row~12                                                             ; 1                 ; 0       ;
; matrixA[1][2][3]                                                                                    ;                   ;         ;
;      - dataOrchestrator:dataOrch|row~13                                                             ; 1                 ; 0       ;
; matrixA[1][0][3]                                                                                    ;                   ;         ;
;      - dataOrchestrator:dataOrch|row~13                                                             ; 0                 ; 0       ;
; matrixA[1][1][3]                                                                                    ;                   ;         ;
;      - dataOrchestrator:dataOrch|row~13                                                             ; 0                 ; 0       ;
; matrixA[1][2][4]                                                                                    ;                   ;         ;
;      - dataOrchestrator:dataOrch|row~14                                                             ; 1                 ; 0       ;
; matrixA[1][0][4]                                                                                    ;                   ;         ;
;      - dataOrchestrator:dataOrch|row~14                                                             ; 1                 ; 0       ;
; matrixA[1][1][4]                                                                                    ;                   ;         ;
;      - dataOrchestrator:dataOrch|row~14                                                             ; 1                 ; 0       ;
; matrixA[1][2][5]                                                                                    ;                   ;         ;
;      - dataOrchestrator:dataOrch|row~15                                                             ; 0                 ; 0       ;
; matrixA[1][0][5]                                                                                    ;                   ;         ;
;      - dataOrchestrator:dataOrch|row~15                                                             ; 1                 ; 0       ;
; matrixA[1][1][5]                                                                                    ;                   ;         ;
;      - dataOrchestrator:dataOrch|row~15                                                             ; 0                 ; 0       ;
; matrixB[2][2][0]                                                                                    ;                   ;         ;
;      - dataOrchestrator:dataOrch|col~0                                                              ; 0                 ; 0       ;
; matrixB[1][2][0]                                                                                    ;                   ;         ;
;      - dataOrchestrator:dataOrch|col~0                                                              ; 1                 ; 0       ;
; matrixB[0][2][0]                                                                                    ;                   ;         ;
;      - dataOrchestrator:dataOrch|col~0                                                              ; 1                 ; 0       ;
; matrixB[2][2][1]                                                                                    ;                   ;         ;
;      - dataOrchestrator:dataOrch|col~1                                                              ; 1                 ; 0       ;
; matrixB[1][2][1]                                                                                    ;                   ;         ;
;      - dataOrchestrator:dataOrch|col~1                                                              ; 0                 ; 0       ;
; matrixB[0][2][1]                                                                                    ;                   ;         ;
;      - dataOrchestrator:dataOrch|col~1                                                              ; 1                 ; 0       ;
; matrixB[2][2][2]                                                                                    ;                   ;         ;
;      - dataOrchestrator:dataOrch|col~2                                                              ; 0                 ; 0       ;
; matrixB[1][2][2]                                                                                    ;                   ;         ;
;      - dataOrchestrator:dataOrch|col~2                                                              ; 1                 ; 0       ;
; matrixB[0][2][2]                                                                                    ;                   ;         ;
;      - dataOrchestrator:dataOrch|col~2                                                              ; 1                 ; 0       ;
; matrixB[2][2][3]                                                                                    ;                   ;         ;
;      - dataOrchestrator:dataOrch|col~3                                                              ; 1                 ; 0       ;
; matrixB[1][2][3]                                                                                    ;                   ;         ;
;      - dataOrchestrator:dataOrch|col~3                                                              ; 1                 ; 0       ;
; matrixB[0][2][3]                                                                                    ;                   ;         ;
;      - dataOrchestrator:dataOrch|col~3                                                              ; 0                 ; 0       ;
; matrixB[2][2][4]                                                                                    ;                   ;         ;
;      - dataOrchestrator:dataOrch|col~4                                                              ; 1                 ; 0       ;
; matrixB[1][2][4]                                                                                    ;                   ;         ;
;      - dataOrchestrator:dataOrch|col~4                                                              ; 1                 ; 0       ;
; matrixB[0][2][4]                                                                                    ;                   ;         ;
;      - dataOrchestrator:dataOrch|col~4                                                              ; 1                 ; 0       ;
; matrixB[2][2][5]                                                                                    ;                   ;         ;
;      - dataOrchestrator:dataOrch|col~5                                                              ; 1                 ; 0       ;
; matrixB[1][2][5]                                                                                    ;                   ;         ;
;      - dataOrchestrator:dataOrch|col~5                                                              ; 1                 ; 0       ;
; matrixB[0][2][5]                                                                                    ;                   ;         ;
;      - dataOrchestrator:dataOrch|col~5                                                              ; 1                 ; 0       ;
; matrixB[2][1][0]                                                                                    ;                   ;         ;
;      - dataOrchestrator:dataOrch|col~6                                                              ; 1                 ; 0       ;
; matrixB[0][1][0]                                                                                    ;                   ;         ;
;      - dataOrchestrator:dataOrch|col~6                                                              ; 0                 ; 0       ;
; matrixB[1][1][0]                                                                                    ;                   ;         ;
;      - dataOrchestrator:dataOrch|col~6                                                              ; 1                 ; 0       ;
; matrixB[2][1][1]                                                                                    ;                   ;         ;
;      - dataOrchestrator:dataOrch|col~7                                                              ; 1                 ; 0       ;
; matrixB[0][1][1]                                                                                    ;                   ;         ;
;      - dataOrchestrator:dataOrch|col~7                                                              ; 1                 ; 0       ;
; matrixB[1][1][1]                                                                                    ;                   ;         ;
;      - dataOrchestrator:dataOrch|col~7                                                              ; 0                 ; 0       ;
; matrixB[2][1][2]                                                                                    ;                   ;         ;
;      - dataOrchestrator:dataOrch|col~8                                                              ; 1                 ; 0       ;
; matrixB[0][1][2]                                                                                    ;                   ;         ;
;      - dataOrchestrator:dataOrch|col~8                                                              ; 1                 ; 0       ;
; matrixB[1][1][2]                                                                                    ;                   ;         ;
;      - dataOrchestrator:dataOrch|col~8                                                              ; 1                 ; 0       ;
; matrixB[2][1][3]                                                                                    ;                   ;         ;
;      - dataOrchestrator:dataOrch|col~9                                                              ; 0                 ; 0       ;
; matrixB[0][1][3]                                                                                    ;                   ;         ;
;      - dataOrchestrator:dataOrch|col~9                                                              ; 0                 ; 0       ;
; matrixB[1][1][3]                                                                                    ;                   ;         ;
;      - dataOrchestrator:dataOrch|col~9                                                              ; 1                 ; 0       ;
; matrixB[2][1][4]                                                                                    ;                   ;         ;
;      - dataOrchestrator:dataOrch|col~10                                                             ; 1                 ; 0       ;
; matrixB[0][1][4]                                                                                    ;                   ;         ;
;      - dataOrchestrator:dataOrch|col~10                                                             ; 0                 ; 0       ;
; matrixB[1][1][4]                                                                                    ;                   ;         ;
;      - dataOrchestrator:dataOrch|col~10                                                             ; 1                 ; 0       ;
; matrixB[2][1][5]                                                                                    ;                   ;         ;
;      - dataOrchestrator:dataOrch|col~11                                                             ; 0                 ; 0       ;
; matrixB[0][1][5]                                                                                    ;                   ;         ;
;      - dataOrchestrator:dataOrch|col~11                                                             ; 1                 ; 0       ;
; matrixB[1][1][5]                                                                                    ;                   ;         ;
;      - dataOrchestrator:dataOrch|col~11                                                             ; 1                 ; 0       ;
; matrixB[2][0][0]                                                                                    ;                   ;         ;
;      - dataOrchestrator:dataOrch|col~12                                                             ; 1                 ; 0       ;
; matrixB[1][0][0]                                                                                    ;                   ;         ;
;      - dataOrchestrator:dataOrch|col~12                                                             ; 1                 ; 0       ;
; matrixB[0][0][0]                                                                                    ;                   ;         ;
;      - dataOrchestrator:dataOrch|col~12                                                             ; 1                 ; 0       ;
; matrixB[2][0][1]                                                                                    ;                   ;         ;
;      - dataOrchestrator:dataOrch|col~15                                                             ; 1                 ; 0       ;
; matrixB[1][0][1]                                                                                    ;                   ;         ;
;      - dataOrchestrator:dataOrch|col~15                                                             ; 1                 ; 0       ;
; matrixB[0][0][1]                                                                                    ;                   ;         ;
;      - dataOrchestrator:dataOrch|col~15                                                             ; 0                 ; 0       ;
; matrixB[2][0][2]                                                                                    ;                   ;         ;
;      - dataOrchestrator:dataOrch|col~16                                                             ; 1                 ; 0       ;
; matrixB[1][0][2]                                                                                    ;                   ;         ;
;      - dataOrchestrator:dataOrch|col~16                                                             ; 1                 ; 0       ;
; matrixB[0][0][2]                                                                                    ;                   ;         ;
;      - dataOrchestrator:dataOrch|col~16                                                             ; 0                 ; 0       ;
; matrixB[2][0][3]                                                                                    ;                   ;         ;
;      - dataOrchestrator:dataOrch|col~17                                                             ; 1                 ; 0       ;
; matrixB[1][0][3]                                                                                    ;                   ;         ;
;      - dataOrchestrator:dataOrch|col~17                                                             ; 1                 ; 0       ;
; matrixB[0][0][3]                                                                                    ;                   ;         ;
;      - dataOrchestrator:dataOrch|col~17                                                             ; 0                 ; 0       ;
; matrixB[2][0][4]                                                                                    ;                   ;         ;
;      - dataOrchestrator:dataOrch|col~18                                                             ; 1                 ; 0       ;
; matrixB[1][0][4]                                                                                    ;                   ;         ;
;      - dataOrchestrator:dataOrch|col~18                                                             ; 0                 ; 0       ;
; matrixB[0][0][4]                                                                                    ;                   ;         ;
;      - dataOrchestrator:dataOrch|col~18                                                             ; 1                 ; 0       ;
; matrixB[2][0][5]                                                                                    ;                   ;         ;
;      - dataOrchestrator:dataOrch|col~19                                                             ; 1                 ; 0       ;
; matrixB[1][0][5]                                                                                    ;                   ;         ;
;      - dataOrchestrator:dataOrch|col~19                                                             ; 1                 ; 0       ;
; matrixB[0][0][5]                                                                                    ;                   ;         ;
;      - dataOrchestrator:dataOrch|col~19                                                             ; 1                 ; 0       ;
; matrixA[0][2][0]                                                                                    ;                   ;         ;
;      - dataOrchestrator:dataOrch|row~16                                                             ; 0                 ; 0       ;
; matrixA[0][1][0]                                                                                    ;                   ;         ;
;      - dataOrchestrator:dataOrch|row~16                                                             ; 1                 ; 0       ;
; matrixA[0][0][0]                                                                                    ;                   ;         ;
;      - dataOrchestrator:dataOrch|row~16                                                             ; 0                 ; 0       ;
; matrixA[0][2][1]                                                                                    ;                   ;         ;
;      - dataOrchestrator:dataOrch|row~17                                                             ; 0                 ; 0       ;
; matrixA[0][1][1]                                                                                    ;                   ;         ;
;      - dataOrchestrator:dataOrch|row~17                                                             ; 0                 ; 0       ;
; matrixA[0][0][1]                                                                                    ;                   ;         ;
;      - dataOrchestrator:dataOrch|row~17                                                             ; 1                 ; 0       ;
; matrixA[0][2][2]                                                                                    ;                   ;         ;
;      - dataOrchestrator:dataOrch|row~18                                                             ; 0                 ; 0       ;
; matrixA[0][1][2]                                                                                    ;                   ;         ;
;      - dataOrchestrator:dataOrch|row~18                                                             ; 0                 ; 0       ;
; matrixA[0][0][2]                                                                                    ;                   ;         ;
;      - dataOrchestrator:dataOrch|row~18                                                             ; 0                 ; 0       ;
; matrixA[0][2][3]                                                                                    ;                   ;         ;
;      - dataOrchestrator:dataOrch|row~19                                                             ; 0                 ; 0       ;
; matrixA[0][1][3]                                                                                    ;                   ;         ;
;      - dataOrchestrator:dataOrch|row~19                                                             ; 1                 ; 0       ;
; matrixA[0][0][3]                                                                                    ;                   ;         ;
;      - dataOrchestrator:dataOrch|row~19                                                             ; 1                 ; 0       ;
; matrixA[0][2][4]                                                                                    ;                   ;         ;
;      - dataOrchestrator:dataOrch|row~20                                                             ; 0                 ; 0       ;
; matrixA[0][1][4]                                                                                    ;                   ;         ;
;      - dataOrchestrator:dataOrch|row~20                                                             ; 1                 ; 0       ;
; matrixA[0][0][4]                                                                                    ;                   ;         ;
;      - dataOrchestrator:dataOrch|row~20                                                             ; 1                 ; 0       ;
; matrixA[0][2][5]                                                                                    ;                   ;         ;
;      - dataOrchestrator:dataOrch|row~21                                                             ; 0                 ; 0       ;
; matrixA[0][1][5]                                                                                    ;                   ;         ;
;      - dataOrchestrator:dataOrch|row~21                                                             ; 1                 ; 0       ;
; matrixA[0][0][5]                                                                                    ;                   ;         ;
;      - dataOrchestrator:dataOrch|row~21                                                             ; 1                 ; 0       ;
+-----------------------------------------------------------------------------------------------------+-------------------+---------+


+--------------------------------------------------------------------------------------------------------------------------------------------------------------------+
; Control Signals                                                                                                                                                    ;
+----------------------------------------+-------------------+---------+--------------+--------+----------------------+------------------+---------------------------+
; Name                                   ; Location          ; Fan-Out ; Usage        ; Global ; Global Resource Used ; Global Line Name ; Enable Signal Source Name ;
+----------------------------------------+-------------------+---------+--------------+--------+----------------------+------------------+---------------------------+
; clk                                    ; PIN_M16           ; 193     ; Clock        ; yes    ; Global Clock         ; GCLK10           ; --                        ;
; dataOrchestrator:dataOrch|col[0][5]~14 ; LABCELL_X29_Y6_N9 ; 13      ; Clock enable ; no     ; --                   ; --               ; --                        ;
; dataOrchestrator:dataOrch|row[1][0]~10 ; LABCELL_X29_Y6_N6 ; 14      ; Clock enable ; no     ; --                   ; --               ; --                        ;
; dataOrchestrator:dataOrch|row[2][2]~2  ; LABCELL_X29_Y6_N3 ; 14      ; Clock enable ; no     ; --                   ; --               ; --                        ;
; rst_n                                  ; PIN_Y10           ; 370     ; Sync. clear  ; no     ; --                   ; --               ; --                        ;
+----------------------------------------+-------------------+---------+--------------+--------+----------------------+------------------+---------------------------+


+-------------------------------------------------------------------------------------------------+
; Global & Other Fast Signals                                                                     ;
+------+----------+---------+----------------------+------------------+---------------------------+
; Name ; Location ; Fan-Out ; Global Resource Used ; Global Line Name ; Enable Signal Source Name ;
+------+----------+---------+----------------------+------------------+---------------------------+
; clk  ; PIN_M16  ; 193     ; Global Clock         ; GCLK10           ; --                        ;
+------+----------+---------+----------------------+------------------+---------------------------+


+-----------------------------------------------+
; Fitter DSP Block Usage Summary                ;
+---------------------------------+-------------+
; Statistic                       ; Number Used ;
+---------------------------------+-------------+
; Independent 18x18 plus 36       ; 9           ;
; Total number of DSP blocks      ; 9           ;
;                                 ;             ;
; Fixed Point Unsigned Multiplier ; 9           ;
+---------------------------------+-------------+


+--------------------------------------------------------------------------------------------------------------------------------------------------------------------------------------------------------------------------------------------------------------------------------------------------------------------------------------------------------------------------------------------------------------------------------------------------------------------------------+
; DSP Block Details                                                                                                                                                                                                                                                                                                                                                                                                                                                              ;
+--------------------------------------------------------------------------------+---------------------------+----------------+---------------------+------------------------+------------------------+------------------------+------------------------+------------------------+------------------------+-----------------+--------------------------------+---------------------+-------------------------------+------------------------------+------------------------------+
; Name                                                                           ; Mode                      ; Location       ; Sign Representation ; Data AX Input Register ; Data AY Input Register ; Data AZ Input Register ; Data BX Input Register ; Data BY Input Register ; Data BZ Input Register ; Output Register ; Dedicated Shift Register Chain ; Dedicated Pre-Adder ; Dedicated Coefficient Storage ; Dedicated Output Adder Chain ; Dedicated Output Accumulator ;
+--------------------------------------------------------------------------------+---------------------------+----------------+---------------------+------------------------+------------------------+------------------------+------------------------+------------------------+------------------------+-----------------+--------------------------------+---------------------+-------------------------------+------------------------------+------------------------------+
; systolicArray:systolicArr|multiplierBlock:row_loop[2].col_loop[2].mb|Mult0~mac ; Independent 18x18 plus 36 ; DSP_X32_Y4_N0  ; Mixed               ; yes                    ; yes                    ; --                     ; yes                    ; yes                    ; --                     ; no              ; no                             ; no                  ; no                            ; no                           ; no                           ;
; systolicArray:systolicArr|multiplierBlock:row_loop[2].col_loop[1].mb|Mult0~mac ; Independent 18x18 plus 36 ; DSP_X32_Y6_N0  ; Mixed               ; yes                    ; yes                    ; --                     ; yes                    ; yes                    ; --                     ; no              ; no                             ; no                  ; no                            ; no                           ; no                           ;
; systolicArray:systolicArr|multiplierBlock:row_loop[2].col_loop[0].mb|Mult0~mac ; Independent 18x18 plus 36 ; DSP_X32_Y10_N0 ; Mixed               ; yes                    ; yes                    ; --                     ; yes                    ; yes                    ; --                     ; no              ; no                             ; no                  ; no                            ; no                           ; no                           ;
; systolicArray:systolicArr|multiplierBlock:row_loop[1].col_loop[2].mb|Mult0~mac ; Independent 18x18 plus 36 ; DSP_X32_Y2_N0  ; Mixed               ; yes                    ; yes                    ; --                     ; yes                    ; yes                    ; --                     ; no              ; no                             ; no                  ; no                            ; no                           ; no                           ;
; systolicArray:systolicArr|multiplierBlock:row_loop[1].col_loop[1].mb|Mult0~mac ; Independent 18x18 plus 36 ; DSP_X20_Y6_N0  ; Mixed               ; yes                    ; yes                    ; --                     ; yes                    ; yes                    ; --                     ; no              ; no                             ; no                  ; no                            ; no                           ; no                           ;
; systolicArray:systolicArr|multiplierBlock:row_loop[1].col_loop[0].mb|Mult0~mac ; Independent 18x18 plus 36 ; DSP_X20_Y8_N0  ; Mixed               ; yes                    ; yes                    ; --                     ; yes                    ; yes                    ; --                     ; no              ; no                             ; no                  ; no                            ; no                           ; no                           ;
; systolicArray:systolicArr|multiplierBlock:row_loop[0].col_loop[2].mb|Mult0~mac ; Independent 18x18 plus 36 ; DSP_X20_Y4_N0  ; Mixed               ; yes                    ; yes                    ; --                     ; yes                    ; yes                    ; --                     ; no              ; no                             ; no                  ; no                            ; no                           ; no                           ;
; systolicArray:systolicArr|multiplierBlock:row_loop[0].col_loop[1].mb|Mult0~mac ; Independent 18x18 plus 36 ; DSP_X20_Y10_N0 ; Mixed               ; yes                    ; yes                    ; --                     ; yes                    ; yes                    ; --                     ; no              ; no                             ; no                  ; no                            ; no                           ; no                           ;
; systolicArray:systolicArr|multiplierBlock:row_loop[0].col_loop[0].mb|Mult0~mac ; Independent 18x18 plus 36 ; DSP_X20_Y2_N0  ; Mixed               ; yes                    ; yes                    ; --                     ; yes                    ; yes                    ; --                     ; no              ; no                             ; no                  ; no                            ; no                           ; no                           ;
+--------------------------------------------------------------------------------+---------------------------+----------------+---------------------+------------------------+------------------------+------------------------+------------------------+------------------------+------------------------+-----------------+--------------------------------+---------------------+-------------------------------+------------------------------+------------------------------+


+----------------------------------------------------------+
; Routing Usage Summary                                    ;
+------------------------------+---------------------------+
; Routing Resource Type        ; Usage                     ;
+------------------------------+---------------------------+
; Block interconnects          ; 1,062 / 374,484 ( < 1 % ) ;
; C12 interconnects            ; 497 / 16,664 ( 3 % )      ;
; C2 interconnects             ; 361 / 155,012 ( < 1 % )   ;
; C4 interconnects             ; 676 / 72,600 ( < 1 % )    ;
; DQS bus muxes                ; 0 / 30 ( 0 % )            ;
; DQS-18 I/O buses             ; 0 / 30 ( 0 % )            ;
; DQS-9 I/O buses              ; 0 / 30 ( 0 % )            ;
; Direct links                 ; 241 / 374,484 ( < 1 % )   ;
; Global clocks                ; 1 / 16 ( 6 % )            ;
; Horizontal periphery clocks  ; 0 / 72 ( 0 % )            ;
; Local interconnects          ; 42 / 112,960 ( < 1 % )    ;
; Quadrant clocks              ; 0 / 88 ( 0 % )            ;
; R14 interconnects            ; 337 / 15,868 ( 2 % )      ;
; R14/C12 interconnect drivers ; 733 / 27,256 ( 3 % )      ;
; R3 interconnects             ; 497 / 169,296 ( < 1 % )   ;
; R6 interconnects             ; 608 / 330,800 ( < 1 % )   ;
; Spine clocks                 ; 2 / 480 ( < 1 % )         ;
; Wire stub REs                ; 0 / 20,834 ( 0 % )        ;
+------------------------------+---------------------------+


+------------------------------------------+
; I/O Rules Summary                        ;
+----------------------------------+-------+
; I/O Rules Statistic              ; Total ;
+----------------------------------+-------+
; Total I/O Rules                  ; 28    ;
; Number of I/O Rules Passed       ; 6     ;
; Number of I/O Rules Failed       ; 0     ;
; Number of I/O Rules Unchecked    ; 0     ;
; Number of I/O Rules Inapplicable ; 22    ;
+----------------------------------+-------+


+-----------------------------------------------------------------------------------------------------------------------------------------------------------------------------------------------------------------------------------------------------------------------------------+
; I/O Rules Details                                                                                                                                                                                                                                                                 ;
+--------------+-----------+-----------------------------------+------------------------------------------------------------------------------------+----------+--------------------------------------------------------------------------+---------------------+-------------------+
; Status       ; ID        ; Category                          ; Rule Description                                                                   ; Severity ; Information                                                              ; Area                ; Extra Information ;
+--------------+-----------+-----------------------------------+------------------------------------------------------------------------------------+----------+--------------------------------------------------------------------------+---------------------+-------------------+
; Inapplicable ; IO_000001 ; Capacity Checks                   ; Number of pins in an I/O bank should not exceed the number of locations available. ; Critical ; No Location assignments found.                                           ; I/O                 ;                   ;
; Inapplicable ; IO_000002 ; Capacity Checks                   ; Number of clocks in an I/O bank should not exceed the number of clocks available.  ; Critical ; No Global Signal assignments found.                                      ; I/O                 ;                   ;
; Inapplicable ; IO_000003 ; Capacity Checks                   ; Number of pins in a Vrefgroup should not exceed the number of locations available. ; Critical ; No Location assignments found.                                           ; I/O                 ;                   ;
; Inapplicable ; IO_000004 ; Voltage Compatibility Checks      ; The I/O bank should support the requested VCCIO.                                   ; Critical ; No IOBANK_VCCIO assignments found.                                       ; I/O                 ;                   ;
; Inapplicable ; IO_000005 ; Voltage Compatibility Checks      ; The I/O bank should not have competing VREF values.                                ; Critical ; No VREF I/O Standard assignments found.                                  ; I/O                 ;                   ;
; Pass         ; IO_000006 ; Voltage Compatibility Checks      ; The I/O bank should not have competing VCCIO values.                               ; Critical ; 0 such failures found.                                                   ; I/O                 ;                   ;
; Inapplicable ; IO_000007 ; Valid Location Checks             ; Checks for unavailable locations.                                                  ; Critical ; No Location assignments found.                                           ; I/O                 ;                   ;
; Inapplicable ; IO_000008 ; Valid Location Checks             ; Checks for reserved locations.                                                     ; Critical ; No reserved LogicLock region found.                                      ; I/O                 ;                   ;
; Pass         ; IO_000009 ; I/O Properties Checks for One I/O ; The location should support the requested I/O standard.                            ; Critical ; 0 such failures found.                                                   ; I/O                 ;                   ;
; Pass         ; IO_000010 ; I/O Properties Checks for One I/O ; The location should support the requested I/O direction.                           ; Critical ; 0 such failures found.                                                   ; I/O                 ;                   ;
; Inapplicable ; IO_000011 ; I/O Properties Checks for One I/O ; The location should support the requested Current Strength.                        ; Critical ; No Current Strength assignments found.                                   ; I/O                 ;                   ;
; Pass         ; IO_000012 ; I/O Properties Checks for One I/O ; The location should support the requested On Chip Termination value.               ; Critical ; 0 such failures found.                                                   ; I/O                 ;                   ;
; Inapplicable ; IO_000013 ; I/O Properties Checks for One I/O ; The location should support the requested Bus Hold value.                          ; Critical ; No Enable Bus-Hold Circuitry assignments found.                          ; I/O                 ;                   ;
; Inapplicable ; IO_000014 ; I/O Properties Checks for One I/O ; The location should support the requested Weak Pull Up value.                      ; Critical ; No Weak Pull-Up Resistor assignments found.                              ; I/O                 ;                   ;
; Inapplicable ; IO_000015 ; I/O Properties Checks for One I/O ; The location should support the requested PCI Clamp Diode.                         ; Critical ; No Clamping Diode assignments found.                                     ; I/O                 ;                   ;
; Inapplicable ; IO_000018 ; I/O Properties Checks for One I/O ; The I/O standard should support the requested Current Strength.                    ; Critical ; No Current Strength assignments found.                                   ; I/O                 ;                   ;
; Pass         ; IO_000019 ; I/O Properties Checks for One I/O ; The I/O standard should support the requested On Chip Termination value.           ; Critical ; 0 such failures found.                                                   ; I/O                 ;                   ;
; Inapplicable ; IO_000020 ; I/O Properties Checks for One I/O ; The I/O standard should support the requested PCI Clamp Diode.                     ; Critical ; No Clamping Diode assignments found.                                     ; I/O                 ;                   ;
; Inapplicable ; IO_000021 ; I/O Properties Checks for One I/O ; The I/O standard should support the requested Weak Pull Up value.                  ; Critical ; No Weak Pull-Up Resistor assignments found.                              ; I/O                 ;                   ;
; Inapplicable ; IO_000022 ; I/O Properties Checks for One I/O ; The I/O standard should support the requested Bus Hold value.                      ; Critical ; No Enable Bus-Hold Circuitry assignments found.                          ; I/O                 ;                   ;
; Inapplicable ; IO_000023 ; I/O Properties Checks for One I/O ; The I/O standard should support the Open Drain value.                              ; Critical ; No open drain assignments found.                                         ; I/O                 ;                   ;
; Pass         ; IO_000024 ; I/O Properties Checks for One I/O ; The I/O direction should support the On Chip Termination value.                    ; Critical ; 0 such failures found.                                                   ; I/O                 ;                   ;
; Inapplicable ; IO_000026 ; I/O Properties Checks for One I/O ; On Chip Termination and Current Strength should not be used at the same time.      ; Critical ; No Current Strength assignments found.                                   ; I/O                 ;                   ;
; Inapplicable ; IO_000027 ; I/O Properties Checks for One I/O ; Weak Pull Up and Bus Hold should not be used at the same time.                     ; Critical ; No Enable Bus-Hold Circuitry or Weak Pull-Up Resistor assignments found. ; I/O                 ;                   ;
; Inapplicable ; IO_000045 ; I/O Properties Checks for One I/O ; The I/O standard should support the requested Slew Rate value.                     ; Critical ; No Slew Rate assignments found.                                          ; I/O                 ;                   ;
; Inapplicable ; IO_000046 ; I/O Properties Checks for One I/O ; The location should support the requested Slew Rate value.                         ; Critical ; No Slew Rate assignments found.                                          ; I/O                 ;                   ;
; Inapplicable ; IO_000047 ; I/O Properties Checks for One I/O ; On Chip Termination and Slew Rate should not be used at the same time.             ; Critical ; No Slew Rate assignments found.                                          ; I/O                 ;                   ;
; Inapplicable ; IO_000034 ; SI Related Distance Checks        ; Single-ended outputs should be 0 LAB row(s) away from a differential I/O.          ; High     ; No Differential I/O Standard assignments found.                          ; I/O                 ;                   ;
; ----         ; ----      ; Disclaimer                        ; OCT rules are checked but not reported.                                            ; None     ; ----                                                                     ; On Chip Termination ;                   ;
+--------------+-----------+-----------------------------------+------------------------------------------------------------------------------------+----------+--------------------------------------------------------------------------+---------------------+-------------------+


+---------------------------------------------------------------------------------------------------------------------------------------------------------------------------------------------------------------------------------------------------------------------------------------------------------------------------------------------------------------------------------------------------------------------------------------------------+
; I/O Rules Matrix                                                                                                                                                                                                                                                                                                                                                                                                                                  ;
+------------------------+--------------+--------------+--------------+--------------+--------------+-----------+--------------+--------------+-----------+-----------+--------------+--------------+--------------+--------------+--------------+--------------+--------------+--------------+--------------+--------------+--------------+--------------+--------------+--------------+--------------+--------------+--------------+--------------+
; Pin/Rules              ; IO_000001    ; IO_000002    ; IO_000003    ; IO_000004    ; IO_000005    ; IO_000006 ; IO_000007    ; IO_000008    ; IO_000009 ; IO_000010 ; IO_000011    ; IO_000012    ; IO_000013    ; IO_000014    ; IO_000015    ; IO_000018    ; IO_000019    ; IO_000020    ; IO_000021    ; IO_000022    ; IO_000023    ; IO_000024    ; IO_000026    ; IO_000027    ; IO_000045    ; IO_000046    ; IO_000047    ; IO_000034    ;
+------------------------+--------------+--------------+--------------+--------------+--------------+-----------+--------------+--------------+-----------+-----------+--------------+--------------+--------------+--------------+--------------+--------------+--------------+--------------+--------------+--------------+--------------+--------------+--------------+--------------+--------------+--------------+--------------+--------------+
; Total Pass             ; 0            ; 0            ; 0            ; 0            ; 0            ; 218       ; 0            ; 0            ; 218       ; 218       ; 0            ; 108          ; 0            ; 0            ; 0            ; 0            ; 108          ; 0            ; 0            ; 0            ; 0            ; 108          ; 0            ; 0            ; 0            ; 0            ; 0            ; 0            ;
; Total Unchecked        ; 0            ; 0            ; 0            ; 0            ; 0            ; 0         ; 0            ; 0            ; 0         ; 0         ; 0            ; 0            ; 0            ; 0            ; 0            ; 0            ; 0            ; 0            ; 0            ; 0            ; 0            ; 0            ; 0            ; 0            ; 0            ; 0            ; 0            ; 0            ;
; Total Inapplicable     ; 218          ; 218          ; 218          ; 218          ; 218          ; 0         ; 218          ; 218          ; 0         ; 0         ; 218          ; 110          ; 218          ; 218          ; 218          ; 218          ; 110          ; 218          ; 218          ; 218          ; 218          ; 110          ; 218          ; 218          ; 218          ; 218          ; 218          ; 218          ;
; Total Fail             ; 0            ; 0            ; 0            ; 0            ; 0            ; 0         ; 0            ; 0            ; 0         ; 0         ; 0            ; 0            ; 0            ; 0            ; 0            ; 0            ; 0            ; 0            ; 0            ; 0            ; 0            ; 0            ; 0            ; 0            ; 0            ; 0            ; 0            ; 0            ;
; resultMatrix[2][2][0]  ; Inapplicable ; Inapplicable ; Inapplicable ; Inapplicable ; Inapplicable ; Pass      ; Inapplicable ; Inapplicable ; Pass      ; Pass      ; Inapplicable ; Pass         ; Inapplicable ; Inapplicable ; Inapplicable ; Inapplicable ; Pass         ; Inapplicable ; Inapplicable ; Inapplicable ; Inapplicable ; Pass         ; Inapplicable ; Inapplicable ; Inapplicable ; Inapplicable ; Inapplicable ; Inapplicable ;
; resultMatrix[2][2][1]  ; Inapplicable ; Inapplicable ; Inapplicable ; Inapplicable ; Inapplicable ; Pass      ; Inapplicable ; Inapplicable ; Pass      ; Pass      ; Inapplicable ; Pass         ; Inapplicable ; Inapplicable ; Inapplicable ; Inapplicable ; Pass         ; Inapplicable ; Inapplicable ; Inapplicable ; Inapplicable ; Pass         ; Inapplicable ; Inapplicable ; Inapplicable ; Inapplicable ; Inapplicable ; Inapplicable ;
; resultMatrix[2][2][2]  ; Inapplicable ; Inapplicable ; Inapplicable ; Inapplicable ; Inapplicable ; Pass      ; Inapplicable ; Inapplicable ; Pass      ; Pass      ; Inapplicable ; Pass         ; Inapplicable ; Inapplicable ; Inapplicable ; Inapplicable ; Pass         ; Inapplicable ; Inapplicable ; Inapplicable ; Inapplicable ; Pass         ; Inapplicable ; Inapplicable ; Inapplicable ; Inapplicable ; Inapplicable ; Inapplicable ;
; resultMatrix[2][2][3]  ; Inapplicable ; Inapplicable ; Inapplicable ; Inapplicable ; Inapplicable ; Pass      ; Inapplicable ; Inapplicable ; Pass      ; Pass      ; Inapplicable ; Pass         ; Inapplicable ; Inapplicable ; Inapplicable ; Inapplicable ; Pass         ; Inapplicable ; Inapplicable ; Inapplicable ; Inapplicable ; Pass         ; Inapplicable ; Inapplicable ; Inapplicable ; Inapplicable ; Inapplicable ; Inapplicable ;
; resultMatrix[2][2][4]  ; Inapplicable ; Inapplicable ; Inapplicable ; Inapplicable ; Inapplicable ; Pass      ; Inapplicable ; Inapplicable ; Pass      ; Pass      ; Inapplicable ; Pass         ; Inapplicable ; Inapplicable ; Inapplicable ; Inapplicable ; Pass         ; Inapplicable ; Inapplicable ; Inapplicable ; Inapplicable ; Pass         ; Inapplicable ; Inapplicable ; Inapplicable ; Inapplicable ; Inapplicable ; Inapplicable ;
; resultMatrix[2][2][5]  ; Inapplicable ; Inapplicable ; Inapplicable ; Inapplicable ; Inapplicable ; Pass      ; Inapplicable ; Inapplicable ; Pass      ; Pass      ; Inapplicable ; Pass         ; Inapplicable ; Inapplicable ; Inapplicable ; Inapplicable ; Pass         ; Inapplicable ; Inapplicable ; Inapplicable ; Inapplicable ; Pass         ; Inapplicable ; Inapplicable ; Inapplicable ; Inapplicable ; Inapplicable ; Inapplicable ;
; resultMatrix[2][2][6]  ; Inapplicable ; Inapplicable ; Inapplicable ; Inapplicable ; Inapplicable ; Pass      ; Inapplicable ; Inapplicable ; Pass      ; Pass      ; Inapplicable ; Pass         ; Inapplicable ; Inapplicable ; Inapplicable ; Inapplicable ; Pass         ; Inapplicable ; Inapplicable ; Inapplicable ; Inapplicable ; Pass         ; Inapplicable ; Inapplicable ; Inapplicable ; Inapplicable ; Inapplicable ; Inapplicable ;
; resultMatrix[2][2][7]  ; Inapplicable ; Inapplicable ; Inapplicable ; Inapplicable ; Inapplicable ; Pass      ; Inapplicable ; Inapplicable ; Pass      ; Pass      ; Inapplicable ; Pass         ; Inapplicable ; Inapplicable ; Inapplicable ; Inapplicable ; Pass         ; Inapplicable ; Inapplicable ; Inapplicable ; Inapplicable ; Pass         ; Inapplicable ; Inapplicable ; Inapplicable ; Inapplicable ; Inapplicable ; Inapplicable ;
; resultMatrix[2][2][8]  ; Inapplicable ; Inapplicable ; Inapplicable ; Inapplicable ; Inapplicable ; Pass      ; Inapplicable ; Inapplicable ; Pass      ; Pass      ; Inapplicable ; Pass         ; Inapplicable ; Inapplicable ; Inapplicable ; Inapplicable ; Pass         ; Inapplicable ; Inapplicable ; Inapplicable ; Inapplicable ; Pass         ; Inapplicable ; Inapplicable ; Inapplicable ; Inapplicable ; Inapplicable ; Inapplicable ;
; resultMatrix[2][2][9]  ; Inapplicable ; Inapplicable ; Inapplicable ; Inapplicable ; Inapplicable ; Pass      ; Inapplicable ; Inapplicable ; Pass      ; Pass      ; Inapplicable ; Pass         ; Inapplicable ; Inapplicable ; Inapplicable ; Inapplicable ; Pass         ; Inapplicable ; Inapplicable ; Inapplicable ; Inapplicable ; Pass         ; Inapplicable ; Inapplicable ; Inapplicable ; Inapplicable ; Inapplicable ; Inapplicable ;
; resultMatrix[2][2][10] ; Inapplicable ; Inapplicable ; Inapplicable ; Inapplicable ; Inapplicable ; Pass      ; Inapplicable ; Inapplicable ; Pass      ; Pass      ; Inapplicable ; Pass         ; Inapplicable ; Inapplicable ; Inapplicable ; Inapplicable ; Pass         ; Inapplicable ; Inapplicable ; Inapplicable ; Inapplicable ; Pass         ; Inapplicable ; Inapplicable ; Inapplicable ; Inapplicable ; Inapplicable ; Inapplicable ;
; resultMatrix[2][2][11] ; Inapplicable ; Inapplicable ; Inapplicable ; Inapplicable ; Inapplicable ; Pass      ; Inapplicable ; Inapplicable ; Pass      ; Pass      ; Inapplicable ; Pass         ; Inapplicable ; Inapplicable ; Inapplicable ; Inapplicable ; Pass         ; Inapplicable ; Inapplicable ; Inapplicable ; Inapplicable ; Pass         ; Inapplicable ; Inapplicable ; Inapplicable ; Inapplicable ; Inapplicable ; Inapplicable ;
; resultMatrix[2][1][0]  ; Inapplicable ; Inapplicable ; Inapplicable ; Inapplicable ; Inapplicable ; Pass      ; Inapplicable ; Inapplicable ; Pass      ; Pass      ; Inapplicable ; Pass         ; Inapplicable ; Inapplicable ; Inapplicable ; Inapplicable ; Pass         ; Inapplicable ; Inapplicable ; Inapplicable ; Inapplicable ; Pass         ; Inapplicable ; Inapplicable ; Inapplicable ; Inapplicable ; Inapplicable ; Inapplicable ;
; resultMatrix[2][1][1]  ; Inapplicable ; Inapplicable ; Inapplicable ; Inapplicable ; Inapplicable ; Pass      ; Inapplicable ; Inapplicable ; Pass      ; Pass      ; Inapplicable ; Pass         ; Inapplicable ; Inapplicable ; Inapplicable ; Inapplicable ; Pass         ; Inapplicable ; Inapplicable ; Inapplicable ; Inapplicable ; Pass         ; Inapplicable ; Inapplicable ; Inapplicable ; Inapplicable ; Inapplicable ; Inapplicable ;
; resultMatrix[2][1][2]  ; Inapplicable ; Inapplicable ; Inapplicable ; Inapplicable ; Inapplicable ; Pass      ; Inapplicable ; Inapplicable ; Pass      ; Pass      ; Inapplicable ; Pass         ; Inapplicable ; Inapplicable ; Inapplicable ; Inapplicable ; Pass         ; Inapplicable ; Inapplicable ; Inapplicable ; Inapplicable ; Pass         ; Inapplicable ; Inapplicable ; Inapplicable ; Inapplicable ; Inapplicable ; Inapplicable ;
; resultMatrix[2][1][3]  ; Inapplicable ; Inapplicable ; Inapplicable ; Inapplicable ; Inapplicable ; Pass      ; Inapplicable ; Inapplicable ; Pass      ; Pass      ; Inapplicable ; Pass         ; Inapplicable ; Inapplicable ; Inapplicable ; Inapplicable ; Pass         ; Inapplicable ; Inapplicable ; Inapplicable ; Inapplicable ; Pass         ; Inapplicable ; Inapplicable ; Inapplicable ; Inapplicable ; Inapplicable ; Inapplicable ;
; resultMatrix[2][1][4]  ; Inapplicable ; Inapplicable ; Inapplicable ; Inapplicable ; Inapplicable ; Pass      ; Inapplicable ; Inapplicable ; Pass      ; Pass      ; Inapplicable ; Pass         ; Inapplicable ; Inapplicable ; Inapplicable ; Inapplicable ; Pass         ; Inapplicable ; Inapplicable ; Inapplicable ; Inapplicable ; Pass         ; Inapplicable ; Inapplicable ; Inapplicable ; Inapplicable ; Inapplicable ; Inapplicable ;
; resultMatrix[2][1][5]  ; Inapplicable ; Inapplicable ; Inapplicable ; Inapplicable ; Inapplicable ; Pass      ; Inapplicable ; Inapplicable ; Pass      ; Pass      ; Inapplicable ; Pass         ; Inapplicable ; Inapplicable ; Inapplicable ; Inapplicable ; Pass         ; Inapplicable ; Inapplicable ; Inapplicable ; Inapplicable ; Pass         ; Inapplicable ; Inapplicable ; Inapplicable ; Inapplicable ; Inapplicable ; Inapplicable ;
; resultMatrix[2][1][6]  ; Inapplicable ; Inapplicable ; Inapplicable ; Inapplicable ; Inapplicable ; Pass      ; Inapplicable ; Inapplicable ; Pass      ; Pass      ; Inapplicable ; Pass         ; Inapplicable ; Inapplicable ; Inapplicable ; Inapplicable ; Pass         ; Inapplicable ; Inapplicable ; Inapplicable ; Inapplicable ; Pass         ; Inapplicable ; Inapplicable ; Inapplicable ; Inapplicable ; Inapplicable ; Inapplicable ;
; resultMatrix[2][1][7]  ; Inapplicable ; Inapplicable ; Inapplicable ; Inapplicable ; Inapplicable ; Pass      ; Inapplicable ; Inapplicable ; Pass      ; Pass      ; Inapplicable ; Pass         ; Inapplicable ; Inapplicable ; Inapplicable ; Inapplicable ; Pass         ; Inapplicable ; Inapplicable ; Inapplicable ; Inapplicable ; Pass         ; Inapplicable ; Inapplicable ; Inapplicable ; Inapplicable ; Inapplicable ; Inapplicable ;
; resultMatrix[2][1][8]  ; Inapplicable ; Inapplicable ; Inapplicable ; Inapplicable ; Inapplicable ; Pass      ; Inapplicable ; Inapplicable ; Pass      ; Pass      ; Inapplicable ; Pass         ; Inapplicable ; Inapplicable ; Inapplicable ; Inapplicable ; Pass         ; Inapplicable ; Inapplicable ; Inapplicable ; Inapplicable ; Pass         ; Inapplicable ; Inapplicable ; Inapplicable ; Inapplicable ; Inapplicable ; Inapplicable ;
; resultMatrix[2][1][9]  ; Inapplicable ; Inapplicable ; Inapplicable ; Inapplicable ; Inapplicable ; Pass      ; Inapplicable ; Inapplicable ; Pass      ; Pass      ; Inapplicable ; Pass         ; Inapplicable ; Inapplicable ; Inapplicable ; Inapplicable ; Pass         ; Inapplicable ; Inapplicable ; Inapplicable ; Inapplicable ; Pass         ; Inapplicable ; Inapplicable ; Inapplicable ; Inapplicable ; Inapplicable ; Inapplicable ;
; resultMatrix[2][1][10] ; Inapplicable ; Inapplicable ; Inapplicable ; Inapplicable ; Inapplicable ; Pass      ; Inapplicable ; Inapplicable ; Pass      ; Pass      ; Inapplicable ; Pass         ; Inapplicable ; Inapplicable ; Inapplicable ; Inapplicable ; Pass         ; Inapplicable ; Inapplicable ; Inapplicable ; Inapplicable ; Pass         ; Inapplicable ; Inapplicable ; Inapplicable ; Inapplicable ; Inapplicable ; Inapplicable ;
; resultMatrix[2][1][11] ; Inapplicable ; Inapplicable ; Inapplicable ; Inapplicable ; Inapplicable ; Pass      ; Inapplicable ; Inapplicable ; Pass      ; Pass      ; Inapplicable ; Pass         ; Inapplicable ; Inapplicable ; Inapplicable ; Inapplicable ; Pass         ; Inapplicable ; Inapplicable ; Inapplicable ; Inapplicable ; Pass         ; Inapplicable ; Inapplicable ; Inapplicable ; Inapplicable ; Inapplicable ; Inapplicable ;
; resultMatrix[2][0][0]  ; Inapplicable ; Inapplicable ; Inapplicable ; Inapplicable ; Inapplicable ; Pass      ; Inapplicable ; Inapplicable ; Pass      ; Pass      ; Inapplicable ; Pass         ; Inapplicable ; Inapplicable ; Inapplicable ; Inapplicable ; Pass         ; Inapplicable ; Inapplicable ; Inapplicable ; Inapplicable ; Pass         ; Inapplicable ; Inapplicable ; Inapplicable ; Inapplicable ; Inapplicable ; Inapplicable ;
; resultMatrix[2][0][1]  ; Inapplicable ; Inapplicable ; Inapplicable ; Inapplicable ; Inapplicable ; Pass      ; Inapplicable ; Inapplicable ; Pass      ; Pass      ; Inapplicable ; Pass         ; Inapplicable ; Inapplicable ; Inapplicable ; Inapplicable ; Pass         ; Inapplicable ; Inapplicable ; Inapplicable ; Inapplicable ; Pass         ; Inapplicable ; Inapplicable ; Inapplicable ; Inapplicable ; Inapplicable ; Inapplicable ;
; resultMatrix[2][0][2]  ; Inapplicable ; Inapplicable ; Inapplicable ; Inapplicable ; Inapplicable ; Pass      ; Inapplicable ; Inapplicable ; Pass      ; Pass      ; Inapplicable ; Pass         ; Inapplicable ; Inapplicable ; Inapplicable ; Inapplicable ; Pass         ; Inapplicable ; Inapplicable ; Inapplicable ; Inapplicable ; Pass         ; Inapplicable ; Inapplicable ; Inapplicable ; Inapplicable ; Inapplicable ; Inapplicable ;
; resultMatrix[2][0][3]  ; Inapplicable ; Inapplicable ; Inapplicable ; Inapplicable ; Inapplicable ; Pass      ; Inapplicable ; Inapplicable ; Pass      ; Pass      ; Inapplicable ; Pass         ; Inapplicable ; Inapplicable ; Inapplicable ; Inapplicable ; Pass         ; Inapplicable ; Inapplicable ; Inapplicable ; Inapplicable ; Pass         ; Inapplicable ; Inapplicable ; Inapplicable ; Inapplicable ; Inapplicable ; Inapplicable ;
; resultMatrix[2][0][4]  ; Inapplicable ; Inapplicable ; Inapplicable ; Inapplicable ; Inapplicable ; Pass      ; Inapplicable ; Inapplicable ; Pass      ; Pass      ; Inapplicable ; Pass         ; Inapplicable ; Inapplicable ; Inapplicable ; Inapplicable ; Pass         ; Inapplicable ; Inapplicable ; Inapplicable ; Inapplicable ; Pass         ; Inapplicable ; Inapplicable ; Inapplicable ; Inapplicable ; Inapplicable ; Inapplicable ;
; resultMatrix[2][0][5]  ; Inapplicable ; Inapplicable ; Inapplicable ; Inapplicable ; Inapplicable ; Pass      ; Inapplicable ; Inapplicable ; Pass      ; Pass      ; Inapplicable ; Pass         ; Inapplicable ; Inapplicable ; Inapplicable ; Inapplicable ; Pass         ; Inapplicable ; Inapplicable ; Inapplicable ; Inapplicable ; Pass         ; Inapplicable ; Inapplicable ; Inapplicable ; Inapplicable ; Inapplicable ; Inapplicable ;
; resultMatrix[2][0][6]  ; Inapplicable ; Inapplicable ; Inapplicable ; Inapplicable ; Inapplicable ; Pass      ; Inapplicable ; Inapplicable ; Pass      ; Pass      ; Inapplicable ; Pass         ; Inapplicable ; Inapplicable ; Inapplicable ; Inapplicable ; Pass         ; Inapplicable ; Inapplicable ; Inapplicable ; Inapplicable ; Pass         ; Inapplicable ; Inapplicable ; Inapplicable ; Inapplicable ; Inapplicable ; Inapplicable ;
; resultMatrix[2][0][7]  ; Inapplicable ; Inapplicable ; Inapplicable ; Inapplicable ; Inapplicable ; Pass      ; Inapplicable ; Inapplicable ; Pass      ; Pass      ; Inapplicable ; Pass         ; Inapplicable ; Inapplicable ; Inapplicable ; Inapplicable ; Pass         ; Inapplicable ; Inapplicable ; Inapplicable ; Inapplicable ; Pass         ; Inapplicable ; Inapplicable ; Inapplicable ; Inapplicable ; Inapplicable ; Inapplicable ;
; resultMatrix[2][0][8]  ; Inapplicable ; Inapplicable ; Inapplicable ; Inapplicable ; Inapplicable ; Pass      ; Inapplicable ; Inapplicable ; Pass      ; Pass      ; Inapplicable ; Pass         ; Inapplicable ; Inapplicable ; Inapplicable ; Inapplicable ; Pass         ; Inapplicable ; Inapplicable ; Inapplicable ; Inapplicable ; Pass         ; Inapplicable ; Inapplicable ; Inapplicable ; Inapplicable ; Inapplicable ; Inapplicable ;
; resultMatrix[2][0][9]  ; Inapplicable ; Inapplicable ; Inapplicable ; Inapplicable ; Inapplicable ; Pass      ; Inapplicable ; Inapplicable ; Pass      ; Pass      ; Inapplicable ; Pass         ; Inapplicable ; Inapplicable ; Inapplicable ; Inapplicable ; Pass         ; Inapplicable ; Inapplicable ; Inapplicable ; Inapplicable ; Pass         ; Inapplicable ; Inapplicable ; Inapplicable ; Inapplicable ; Inapplicable ; Inapplicable ;
; resultMatrix[2][0][10] ; Inapplicable ; Inapplicable ; Inapplicable ; Inapplicable ; Inapplicable ; Pass      ; Inapplicable ; Inapplicable ; Pass      ; Pass      ; Inapplicable ; Pass         ; Inapplicable ; Inapplicable ; Inapplicable ; Inapplicable ; Pass         ; Inapplicable ; Inapplicable ; Inapplicable ; Inapplicable ; Pass         ; Inapplicable ; Inapplicable ; Inapplicable ; Inapplicable ; Inapplicable ; Inapplicable ;
; resultMatrix[2][0][11] ; Inapplicable ; Inapplicable ; Inapplicable ; Inapplicable ; Inapplicable ; Pass      ; Inapplicable ; Inapplicable ; Pass      ; Pass      ; Inapplicable ; Pass         ; Inapplicable ; Inapplicable ; Inapplicable ; Inapplicable ; Pass         ; Inapplicable ; Inapplicable ; Inapplicable ; Inapplicable ; Pass         ; Inapplicable ; Inapplicable ; Inapplicable ; Inapplicable ; Inapplicable ; Inapplicable ;
; resultMatrix[1][2][0]  ; Inapplicable ; Inapplicable ; Inapplicable ; Inapplicable ; Inapplicable ; Pass      ; Inapplicable ; Inapplicable ; Pass      ; Pass      ; Inapplicable ; Pass         ; Inapplicable ; Inapplicable ; Inapplicable ; Inapplicable ; Pass         ; Inapplicable ; Inapplicable ; Inapplicable ; Inapplicable ; Pass         ; Inapplicable ; Inapplicable ; Inapplicable ; Inapplicable ; Inapplicable ; Inapplicable ;
; resultMatrix[1][2][1]  ; Inapplicable ; Inapplicable ; Inapplicable ; Inapplicable ; Inapplicable ; Pass      ; Inapplicable ; Inapplicable ; Pass      ; Pass      ; Inapplicable ; Pass         ; Inapplicable ; Inapplicable ; Inapplicable ; Inapplicable ; Pass         ; Inapplicable ; Inapplicable ; Inapplicable ; Inapplicable ; Pass         ; Inapplicable ; Inapplicable ; Inapplicable ; Inapplicable ; Inapplicable ; Inapplicable ;
; resultMatrix[1][2][2]  ; Inapplicable ; Inapplicable ; Inapplicable ; Inapplicable ; Inapplicable ; Pass      ; Inapplicable ; Inapplicable ; Pass      ; Pass      ; Inapplicable ; Pass         ; Inapplicable ; Inapplicable ; Inapplicable ; Inapplicable ; Pass         ; Inapplicable ; Inapplicable ; Inapplicable ; Inapplicable ; Pass         ; Inapplicable ; Inapplicable ; Inapplicable ; Inapplicable ; Inapplicable ; Inapplicable ;
; resultMatrix[1][2][3]  ; Inapplicable ; Inapplicable ; Inapplicable ; Inapplicable ; Inapplicable ; Pass      ; Inapplicable ; Inapplicable ; Pass      ; Pass      ; Inapplicable ; Pass         ; Inapplicable ; Inapplicable ; Inapplicable ; Inapplicable ; Pass         ; Inapplicable ; Inapplicable ; Inapplicable ; Inapplicable ; Pass         ; Inapplicable ; Inapplicable ; Inapplicable ; Inapplicable ; Inapplicable ; Inapplicable ;
; resultMatrix[1][2][4]  ; Inapplicable ; Inapplicable ; Inapplicable ; Inapplicable ; Inapplicable ; Pass      ; Inapplicable ; Inapplicable ; Pass      ; Pass      ; Inapplicable ; Pass         ; Inapplicable ; Inapplicable ; Inapplicable ; Inapplicable ; Pass         ; Inapplicable ; Inapplicable ; Inapplicable ; Inapplicable ; Pass         ; Inapplicable ; Inapplicable ; Inapplicable ; Inapplicable ; Inapplicable ; Inapplicable ;
; resultMatrix[1][2][5]  ; Inapplicable ; Inapplicable ; Inapplicable ; Inapplicable ; Inapplicable ; Pass      ; Inapplicable ; Inapplicable ; Pass      ; Pass      ; Inapplicable ; Pass         ; Inapplicable ; Inapplicable ; Inapplicable ; Inapplicable ; Pass         ; Inapplicable ; Inapplicable ; Inapplicable ; Inapplicable ; Pass         ; Inapplicable ; Inapplicable ; Inapplicable ; Inapplicable ; Inapplicable ; Inapplicable ;
; resultMatrix[1][2][6]  ; Inapplicable ; Inapplicable ; Inapplicable ; Inapplicable ; Inapplicable ; Pass      ; Inapplicable ; Inapplicable ; Pass      ; Pass      ; Inapplicable ; Pass         ; Inapplicable ; Inapplicable ; Inapplicable ; Inapplicable ; Pass         ; Inapplicable ; Inapplicable ; Inapplicable ; Inapplicable ; Pass         ; Inapplicable ; Inapplicable ; Inapplicable ; Inapplicable ; Inapplicable ; Inapplicable ;
; resultMatrix[1][2][7]  ; Inapplicable ; Inapplicable ; Inapplicable ; Inapplicable ; Inapplicable ; Pass      ; Inapplicable ; Inapplicable ; Pass      ; Pass      ; Inapplicable ; Pass         ; Inapplicable ; Inapplicable ; Inapplicable ; Inapplicable ; Pass         ; Inapplicable ; Inapplicable ; Inapplicable ; Inapplicable ; Pass         ; Inapplicable ; Inapplicable ; Inapplicable ; Inapplicable ; Inapplicable ; Inapplicable ;
; resultMatrix[1][2][8]  ; Inapplicable ; Inapplicable ; Inapplicable ; Inapplicable ; Inapplicable ; Pass      ; Inapplicable ; Inapplicable ; Pass      ; Pass      ; Inapplicable ; Pass         ; Inapplicable ; Inapplicable ; Inapplicable ; Inapplicable ; Pass         ; Inapplicable ; Inapplicable ; Inapplicable ; Inapplicable ; Pass         ; Inapplicable ; Inapplicable ; Inapplicable ; Inapplicable ; Inapplicable ; Inapplicable ;
; resultMatrix[1][2][9]  ; Inapplicable ; Inapplicable ; Inapplicable ; Inapplicable ; Inapplicable ; Pass      ; Inapplicable ; Inapplicable ; Pass      ; Pass      ; Inapplicable ; Pass         ; Inapplicable ; Inapplicable ; Inapplicable ; Inapplicable ; Pass         ; Inapplicable ; Inapplicable ; Inapplicable ; Inapplicable ; Pass         ; Inapplicable ; Inapplicable ; Inapplicable ; Inapplicable ; Inapplicable ; Inapplicable ;
; resultMatrix[1][2][10] ; Inapplicable ; Inapplicable ; Inapplicable ; Inapplicable ; Inapplicable ; Pass      ; Inapplicable ; Inapplicable ; Pass      ; Pass      ; Inapplicable ; Pass         ; Inapplicable ; Inapplicable ; Inapplicable ; Inapplicable ; Pass         ; Inapplicable ; Inapplicable ; Inapplicable ; Inapplicable ; Pass         ; Inapplicable ; Inapplicable ; Inapplicable ; Inapplicable ; Inapplicable ; Inapplicable ;
; resultMatrix[1][2][11] ; Inapplicable ; Inapplicable ; Inapplicable ; Inapplicable ; Inapplicable ; Pass      ; Inapplicable ; Inapplicable ; Pass      ; Pass      ; Inapplicable ; Pass         ; Inapplicable ; Inapplicable ; Inapplicable ; Inapplicable ; Pass         ; Inapplicable ; Inapplicable ; Inapplicable ; Inapplicable ; Pass         ; Inapplicable ; Inapplicable ; Inapplicable ; Inapplicable ; Inapplicable ; Inapplicable ;
; resultMatrix[1][1][0]  ; Inapplicable ; Inapplicable ; Inapplicable ; Inapplicable ; Inapplicable ; Pass      ; Inapplicable ; Inapplicable ; Pass      ; Pass      ; Inapplicable ; Pass         ; Inapplicable ; Inapplicable ; Inapplicable ; Inapplicable ; Pass         ; Inapplicable ; Inapplicable ; Inapplicable ; Inapplicable ; Pass         ; Inapplicable ; Inapplicable ; Inapplicable ; Inapplicable ; Inapplicable ; Inapplicable ;
; resultMatrix[1][1][1]  ; Inapplicable ; Inapplicable ; Inapplicable ; Inapplicable ; Inapplicable ; Pass      ; Inapplicable ; Inapplicable ; Pass      ; Pass      ; Inapplicable ; Pass         ; Inapplicable ; Inapplicable ; Inapplicable ; Inapplicable ; Pass         ; Inapplicable ; Inapplicable ; Inapplicable ; Inapplicable ; Pass         ; Inapplicable ; Inapplicable ; Inapplicable ; Inapplicable ; Inapplicable ; Inapplicable ;
; resultMatrix[1][1][2]  ; Inapplicable ; Inapplicable ; Inapplicable ; Inapplicable ; Inapplicable ; Pass      ; Inapplicable ; Inapplicable ; Pass      ; Pass      ; Inapplicable ; Pass         ; Inapplicable ; Inapplicable ; Inapplicable ; Inapplicable ; Pass         ; Inapplicable ; Inapplicable ; Inapplicable ; Inapplicable ; Pass         ; Inapplicable ; Inapplicable ; Inapplicable ; Inapplicable ; Inapplicable ; Inapplicable ;
; resultMatrix[1][1][3]  ; Inapplicable ; Inapplicable ; Inapplicable ; Inapplicable ; Inapplicable ; Pass      ; Inapplicable ; Inapplicable ; Pass      ; Pass      ; Inapplicable ; Pass         ; Inapplicable ; Inapplicable ; Inapplicable ; Inapplicable ; Pass         ; Inapplicable ; Inapplicable ; Inapplicable ; Inapplicable ; Pass         ; Inapplicable ; Inapplicable ; Inapplicable ; Inapplicable ; Inapplicable ; Inapplicable ;
; resultMatrix[1][1][4]  ; Inapplicable ; Inapplicable ; Inapplicable ; Inapplicable ; Inapplicable ; Pass      ; Inapplicable ; Inapplicable ; Pass      ; Pass      ; Inapplicable ; Pass         ; Inapplicable ; Inapplicable ; Inapplicable ; Inapplicable ; Pass         ; Inapplicable ; Inapplicable ; Inapplicable ; Inapplicable ; Pass         ; Inapplicable ; Inapplicable ; Inapplicable ; Inapplicable ; Inapplicable ; Inapplicable ;
; resultMatrix[1][1][5]  ; Inapplicable ; Inapplicable ; Inapplicable ; Inapplicable ; Inapplicable ; Pass      ; Inapplicable ; Inapplicable ; Pass      ; Pass      ; Inapplicable ; Pass         ; Inapplicable ; Inapplicable ; Inapplicable ; Inapplicable ; Pass         ; Inapplicable ; Inapplicable ; Inapplicable ; Inapplicable ; Pass         ; Inapplicable ; Inapplicable ; Inapplicable ; Inapplicable ; Inapplicable ; Inapplicable ;
; resultMatrix[1][1][6]  ; Inapplicable ; Inapplicable ; Inapplicable ; Inapplicable ; Inapplicable ; Pass      ; Inapplicable ; Inapplicable ; Pass      ; Pass      ; Inapplicable ; Pass         ; Inapplicable ; Inapplicable ; Inapplicable ; Inapplicable ; Pass         ; Inapplicable ; Inapplicable ; Inapplicable ; Inapplicable ; Pass         ; Inapplicable ; Inapplicable ; Inapplicable ; Inapplicable ; Inapplicable ; Inapplicable ;
; resultMatrix[1][1][7]  ; Inapplicable ; Inapplicable ; Inapplicable ; Inapplicable ; Inapplicable ; Pass      ; Inapplicable ; Inapplicable ; Pass      ; Pass      ; Inapplicable ; Pass         ; Inapplicable ; Inapplicable ; Inapplicable ; Inapplicable ; Pass         ; Inapplicable ; Inapplicable ; Inapplicable ; Inapplicable ; Pass         ; Inapplicable ; Inapplicable ; Inapplicable ; Inapplicable ; Inapplicable ; Inapplicable ;
; resultMatrix[1][1][8]  ; Inapplicable ; Inapplicable ; Inapplicable ; Inapplicable ; Inapplicable ; Pass      ; Inapplicable ; Inapplicable ; Pass      ; Pass      ; Inapplicable ; Pass         ; Inapplicable ; Inapplicable ; Inapplicable ; Inapplicable ; Pass         ; Inapplicable ; Inapplicable ; Inapplicable ; Inapplicable ; Pass         ; Inapplicable ; Inapplicable ; Inapplicable ; Inapplicable ; Inapplicable ; Inapplicable ;
; resultMatrix[1][1][9]  ; Inapplicable ; Inapplicable ; Inapplicable ; Inapplicable ; Inapplicable ; Pass      ; Inapplicable ; Inapplicable ; Pass      ; Pass      ; Inapplicable ; Pass         ; Inapplicable ; Inapplicable ; Inapplicable ; Inapplicable ; Pass         ; Inapplicable ; Inapplicable ; Inapplicable ; Inapplicable ; Pass         ; Inapplicable ; Inapplicable ; Inapplicable ; Inapplicable ; Inapplicable ; Inapplicable ;
; resultMatrix[1][1][10] ; Inapplicable ; Inapplicable ; Inapplicable ; Inapplicable ; Inapplicable ; Pass      ; Inapplicable ; Inapplicable ; Pass      ; Pass      ; Inapplicable ; Pass         ; Inapplicable ; Inapplicable ; Inapplicable ; Inapplicable ; Pass         ; Inapplicable ; Inapplicable ; Inapplicable ; Inapplicable ; Pass         ; Inapplicable ; Inapplicable ; Inapplicable ; Inapplicable ; Inapplicable ; Inapplicable ;
; resultMatrix[1][1][11] ; Inapplicable ; Inapplicable ; Inapplicable ; Inapplicable ; Inapplicable ; Pass      ; Inapplicable ; Inapplicable ; Pass      ; Pass      ; Inapplicable ; Pass         ; Inapplicable ; Inapplicable ; Inapplicable ; Inapplicable ; Pass         ; Inapplicable ; Inapplicable ; Inapplicable ; Inapplicable ; Pass         ; Inapplicable ; Inapplicable ; Inapplicable ; Inapplicable ; Inapplicable ; Inapplicable ;
; resultMatrix[1][0][0]  ; Inapplicable ; Inapplicable ; Inapplicable ; Inapplicable ; Inapplicable ; Pass      ; Inapplicable ; Inapplicable ; Pass      ; Pass      ; Inapplicable ; Pass         ; Inapplicable ; Inapplicable ; Inapplicable ; Inapplicable ; Pass         ; Inapplicable ; Inapplicable ; Inapplicable ; Inapplicable ; Pass         ; Inapplicable ; Inapplicable ; Inapplicable ; Inapplicable ; Inapplicable ; Inapplicable ;
; resultMatrix[1][0][1]  ; Inapplicable ; Inapplicable ; Inapplicable ; Inapplicable ; Inapplicable ; Pass      ; Inapplicable ; Inapplicable ; Pass      ; Pass      ; Inapplicable ; Pass         ; Inapplicable ; Inapplicable ; Inapplicable ; Inapplicable ; Pass         ; Inapplicable ; Inapplicable ; Inapplicable ; Inapplicable ; Pass         ; Inapplicable ; Inapplicable ; Inapplicable ; Inapplicable ; Inapplicable ; Inapplicable ;
; resultMatrix[1][0][2]  ; Inapplicable ; Inapplicable ; Inapplicable ; Inapplicable ; Inapplicable ; Pass      ; Inapplicable ; Inapplicable ; Pass      ; Pass      ; Inapplicable ; Pass         ; Inapplicable ; Inapplicable ; Inapplicable ; Inapplicable ; Pass         ; Inapplicable ; Inapplicable ; Inapplicable ; Inapplicable ; Pass         ; Inapplicable ; Inapplicable ; Inapplicable ; Inapplicable ; Inapplicable ; Inapplicable ;
; resultMatrix[1][0][3]  ; Inapplicable ; Inapplicable ; Inapplicable ; Inapplicable ; Inapplicable ; Pass      ; Inapplicable ; Inapplicable ; Pass      ; Pass      ; Inapplicable ; Pass         ; Inapplicable ; Inapplicable ; Inapplicable ; Inapplicable ; Pass         ; Inapplicable ; Inapplicable ; Inapplicable ; Inapplicable ; Pass         ; Inapplicable ; Inapplicable ; Inapplicable ; Inapplicable ; Inapplicable ; Inapplicable ;
; resultMatrix[1][0][4]  ; Inapplicable ; Inapplicable ; Inapplicable ; Inapplicable ; Inapplicable ; Pass      ; Inapplicable ; Inapplicable ; Pass      ; Pass      ; Inapplicable ; Pass         ; Inapplicable ; Inapplicable ; Inapplicable ; Inapplicable ; Pass         ; Inapplicable ; Inapplicable ; Inapplicable ; Inapplicable ; Pass         ; Inapplicable ; Inapplicable ; Inapplicable ; Inapplicable ; Inapplicable ; Inapplicable ;
; resultMatrix[1][0][5]  ; Inapplicable ; Inapplicable ; Inapplicable ; Inapplicable ; Inapplicable ; Pass      ; Inapplicable ; Inapplicable ; Pass      ; Pass      ; Inapplicable ; Pass         ; Inapplicable ; Inapplicable ; Inapplicable ; Inapplicable ; Pass         ; Inapplicable ; Inapplicable ; Inapplicable ; Inapplicable ; Pass         ; Inapplicable ; Inapplicable ; Inapplicable ; Inapplicable ; Inapplicable ; Inapplicable ;
; resultMatrix[1][0][6]  ; Inapplicable ; Inapplicable ; Inapplicable ; Inapplicable ; Inapplicable ; Pass      ; Inapplicable ; Inapplicable ; Pass      ; Pass      ; Inapplicable ; Pass         ; Inapplicable ; Inapplicable ; Inapplicable ; Inapplicable ; Pass         ; Inapplicable ; Inapplicable ; Inapplicable ; Inapplicable ; Pass         ; Inapplicable ; Inapplicable ; Inapplicable ; Inapplicable ; Inapplicable ; Inapplicable ;
; resultMatrix[1][0][7]  ; Inapplicable ; Inapplicable ; Inapplicable ; Inapplicable ; Inapplicable ; Pass      ; Inapplicable ; Inapplicable ; Pass      ; Pass      ; Inapplicable ; Pass         ; Inapplicable ; Inapplicable ; Inapplicable ; Inapplicable ; Pass         ; Inapplicable ; Inapplicable ; Inapplicable ; Inapplicable ; Pass         ; Inapplicable ; Inapplicable ; Inapplicable ; Inapplicable ; Inapplicable ; Inapplicable ;
; resultMatrix[1][0][8]  ; Inapplicable ; Inapplicable ; Inapplicable ; Inapplicable ; Inapplicable ; Pass      ; Inapplicable ; Inapplicable ; Pass      ; Pass      ; Inapplicable ; Pass         ; Inapplicable ; Inapplicable ; Inapplicable ; Inapplicable ; Pass         ; Inapplicable ; Inapplicable ; Inapplicable ; Inapplicable ; Pass         ; Inapplicable ; Inapplicable ; Inapplicable ; Inapplicable ; Inapplicable ; Inapplicable ;
; resultMatrix[1][0][9]  ; Inapplicable ; Inapplicable ; Inapplicable ; Inapplicable ; Inapplicable ; Pass      ; Inapplicable ; Inapplicable ; Pass      ; Pass      ; Inapplicable ; Pass         ; Inapplicable ; Inapplicable ; Inapplicable ; Inapplicable ; Pass         ; Inapplicable ; Inapplicable ; Inapplicable ; Inapplicable ; Pass         ; Inapplicable ; Inapplicable ; Inapplicable ; Inapplicable ; Inapplicable ; Inapplicable ;
; resultMatrix[1][0][10] ; Inapplicable ; Inapplicable ; Inapplicable ; Inapplicable ; Inapplicable ; Pass      ; Inapplicable ; Inapplicable ; Pass      ; Pass      ; Inapplicable ; Pass         ; Inapplicable ; Inapplicable ; Inapplicable ; Inapplicable ; Pass         ; Inapplicable ; Inapplicable ; Inapplicable ; Inapplicable ; Pass         ; Inapplicable ; Inapplicable ; Inapplicable ; Inapplicable ; Inapplicable ; Inapplicable ;
; resultMatrix[1][0][11] ; Inapplicable ; Inapplicable ; Inapplicable ; Inapplicable ; Inapplicable ; Pass      ; Inapplicable ; Inapplicable ; Pass      ; Pass      ; Inapplicable ; Pass         ; Inapplicable ; Inapplicable ; Inapplicable ; Inapplicable ; Pass         ; Inapplicable ; Inapplicable ; Inapplicable ; Inapplicable ; Pass         ; Inapplicable ; Inapplicable ; Inapplicable ; Inapplicable ; Inapplicable ; Inapplicable ;
; resultMatrix[0][2][0]  ; Inapplicable ; Inapplicable ; Inapplicable ; Inapplicable ; Inapplicable ; Pass      ; Inapplicable ; Inapplicable ; Pass      ; Pass      ; Inapplicable ; Pass         ; Inapplicable ; Inapplicable ; Inapplicable ; Inapplicable ; Pass         ; Inapplicable ; Inapplicable ; Inapplicable ; Inapplicable ; Pass         ; Inapplicable ; Inapplicable ; Inapplicable ; Inapplicable ; Inapplicable ; Inapplicable ;
; resultMatrix[0][2][1]  ; Inapplicable ; Inapplicable ; Inapplicable ; Inapplicable ; Inapplicable ; Pass      ; Inapplicable ; Inapplicable ; Pass      ; Pass      ; Inapplicable ; Pass         ; Inapplicable ; Inapplicable ; Inapplicable ; Inapplicable ; Pass         ; Inapplicable ; Inapplicable ; Inapplicable ; Inapplicable ; Pass         ; Inapplicable ; Inapplicable ; Inapplicable ; Inapplicable ; Inapplicable ; Inapplicable ;
; resultMatrix[0][2][2]  ; Inapplicable ; Inapplicable ; Inapplicable ; Inapplicable ; Inapplicable ; Pass      ; Inapplicable ; Inapplicable ; Pass      ; Pass      ; Inapplicable ; Pass         ; Inapplicable ; Inapplicable ; Inapplicable ; Inapplicable ; Pass         ; Inapplicable ; Inapplicable ; Inapplicable ; Inapplicable ; Pass         ; Inapplicable ; Inapplicable ; Inapplicable ; Inapplicable ; Inapplicable ; Inapplicable ;
; resultMatrix[0][2][3]  ; Inapplicable ; Inapplicable ; Inapplicable ; Inapplicable ; Inapplicable ; Pass      ; Inapplicable ; Inapplicable ; Pass      ; Pass      ; Inapplicable ; Pass         ; Inapplicable ; Inapplicable ; Inapplicable ; Inapplicable ; Pass         ; Inapplicable ; Inapplicable ; Inapplicable ; Inapplicable ; Pass         ; Inapplicable ; Inapplicable ; Inapplicable ; Inapplicable ; Inapplicable ; Inapplicable ;
; resultMatrix[0][2][4]  ; Inapplicable ; Inapplicable ; Inapplicable ; Inapplicable ; Inapplicable ; Pass      ; Inapplicable ; Inapplicable ; Pass      ; Pass      ; Inapplicable ; Pass         ; Inapplicable ; Inapplicable ; Inapplicable ; Inapplicable ; Pass         ; Inapplicable ; Inapplicable ; Inapplicable ; Inapplicable ; Pass         ; Inapplicable ; Inapplicable ; Inapplicable ; Inapplicable ; Inapplicable ; Inapplicable ;
; resultMatrix[0][2][5]  ; Inapplicable ; Inapplicable ; Inapplicable ; Inapplicable ; Inapplicable ; Pass      ; Inapplicable ; Inapplicable ; Pass      ; Pass      ; Inapplicable ; Pass         ; Inapplicable ; Inapplicable ; Inapplicable ; Inapplicable ; Pass         ; Inapplicable ; Inapplicable ; Inapplicable ; Inapplicable ; Pass         ; Inapplicable ; Inapplicable ; Inapplicable ; Inapplicable ; Inapplicable ; Inapplicable ;
; resultMatrix[0][2][6]  ; Inapplicable ; Inapplicable ; Inapplicable ; Inapplicable ; Inapplicable ; Pass      ; Inapplicable ; Inapplicable ; Pass      ; Pass      ; Inapplicable ; Pass         ; Inapplicable ; Inapplicable ; Inapplicable ; Inapplicable ; Pass         ; Inapplicable ; Inapplicable ; Inapplicable ; Inapplicable ; Pass         ; Inapplicable ; Inapplicable ; Inapplicable ; Inapplicable ; Inapplicable ; Inapplicable ;
; resultMatrix[0][2][7]  ; Inapplicable ; Inapplicable ; Inapplicable ; Inapplicable ; Inapplicable ; Pass      ; Inapplicable ; Inapplicable ; Pass      ; Pass      ; Inapplicable ; Pass         ; Inapplicable ; Inapplicable ; Inapplicable ; Inapplicable ; Pass         ; Inapplicable ; Inapplicable ; Inapplicable ; Inapplicable ; Pass         ; Inapplicable ; Inapplicable ; Inapplicable ; Inapplicable ; Inapplicable ; Inapplicable ;
; resultMatrix[0][2][8]  ; Inapplicable ; Inapplicable ; Inapplicable ; Inapplicable ; Inapplicable ; Pass      ; Inapplicable ; Inapplicable ; Pass      ; Pass      ; Inapplicable ; Pass         ; Inapplicable ; Inapplicable ; Inapplicable ; Inapplicable ; Pass         ; Inapplicable ; Inapplicable ; Inapplicable ; Inapplicable ; Pass         ; Inapplicable ; Inapplicable ; Inapplicable ; Inapplicable ; Inapplicable ; Inapplicable ;
; resultMatrix[0][2][9]  ; Inapplicable ; Inapplicable ; Inapplicable ; Inapplicable ; Inapplicable ; Pass      ; Inapplicable ; Inapplicable ; Pass      ; Pass      ; Inapplicable ; Pass         ; Inapplicable ; Inapplicable ; Inapplicable ; Inapplicable ; Pass         ; Inapplicable ; Inapplicable ; Inapplicable ; Inapplicable ; Pass         ; Inapplicable ; Inapplicable ; Inapplicable ; Inapplicable ; Inapplicable ; Inapplicable ;
; resultMatrix[0][2][10] ; Inapplicable ; Inapplicable ; Inapplicable ; Inapplicable ; Inapplicable ; Pass      ; Inapplicable ; Inapplicable ; Pass      ; Pass      ; Inapplicable ; Pass         ; Inapplicable ; Inapplicable ; Inapplicable ; Inapplicable ; Pass         ; Inapplicable ; Inapplicable ; Inapplicable ; Inapplicable ; Pass         ; Inapplicable ; Inapplicable ; Inapplicable ; Inapplicable ; Inapplicable ; Inapplicable ;
; resultMatrix[0][2][11] ; Inapplicable ; Inapplicable ; Inapplicable ; Inapplicable ; Inapplicable ; Pass      ; Inapplicable ; Inapplicable ; Pass      ; Pass      ; Inapplicable ; Pass         ; Inapplicable ; Inapplicable ; Inapplicable ; Inapplicable ; Pass         ; Inapplicable ; Inapplicable ; Inapplicable ; Inapplicable ; Pass         ; Inapplicable ; Inapplicable ; Inapplicable ; Inapplicable ; Inapplicable ; Inapplicable ;
; resultMatrix[0][1][0]  ; Inapplicable ; Inapplicable ; Inapplicable ; Inapplicable ; Inapplicable ; Pass      ; Inapplicable ; Inapplicable ; Pass      ; Pass      ; Inapplicable ; Pass         ; Inapplicable ; Inapplicable ; Inapplicable ; Inapplicable ; Pass         ; Inapplicable ; Inapplicable ; Inapplicable ; Inapplicable ; Pass         ; Inapplicable ; Inapplicable ; Inapplicable ; Inapplicable ; Inapplicable ; Inapplicable ;
; resultMatrix[0][1][1]  ; Inapplicable ; Inapplicable ; Inapplicable ; Inapplicable ; Inapplicable ; Pass      ; Inapplicable ; Inapplicable ; Pass      ; Pass      ; Inapplicable ; Pass         ; Inapplicable ; Inapplicable ; Inapplicable ; Inapplicable ; Pass         ; Inapplicable ; Inapplicable ; Inapplicable ; Inapplicable ; Pass         ; Inapplicable ; Inapplicable ; Inapplicable ; Inapplicable ; Inapplicable ; Inapplicable ;
; resultMatrix[0][1][2]  ; Inapplicable ; Inapplicable ; Inapplicable ; Inapplicable ; Inapplicable ; Pass      ; Inapplicable ; Inapplicable ; Pass      ; Pass      ; Inapplicable ; Pass         ; Inapplicable ; Inapplicable ; Inapplicable ; Inapplicable ; Pass         ; Inapplicable ; Inapplicable ; Inapplicable ; Inapplicable ; Pass         ; Inapplicable ; Inapplicable ; Inapplicable ; Inapplicable ; Inapplicable ; Inapplicable ;
; resultMatrix[0][1][3]  ; Inapplicable ; Inapplicable ; Inapplicable ; Inapplicable ; Inapplicable ; Pass      ; Inapplicable ; Inapplicable ; Pass      ; Pass      ; Inapplicable ; Pass         ; Inapplicable ; Inapplicable ; Inapplicable ; Inapplicable ; Pass         ; Inapplicable ; Inapplicable ; Inapplicable ; Inapplicable ; Pass         ; Inapplicable ; Inapplicable ; Inapplicable ; Inapplicable ; Inapplicable ; Inapplicable ;
; resultMatrix[0][1][4]  ; Inapplicable ; Inapplicable ; Inapplicable ; Inapplicable ; Inapplicable ; Pass      ; Inapplicable ; Inapplicable ; Pass      ; Pass      ; Inapplicable ; Pass         ; Inapplicable ; Inapplicable ; Inapplicable ; Inapplicable ; Pass         ; Inapplicable ; Inapplicable ; Inapplicable ; Inapplicable ; Pass         ; Inapplicable ; Inapplicable ; Inapplicable ; Inapplicable ; Inapplicable ; Inapplicable ;
; resultMatrix[0][1][5]  ; Inapplicable ; Inapplicable ; Inapplicable ; Inapplicable ; Inapplicable ; Pass      ; Inapplicable ; Inapplicable ; Pass      ; Pass      ; Inapplicable ; Pass         ; Inapplicable ; Inapplicable ; Inapplicable ; Inapplicable ; Pass         ; Inapplicable ; Inapplicable ; Inapplicable ; Inapplicable ; Pass         ; Inapplicable ; Inapplicable ; Inapplicable ; Inapplicable ; Inapplicable ; Inapplicable ;
; resultMatrix[0][1][6]  ; Inapplicable ; Inapplicable ; Inapplicable ; Inapplicable ; Inapplicable ; Pass      ; Inapplicable ; Inapplicable ; Pass      ; Pass      ; Inapplicable ; Pass         ; Inapplicable ; Inapplicable ; Inapplicable ; Inapplicable ; Pass         ; Inapplicable ; Inapplicable ; Inapplicable ; Inapplicable ; Pass         ; Inapplicable ; Inapplicable ; Inapplicable ; Inapplicable ; Inapplicable ; Inapplicable ;
; resultMatrix[0][1][7]  ; Inapplicable ; Inapplicable ; Inapplicable ; Inapplicable ; Inapplicable ; Pass      ; Inapplicable ; Inapplicable ; Pass      ; Pass      ; Inapplicable ; Pass         ; Inapplicable ; Inapplicable ; Inapplicable ; Inapplicable ; Pass         ; Inapplicable ; Inapplicable ; Inapplicable ; Inapplicable ; Pass         ; Inapplicable ; Inapplicable ; Inapplicable ; Inapplicable ; Inapplicable ; Inapplicable ;
; resultMatrix[0][1][8]  ; Inapplicable ; Inapplicable ; Inapplicable ; Inapplicable ; Inapplicable ; Pass      ; Inapplicable ; Inapplicable ; Pass      ; Pass      ; Inapplicable ; Pass         ; Inapplicable ; Inapplicable ; Inapplicable ; Inapplicable ; Pass         ; Inapplicable ; Inapplicable ; Inapplicable ; Inapplicable ; Pass         ; Inapplicable ; Inapplicable ; Inapplicable ; Inapplicable ; Inapplicable ; Inapplicable ;
; resultMatrix[0][1][9]  ; Inapplicable ; Inapplicable ; Inapplicable ; Inapplicable ; Inapplicable ; Pass      ; Inapplicable ; Inapplicable ; Pass      ; Pass      ; Inapplicable ; Pass         ; Inapplicable ; Inapplicable ; Inapplicable ; Inapplicable ; Pass         ; Inapplicable ; Inapplicable ; Inapplicable ; Inapplicable ; Pass         ; Inapplicable ; Inapplicable ; Inapplicable ; Inapplicable ; Inapplicable ; Inapplicable ;
; resultMatrix[0][1][10] ; Inapplicable ; Inapplicable ; Inapplicable ; Inapplicable ; Inapplicable ; Pass      ; Inapplicable ; Inapplicable ; Pass      ; Pass      ; Inapplicable ; Pass         ; Inapplicable ; Inapplicable ; Inapplicable ; Inapplicable ; Pass         ; Inapplicable ; Inapplicable ; Inapplicable ; Inapplicable ; Pass         ; Inapplicable ; Inapplicable ; Inapplicable ; Inapplicable ; Inapplicable ; Inapplicable ;
; resultMatrix[0][1][11] ; Inapplicable ; Inapplicable ; Inapplicable ; Inapplicable ; Inapplicable ; Pass      ; Inapplicable ; Inapplicable ; Pass      ; Pass      ; Inapplicable ; Pass         ; Inapplicable ; Inapplicable ; Inapplicable ; Inapplicable ; Pass         ; Inapplicable ; Inapplicable ; Inapplicable ; Inapplicable ; Pass         ; Inapplicable ; Inapplicable ; Inapplicable ; Inapplicable ; Inapplicable ; Inapplicable ;
; resultMatrix[0][0][0]  ; Inapplicable ; Inapplicable ; Inapplicable ; Inapplicable ; Inapplicable ; Pass      ; Inapplicable ; Inapplicable ; Pass      ; Pass      ; Inapplicable ; Pass         ; Inapplicable ; Inapplicable ; Inapplicable ; Inapplicable ; Pass         ; Inapplicable ; Inapplicable ; Inapplicable ; Inapplicable ; Pass         ; Inapplicable ; Inapplicable ; Inapplicable ; Inapplicable ; Inapplicable ; Inapplicable ;
; resultMatrix[0][0][1]  ; Inapplicable ; Inapplicable ; Inapplicable ; Inapplicable ; Inapplicable ; Pass      ; Inapplicable ; Inapplicable ; Pass      ; Pass      ; Inapplicable ; Pass         ; Inapplicable ; Inapplicable ; Inapplicable ; Inapplicable ; Pass         ; Inapplicable ; Inapplicable ; Inapplicable ; Inapplicable ; Pass         ; Inapplicable ; Inapplicable ; Inapplicable ; Inapplicable ; Inapplicable ; Inapplicable ;
; resultMatrix[0][0][2]  ; Inapplicable ; Inapplicable ; Inapplicable ; Inapplicable ; Inapplicable ; Pass      ; Inapplicable ; Inapplicable ; Pass      ; Pass      ; Inapplicable ; Pass         ; Inapplicable ; Inapplicable ; Inapplicable ; Inapplicable ; Pass         ; Inapplicable ; Inapplicable ; Inapplicable ; Inapplicable ; Pass         ; Inapplicable ; Inapplicable ; Inapplicable ; Inapplicable ; Inapplicable ; Inapplicable ;
; resultMatrix[0][0][3]  ; Inapplicable ; Inapplicable ; Inapplicable ; Inapplicable ; Inapplicable ; Pass      ; Inapplicable ; Inapplicable ; Pass      ; Pass      ; Inapplicable ; Pass         ; Inapplicable ; Inapplicable ; Inapplicable ; Inapplicable ; Pass         ; Inapplicable ; Inapplicable ; Inapplicable ; Inapplicable ; Pass         ; Inapplicable ; Inapplicable ; Inapplicable ; Inapplicable ; Inapplicable ; Inapplicable ;
; resultMatrix[0][0][4]  ; Inapplicable ; Inapplicable ; Inapplicable ; Inapplicable ; Inapplicable ; Pass      ; Inapplicable ; Inapplicable ; Pass      ; Pass      ; Inapplicable ; Pass         ; Inapplicable ; Inapplicable ; Inapplicable ; Inapplicable ; Pass         ; Inapplicable ; Inapplicable ; Inapplicable ; Inapplicable ; Pass         ; Inapplicable ; Inapplicable ; Inapplicable ; Inapplicable ; Inapplicable ; Inapplicable ;
; resultMatrix[0][0][5]  ; Inapplicable ; Inapplicable ; Inapplicable ; Inapplicable ; Inapplicable ; Pass      ; Inapplicable ; Inapplicable ; Pass      ; Pass      ; Inapplicable ; Pass         ; Inapplicable ; Inapplicable ; Inapplicable ; Inapplicable ; Pass         ; Inapplicable ; Inapplicable ; Inapplicable ; Inapplicable ; Pass         ; Inapplicable ; Inapplicable ; Inapplicable ; Inapplicable ; Inapplicable ; Inapplicable ;
; resultMatrix[0][0][6]  ; Inapplicable ; Inapplicable ; Inapplicable ; Inapplicable ; Inapplicable ; Pass      ; Inapplicable ; Inapplicable ; Pass      ; Pass      ; Inapplicable ; Pass         ; Inapplicable ; Inapplicable ; Inapplicable ; Inapplicable ; Pass         ; Inapplicable ; Inapplicable ; Inapplicable ; Inapplicable ; Pass         ; Inapplicable ; Inapplicable ; Inapplicable ; Inapplicable ; Inapplicable ; Inapplicable ;
; resultMatrix[0][0][7]  ; Inapplicable ; Inapplicable ; Inapplicable ; Inapplicable ; Inapplicable ; Pass      ; Inapplicable ; Inapplicable ; Pass      ; Pass      ; Inapplicable ; Pass         ; Inapplicable ; Inapplicable ; Inapplicable ; Inapplicable ; Pass         ; Inapplicable ; Inapplicable ; Inapplicable ; Inapplicable ; Pass         ; Inapplicable ; Inapplicable ; Inapplicable ; Inapplicable ; Inapplicable ; Inapplicable ;
; resultMatrix[0][0][8]  ; Inapplicable ; Inapplicable ; Inapplicable ; Inapplicable ; Inapplicable ; Pass      ; Inapplicable ; Inapplicable ; Pass      ; Pass      ; Inapplicable ; Pass         ; Inapplicable ; Inapplicable ; Inapplicable ; Inapplicable ; Pass         ; Inapplicable ; Inapplicable ; Inapplicable ; Inapplicable ; Pass         ; Inapplicable ; Inapplicable ; Inapplicable ; Inapplicable ; Inapplicable ; Inapplicable ;
; resultMatrix[0][0][9]  ; Inapplicable ; Inapplicable ; Inapplicable ; Inapplicable ; Inapplicable ; Pass      ; Inapplicable ; Inapplicable ; Pass      ; Pass      ; Inapplicable ; Pass         ; Inapplicable ; Inapplicable ; Inapplicable ; Inapplicable ; Pass         ; Inapplicable ; Inapplicable ; Inapplicable ; Inapplicable ; Pass         ; Inapplicable ; Inapplicable ; Inapplicable ; Inapplicable ; Inapplicable ; Inapplicable ;
; resultMatrix[0][0][10] ; Inapplicable ; Inapplicable ; Inapplicable ; Inapplicable ; Inapplicable ; Pass      ; Inapplicable ; Inapplicable ; Pass      ; Pass      ; Inapplicable ; Pass         ; Inapplicable ; Inapplicable ; Inapplicable ; Inapplicable ; Pass         ; Inapplicable ; Inapplicable ; Inapplicable ; Inapplicable ; Pass         ; Inapplicable ; Inapplicable ; Inapplicable ; Inapplicable ; Inapplicable ; Inapplicable ;
; resultMatrix[0][0][11] ; Inapplicable ; Inapplicable ; Inapplicable ; Inapplicable ; Inapplicable ; Pass      ; Inapplicable ; Inapplicable ; Pass      ; Pass      ; Inapplicable ; Pass         ; Inapplicable ; Inapplicable ; Inapplicable ; Inapplicable ; Pass         ; Inapplicable ; Inapplicable ; Inapplicable ; Inapplicable ; Pass         ; Inapplicable ; Inapplicable ; Inapplicable ; Inapplicable ; Inapplicable ; Inapplicable ;
; clk                    ; Inapplicable ; Inapplicable ; Inapplicable ; Inapplicable ; Inapplicable ; Pass      ; Inapplicable ; Inapplicable ; Pass      ; Pass      ; Inapplicable ; Inapplicable ; Inapplicable ; Inapplicable ; Inapplicable ; Inapplicable ; Inapplicable ; Inapplicable ; Inapplicable ; Inapplicable ; Inapplicable ; Inapplicable ; Inapplicable ; Inapplicable ; Inapplicable ; Inapplicable ; Inapplicable ; Inapplicable ;
; rst_n                  ; Inapplicable ; Inapplicable ; Inapplicable ; Inapplicable ; Inapplicable ; Pass      ; Inapplicable ; Inapplicable ; Pass      ; Pass      ; Inapplicable ; Inapplicable ; Inapplicable ; Inapplicable ; Inapplicable ; Inapplicable ; Inapplicable ; Inapplicable ; Inapplicable ; Inapplicable ; Inapplicable ; Inapplicable ; Inapplicable ; Inapplicable ; Inapplicable ; Inapplicable ; Inapplicable ; Inapplicable ;
; matrixA[2][2][0]       ; Inapplicable ; Inapplicable ; Inapplicable ; Inapplicable ; Inapplicable ; Pass      ; Inapplicable ; Inapplicable ; Pass      ; Pass      ; Inapplicable ; Inapplicable ; Inapplicable ; Inapplicable ; Inapplicable ; Inapplicable ; Inapplicable ; Inapplicable ; Inapplicable ; Inapplicable ; Inapplicable ; Inapplicable ; Inapplicable ; Inapplicable ; Inapplicable ; Inapplicable ; Inapplicable ; Inapplicable ;
; matrixA[2][1][0]       ; Inapplicable ; Inapplicable ; Inapplicable ; Inapplicable ; Inapplicable ; Pass      ; Inapplicable ; Inapplicable ; Pass      ; Pass      ; Inapplicable ; Inapplicable ; Inapplicable ; Inapplicable ; Inapplicable ; Inapplicable ; Inapplicable ; Inapplicable ; Inapplicable ; Inapplicable ; Inapplicable ; Inapplicable ; Inapplicable ; Inapplicable ; Inapplicable ; Inapplicable ; Inapplicable ; Inapplicable ;
; matrixA[2][0][0]       ; Inapplicable ; Inapplicable ; Inapplicable ; Inapplicable ; Inapplicable ; Pass      ; Inapplicable ; Inapplicable ; Pass      ; Pass      ; Inapplicable ; Inapplicable ; Inapplicable ; Inapplicable ; Inapplicable ; Inapplicable ; Inapplicable ; Inapplicable ; Inapplicable ; Inapplicable ; Inapplicable ; Inapplicable ; Inapplicable ; Inapplicable ; Inapplicable ; Inapplicable ; Inapplicable ; Inapplicable ;
; matrixA[2][2][1]       ; Inapplicable ; Inapplicable ; Inapplicable ; Inapplicable ; Inapplicable ; Pass      ; Inapplicable ; Inapplicable ; Pass      ; Pass      ; Inapplicable ; Inapplicable ; Inapplicable ; Inapplicable ; Inapplicable ; Inapplicable ; Inapplicable ; Inapplicable ; Inapplicable ; Inapplicable ; Inapplicable ; Inapplicable ; Inapplicable ; Inapplicable ; Inapplicable ; Inapplicable ; Inapplicable ; Inapplicable ;
; matrixA[2][1][1]       ; Inapplicable ; Inapplicable ; Inapplicable ; Inapplicable ; Inapplicable ; Pass      ; Inapplicable ; Inapplicable ; Pass      ; Pass      ; Inapplicable ; Inapplicable ; Inapplicable ; Inapplicable ; Inapplicable ; Inapplicable ; Inapplicable ; Inapplicable ; Inapplicable ; Inapplicable ; Inapplicable ; Inapplicable ; Inapplicable ; Inapplicable ; Inapplicable ; Inapplicable ; Inapplicable ; Inapplicable ;
; matrixA[2][0][1]       ; Inapplicable ; Inapplicable ; Inapplicable ; Inapplicable ; Inapplicable ; Pass      ; Inapplicable ; Inapplicable ; Pass      ; Pass      ; Inapplicable ; Inapplicable ; Inapplicable ; Inapplicable ; Inapplicable ; Inapplicable ; Inapplicable ; Inapplicable ; Inapplicable ; Inapplicable ; Inapplicable ; Inapplicable ; Inapplicable ; Inapplicable ; Inapplicable ; Inapplicable ; Inapplicable ; Inapplicable ;
; matrixA[2][2][2]       ; Inapplicable ; Inapplicable ; Inapplicable ; Inapplicable ; Inapplicable ; Pass      ; Inapplicable ; Inapplicable ; Pass      ; Pass      ; Inapplicable ; Inapplicable ; Inapplicable ; Inapplicable ; Inapplicable ; Inapplicable ; Inapplicable ; Inapplicable ; Inapplicable ; Inapplicable ; Inapplicable ; Inapplicable ; Inapplicable ; Inapplicable ; Inapplicable ; Inapplicable ; Inapplicable ; Inapplicable ;
; matrixA[2][1][2]       ; Inapplicable ; Inapplicable ; Inapplicable ; Inapplicable ; Inapplicable ; Pass      ; Inapplicable ; Inapplicable ; Pass      ; Pass      ; Inapplicable ; Inapplicable ; Inapplicable ; Inapplicable ; Inapplicable ; Inapplicable ; Inapplicable ; Inapplicable ; Inapplicable ; Inapplicable ; Inapplicable ; Inapplicable ; Inapplicable ; Inapplicable ; Inapplicable ; Inapplicable ; Inapplicable ; Inapplicable ;
; matrixA[2][0][2]       ; Inapplicable ; Inapplicable ; Inapplicable ; Inapplicable ; Inapplicable ; Pass      ; Inapplicable ; Inapplicable ; Pass      ; Pass      ; Inapplicable ; Inapplicable ; Inapplicable ; Inapplicable ; Inapplicable ; Inapplicable ; Inapplicable ; Inapplicable ; Inapplicable ; Inapplicable ; Inapplicable ; Inapplicable ; Inapplicable ; Inapplicable ; Inapplicable ; Inapplicable ; Inapplicable ; Inapplicable ;
; matrixA[2][2][3]       ; Inapplicable ; Inapplicable ; Inapplicable ; Inapplicable ; Inapplicable ; Pass      ; Inapplicable ; Inapplicable ; Pass      ; Pass      ; Inapplicable ; Inapplicable ; Inapplicable ; Inapplicable ; Inapplicable ; Inapplicable ; Inapplicable ; Inapplicable ; Inapplicable ; Inapplicable ; Inapplicable ; Inapplicable ; Inapplicable ; Inapplicable ; Inapplicable ; Inapplicable ; Inapplicable ; Inapplicable ;
; matrixA[2][1][3]       ; Inapplicable ; Inapplicable ; Inapplicable ; Inapplicable ; Inapplicable ; Pass      ; Inapplicable ; Inapplicable ; Pass      ; Pass      ; Inapplicable ; Inapplicable ; Inapplicable ; Inapplicable ; Inapplicable ; Inapplicable ; Inapplicable ; Inapplicable ; Inapplicable ; Inapplicable ; Inapplicable ; Inapplicable ; Inapplicable ; Inapplicable ; Inapplicable ; Inapplicable ; Inapplicable ; Inapplicable ;
; matrixA[2][0][3]       ; Inapplicable ; Inapplicable ; Inapplicable ; Inapplicable ; Inapplicable ; Pass      ; Inapplicable ; Inapplicable ; Pass      ; Pass      ; Inapplicable ; Inapplicable ; Inapplicable ; Inapplicable ; Inapplicable ; Inapplicable ; Inapplicable ; Inapplicable ; Inapplicable ; Inapplicable ; Inapplicable ; Inapplicable ; Inapplicable ; Inapplicable ; Inapplicable ; Inapplicable ; Inapplicable ; Inapplicable ;
; matrixA[2][2][4]       ; Inapplicable ; Inapplicable ; Inapplicable ; Inapplicable ; Inapplicable ; Pass      ; Inapplicable ; Inapplicable ; Pass      ; Pass      ; Inapplicable ; Inapplicable ; Inapplicable ; Inapplicable ; Inapplicable ; Inapplicable ; Inapplicable ; Inapplicable ; Inapplicable ; Inapplicable ; Inapplicable ; Inapplicable ; Inapplicable ; Inapplicable ; Inapplicable ; Inapplicable ; Inapplicable ; Inapplicable ;
; matrixA[2][1][4]       ; Inapplicable ; Inapplicable ; Inapplicable ; Inapplicable ; Inapplicable ; Pass      ; Inapplicable ; Inapplicable ; Pass      ; Pass      ; Inapplicable ; Inapplicable ; Inapplicable ; Inapplicable ; Inapplicable ; Inapplicable ; Inapplicable ; Inapplicable ; Inapplicable ; Inapplicable ; Inapplicable ; Inapplicable ; Inapplicable ; Inapplicable ; Inapplicable ; Inapplicable ; Inapplicable ; Inapplicable ;
; matrixA[2][0][4]       ; Inapplicable ; Inapplicable ; Inapplicable ; Inapplicable ; Inapplicable ; Pass      ; Inapplicable ; Inapplicable ; Pass      ; Pass      ; Inapplicable ; Inapplicable ; Inapplicable ; Inapplicable ; Inapplicable ; Inapplicable ; Inapplicable ; Inapplicable ; Inapplicable ; Inapplicable ; Inapplicable ; Inapplicable ; Inapplicable ; Inapplicable ; Inapplicable ; Inapplicable ; Inapplicable ; Inapplicable ;
; matrixA[2][2][5]       ; Inapplicable ; Inapplicable ; Inapplicable ; Inapplicable ; Inapplicable ; Pass      ; Inapplicable ; Inapplicable ; Pass      ; Pass      ; Inapplicable ; Inapplicable ; Inapplicable ; Inapplicable ; Inapplicable ; Inapplicable ; Inapplicable ; Inapplicable ; Inapplicable ; Inapplicable ; Inapplicable ; Inapplicable ; Inapplicable ; Inapplicable ; Inapplicable ; Inapplicable ; Inapplicable ; Inapplicable ;
; matrixA[2][1][5]       ; Inapplicable ; Inapplicable ; Inapplicable ; Inapplicable ; Inapplicable ; Pass      ; Inapplicable ; Inapplicable ; Pass      ; Pass      ; Inapplicable ; Inapplicable ; Inapplicable ; Inapplicable ; Inapplicable ; Inapplicable ; Inapplicable ; Inapplicable ; Inapplicable ; Inapplicable ; Inapplicable ; Inapplicable ; Inapplicable ; Inapplicable ; Inapplicable ; Inapplicable ; Inapplicable ; Inapplicable ;
; matrixA[2][0][5]       ; Inapplicable ; Inapplicable ; Inapplicable ; Inapplicable ; Inapplicable ; Pass      ; Inapplicable ; Inapplicable ; Pass      ; Pass      ; Inapplicable ; Inapplicable ; Inapplicable ; Inapplicable ; Inapplicable ; Inapplicable ; Inapplicable ; Inapplicable ; Inapplicable ; Inapplicable ; Inapplicable ; Inapplicable ; Inapplicable ; Inapplicable ; Inapplicable ; Inapplicable ; Inapplicable ; Inapplicable ;
; matrixA[1][2][0]       ; Inapplicable ; Inapplicable ; Inapplicable ; Inapplicable ; Inapplicable ; Pass      ; Inapplicable ; Inapplicable ; Pass      ; Pass      ; Inapplicable ; Inapplicable ; Inapplicable ; Inapplicable ; Inapplicable ; Inapplicable ; Inapplicable ; Inapplicable ; Inapplicable ; Inapplicable ; Inapplicable ; Inapplicable ; Inapplicable ; Inapplicable ; Inapplicable ; Inapplicable ; Inapplicable ; Inapplicable ;
; matrixA[1][0][0]       ; Inapplicable ; Inapplicable ; Inapplicable ; Inapplicable ; Inapplicable ; Pass      ; Inapplicable ; Inapplicable ; Pass      ; Pass      ; Inapplicable ; Inapplicable ; Inapplicable ; Inapplicable ; Inapplicable ; Inapplicable ; Inapplicable ; Inapplicable ; Inapplicable ; Inapplicable ; Inapplicable ; Inapplicable ; Inapplicable ; Inapplicable ; Inapplicable ; Inapplicable ; Inapplicable ; Inapplicable ;
; matrixA[1][1][0]       ; Inapplicable ; Inapplicable ; Inapplicable ; Inapplicable ; Inapplicable ; Pass      ; Inapplicable ; Inapplicable ; Pass      ; Pass      ; Inapplicable ; Inapplicable ; Inapplicable ; Inapplicable ; Inapplicable ; Inapplicable ; Inapplicable ; Inapplicable ; Inapplicable ; Inapplicable ; Inapplicable ; Inapplicable ; Inapplicable ; Inapplicable ; Inapplicable ; Inapplicable ; Inapplicable ; Inapplicable ;
; matrixA[1][2][1]       ; Inapplicable ; Inapplicable ; Inapplicable ; Inapplicable ; Inapplicable ; Pass      ; Inapplicable ; Inapplicable ; Pass      ; Pass      ; Inapplicable ; Inapplicable ; Inapplicable ; Inapplicable ; Inapplicable ; Inapplicable ; Inapplicable ; Inapplicable ; Inapplicable ; Inapplicable ; Inapplicable ; Inapplicable ; Inapplicable ; Inapplicable ; Inapplicable ; Inapplicable ; Inapplicable ; Inapplicable ;
; matrixA[1][0][1]       ; Inapplicable ; Inapplicable ; Inapplicable ; Inapplicable ; Inapplicable ; Pass      ; Inapplicable ; Inapplicable ; Pass      ; Pass      ; Inapplicable ; Inapplicable ; Inapplicable ; Inapplicable ; Inapplicable ; Inapplicable ; Inapplicable ; Inapplicable ; Inapplicable ; Inapplicable ; Inapplicable ; Inapplicable ; Inapplicable ; Inapplicable ; Inapplicable ; Inapplicable ; Inapplicable ; Inapplicable ;
; matrixA[1][1][1]       ; Inapplicable ; Inapplicable ; Inapplicable ; Inapplicable ; Inapplicable ; Pass      ; Inapplicable ; Inapplicable ; Pass      ; Pass      ; Inapplicable ; Inapplicable ; Inapplicable ; Inapplicable ; Inapplicable ; Inapplicable ; Inapplicable ; Inapplicable ; Inapplicable ; Inapplicable ; Inapplicable ; Inapplicable ; Inapplicable ; Inapplicable ; Inapplicable ; Inapplicable ; Inapplicable ; Inapplicable ;
; matrixA[1][2][2]       ; Inapplicable ; Inapplicable ; Inapplicable ; Inapplicable ; Inapplicable ; Pass      ; Inapplicable ; Inapplicable ; Pass      ; Pass      ; Inapplicable ; Inapplicable ; Inapplicable ; Inapplicable ; Inapplicable ; Inapplicable ; Inapplicable ; Inapplicable ; Inapplicable ; Inapplicable ; Inapplicable ; Inapplicable ; Inapplicable ; Inapplicable ; Inapplicable ; Inapplicable ; Inapplicable ; Inapplicable ;
; matrixA[1][0][2]       ; Inapplicable ; Inapplicable ; Inapplicable ; Inapplicable ; Inapplicable ; Pass      ; Inapplicable ; Inapplicable ; Pass      ; Pass      ; Inapplicable ; Inapplicable ; Inapplicable ; Inapplicable ; Inapplicable ; Inapplicable ; Inapplicable ; Inapplicable ; Inapplicable ; Inapplicable ; Inapplicable ; Inapplicable ; Inapplicable ; Inapplicable ; Inapplicable ; Inapplicable ; Inapplicable ; Inapplicable ;
; matrixA[1][1][2]       ; Inapplicable ; Inapplicable ; Inapplicable ; Inapplicable ; Inapplicable ; Pass      ; Inapplicable ; Inapplicable ; Pass      ; Pass      ; Inapplicable ; Inapplicable ; Inapplicable ; Inapplicable ; Inapplicable ; Inapplicable ; Inapplicable ; Inapplicable ; Inapplicable ; Inapplicable ; Inapplicable ; Inapplicable ; Inapplicable ; Inapplicable ; Inapplicable ; Inapplicable ; Inapplicable ; Inapplicable ;
; matrixA[1][2][3]       ; Inapplicable ; Inapplicable ; Inapplicable ; Inapplicable ; Inapplicable ; Pass      ; Inapplicable ; Inapplicable ; Pass      ; Pass      ; Inapplicable ; Inapplicable ; Inapplicable ; Inapplicable ; Inapplicable ; Inapplicable ; Inapplicable ; Inapplicable ; Inapplicable ; Inapplicable ; Inapplicable ; Inapplicable ; Inapplicable ; Inapplicable ; Inapplicable ; Inapplicable ; Inapplicable ; Inapplicable ;
; matrixA[1][0][3]       ; Inapplicable ; Inapplicable ; Inapplicable ; Inapplicable ; Inapplicable ; Pass      ; Inapplicable ; Inapplicable ; Pass      ; Pass      ; Inapplicable ; Inapplicable ; Inapplicable ; Inapplicable ; Inapplicable ; Inapplicable ; Inapplicable ; Inapplicable ; Inapplicable ; Inapplicable ; Inapplicable ; Inapplicable ; Inapplicable ; Inapplicable ; Inapplicable ; Inapplicable ; Inapplicable ; Inapplicable ;
; matrixA[1][1][3]       ; Inapplicable ; Inapplicable ; Inapplicable ; Inapplicable ; Inapplicable ; Pass      ; Inapplicable ; Inapplicable ; Pass      ; Pass      ; Inapplicable ; Inapplicable ; Inapplicable ; Inapplicable ; Inapplicable ; Inapplicable ; Inapplicable ; Inapplicable ; Inapplicable ; Inapplicable ; Inapplicable ; Inapplicable ; Inapplicable ; Inapplicable ; Inapplicable ; Inapplicable ; Inapplicable ; Inapplicable ;
; matrixA[1][2][4]       ; Inapplicable ; Inapplicable ; Inapplicable ; Inapplicable ; Inapplicable ; Pass      ; Inapplicable ; Inapplicable ; Pass      ; Pass      ; Inapplicable ; Inapplicable ; Inapplicable ; Inapplicable ; Inapplicable ; Inapplicable ; Inapplicable ; Inapplicable ; Inapplicable ; Inapplicable ; Inapplicable ; Inapplicable ; Inapplicable ; Inapplicable ; Inapplicable ; Inapplicable ; Inapplicable ; Inapplicable ;
; matrixA[1][0][4]       ; Inapplicable ; Inapplicable ; Inapplicable ; Inapplicable ; Inapplicable ; Pass      ; Inapplicable ; Inapplicable ; Pass      ; Pass      ; Inapplicable ; Inapplicable ; Inapplicable ; Inapplicable ; Inapplicable ; Inapplicable ; Inapplicable ; Inapplicable ; Inapplicable ; Inapplicable ; Inapplicable ; Inapplicable ; Inapplicable ; Inapplicable ; Inapplicable ; Inapplicable ; Inapplicable ; Inapplicable ;
; matrixA[1][1][4]       ; Inapplicable ; Inapplicable ; Inapplicable ; Inapplicable ; Inapplicable ; Pass      ; Inapplicable ; Inapplicable ; Pass      ; Pass      ; Inapplicable ; Inapplicable ; Inapplicable ; Inapplicable ; Inapplicable ; Inapplicable ; Inapplicable ; Inapplicable ; Inapplicable ; Inapplicable ; Inapplicable ; Inapplicable ; Inapplicable ; Inapplicable ; Inapplicable ; Inapplicable ; Inapplicable ; Inapplicable ;
; matrixA[1][2][5]       ; Inapplicable ; Inapplicable ; Inapplicable ; Inapplicable ; Inapplicable ; Pass      ; Inapplicable ; Inapplicable ; Pass      ; Pass      ; Inapplicable ; Inapplicable ; Inapplicable ; Inapplicable ; Inapplicable ; Inapplicable ; Inapplicable ; Inapplicable ; Inapplicable ; Inapplicable ; Inapplicable ; Inapplicable ; Inapplicable ; Inapplicable ; Inapplicable ; Inapplicable ; Inapplicable ; Inapplicable ;
; matrixA[1][0][5]       ; Inapplicable ; Inapplicable ; Inapplicable ; Inapplicable ; Inapplicable ; Pass      ; Inapplicable ; Inapplicable ; Pass      ; Pass      ; Inapplicable ; Inapplicable ; Inapplicable ; Inapplicable ; Inapplicable ; Inapplicable ; Inapplicable ; Inapplicable ; Inapplicable ; Inapplicable ; Inapplicable ; Inapplicable ; Inapplicable ; Inapplicable ; Inapplicable ; Inapplicable ; Inapplicable ; Inapplicable ;
; matrixA[1][1][5]       ; Inapplicable ; Inapplicable ; Inapplicable ; Inapplicable ; Inapplicable ; Pass      ; Inapplicable ; Inapplicable ; Pass      ; Pass      ; Inapplicable ; Inapplicable ; Inapplicable ; Inapplicable ; Inapplicable ; Inapplicable ; Inapplicable ; Inapplicable ; Inapplicable ; Inapplicable ; Inapplicable ; Inapplicable ; Inapplicable ; Inapplicable ; Inapplicable ; Inapplicable ; Inapplicable ; Inapplicable ;
; matrixB[2][2][0]       ; Inapplicable ; Inapplicable ; Inapplicable ; Inapplicable ; Inapplicable ; Pass      ; Inapplicable ; Inapplicable ; Pass      ; Pass      ; Inapplicable ; Inapplicable ; Inapplicable ; Inapplicable ; Inapplicable ; Inapplicable ; Inapplicable ; Inapplicable ; Inapplicable ; Inapplicable ; Inapplicable ; Inapplicable ; Inapplicable ; Inapplicable ; Inapplicable ; Inapplicable ; Inapplicable ; Inapplicable ;
; matrixB[1][2][0]       ; Inapplicable ; Inapplicable ; Inapplicable ; Inapplicable ; Inapplicable ; Pass      ; Inapplicable ; Inapplicable ; Pass      ; Pass      ; Inapplicable ; Inapplicable ; Inapplicable ; Inapplicable ; Inapplicable ; Inapplicable ; Inapplicable ; Inapplicable ; Inapplicable ; Inapplicable ; Inapplicable ; Inapplicable ; Inapplicable ; Inapplicable ; Inapplicable ; Inapplicable ; Inapplicable ; Inapplicable ;
; matrixB[0][2][0]       ; Inapplicable ; Inapplicable ; Inapplicable ; Inapplicable ; Inapplicable ; Pass      ; Inapplicable ; Inapplicable ; Pass      ; Pass      ; Inapplicable ; Inapplicable ; Inapplicable ; Inapplicable ; Inapplicable ; Inapplicable ; Inapplicable ; Inapplicable ; Inapplicable ; Inapplicable ; Inapplicable ; Inapplicable ; Inapplicable ; Inapplicable ; Inapplicable ; Inapplicable ; Inapplicable ; Inapplicable ;
; matrixB[2][2][1]       ; Inapplicable ; Inapplicable ; Inapplicable ; Inapplicable ; Inapplicable ; Pass      ; Inapplicable ; Inapplicable ; Pass      ; Pass      ; Inapplicable ; Inapplicable ; Inapplicable ; Inapplicable ; Inapplicable ; Inapplicable ; Inapplicable ; Inapplicable ; Inapplicable ; Inapplicable ; Inapplicable ; Inapplicable ; Inapplicable ; Inapplicable ; Inapplicable ; Inapplicable ; Inapplicable ; Inapplicable ;
; matrixB[1][2][1]       ; Inapplicable ; Inapplicable ; Inapplicable ; Inapplicable ; Inapplicable ; Pass      ; Inapplicable ; Inapplicable ; Pass      ; Pass      ; Inapplicable ; Inapplicable ; Inapplicable ; Inapplicable ; Inapplicable ; Inapplicable ; Inapplicable ; Inapplicable ; Inapplicable ; Inapplicable ; Inapplicable ; Inapplicable ; Inapplicable ; Inapplicable ; Inapplicable ; Inapplicable ; Inapplicable ; Inapplicable ;
; matrixB[0][2][1]       ; Inapplicable ; Inapplicable ; Inapplicable ; Inapplicable ; Inapplicable ; Pass      ; Inapplicable ; Inapplicable ; Pass      ; Pass      ; Inapplicable ; Inapplicable ; Inapplicable ; Inapplicable ; Inapplicable ; Inapplicable ; Inapplicable ; Inapplicable ; Inapplicable ; Inapplicable ; Inapplicable ; Inapplicable ; Inapplicable ; Inapplicable ; Inapplicable ; Inapplicable ; Inapplicable ; Inapplicable ;
; matrixB[2][2][2]       ; Inapplicable ; Inapplicable ; Inapplicable ; Inapplicable ; Inapplicable ; Pass      ; Inapplicable ; Inapplicable ; Pass      ; Pass      ; Inapplicable ; Inapplicable ; Inapplicable ; Inapplicable ; Inapplicable ; Inapplicable ; Inapplicable ; Inapplicable ; Inapplicable ; Inapplicable ; Inapplicable ; Inapplicable ; Inapplicable ; Inapplicable ; Inapplicable ; Inapplicable ; Inapplicable ; Inapplicable ;
; matrixB[1][2][2]       ; Inapplicable ; Inapplicable ; Inapplicable ; Inapplicable ; Inapplicable ; Pass      ; Inapplicable ; Inapplicable ; Pass      ; Pass      ; Inapplicable ; Inapplicable ; Inapplicable ; Inapplicable ; Inapplicable ; Inapplicable ; Inapplicable ; Inapplicable ; Inapplicable ; Inapplicable ; Inapplicable ; Inapplicable ; Inapplicable ; Inapplicable ; Inapplicable ; Inapplicable ; Inapplicable ; Inapplicable ;
; matrixB[0][2][2]       ; Inapplicable ; Inapplicable ; Inapplicable ; Inapplicable ; Inapplicable ; Pass      ; Inapplicable ; Inapplicable ; Pass      ; Pass      ; Inapplicable ; Inapplicable ; Inapplicable ; Inapplicable ; Inapplicable ; Inapplicable ; Inapplicable ; Inapplicable ; Inapplicable ; Inapplicable ; Inapplicable ; Inapplicable ; Inapplicable ; Inapplicable ; Inapplicable ; Inapplicable ; Inapplicable ; Inapplicable ;
; matrixB[2][2][3]       ; Inapplicable ; Inapplicable ; Inapplicable ; Inapplicable ; Inapplicable ; Pass      ; Inapplicable ; Inapplicable ; Pass      ; Pass      ; Inapplicable ; Inapplicable ; Inapplicable ; Inapplicable ; Inapplicable ; Inapplicable ; Inapplicable ; Inapplicable ; Inapplicable ; Inapplicable ; Inapplicable ; Inapplicable ; Inapplicable ; Inapplicable ; Inapplicable ; Inapplicable ; Inapplicable ; Inapplicable ;
; matrixB[1][2][3]       ; Inapplicable ; Inapplicable ; Inapplicable ; Inapplicable ; Inapplicable ; Pass      ; Inapplicable ; Inapplicable ; Pass      ; Pass      ; Inapplicable ; Inapplicable ; Inapplicable ; Inapplicable ; Inapplicable ; Inapplicable ; Inapplicable ; Inapplicable ; Inapplicable ; Inapplicable ; Inapplicable ; Inapplicable ; Inapplicable ; Inapplicable ; Inapplicable ; Inapplicable ; Inapplicable ; Inapplicable ;
; matrixB[0][2][3]       ; Inapplicable ; Inapplicable ; Inapplicable ; Inapplicable ; Inapplicable ; Pass      ; Inapplicable ; Inapplicable ; Pass      ; Pass      ; Inapplicable ; Inapplicable ; Inapplicable ; Inapplicable ; Inapplicable ; Inapplicable ; Inapplicable ; Inapplicable ; Inapplicable ; Inapplicable ; Inapplicable ; Inapplicable ; Inapplicable ; Inapplicable ; Inapplicable ; Inapplicable ; Inapplicable ; Inapplicable ;
; matrixB[2][2][4]       ; Inapplicable ; Inapplicable ; Inapplicable ; Inapplicable ; Inapplicable ; Pass      ; Inapplicable ; Inapplicable ; Pass      ; Pass      ; Inapplicable ; Inapplicable ; Inapplicable ; Inapplicable ; Inapplicable ; Inapplicable ; Inapplicable ; Inapplicable ; Inapplicable ; Inapplicable ; Inapplicable ; Inapplicable ; Inapplicable ; Inapplicable ; Inapplicable ; Inapplicable ; Inapplicable ; Inapplicable ;
; matrixB[1][2][4]       ; Inapplicable ; Inapplicable ; Inapplicable ; Inapplicable ; Inapplicable ; Pass      ; Inapplicable ; Inapplicable ; Pass      ; Pass      ; Inapplicable ; Inapplicable ; Inapplicable ; Inapplicable ; Inapplicable ; Inapplicable ; Inapplicable ; Inapplicable ; Inapplicable ; Inapplicable ; Inapplicable ; Inapplicable ; Inapplicable ; Inapplicable ; Inapplicable ; Inapplicable ; Inapplicable ; Inapplicable ;
; matrixB[0][2][4]       ; Inapplicable ; Inapplicable ; Inapplicable ; Inapplicable ; Inapplicable ; Pass      ; Inapplicable ; Inapplicable ; Pass      ; Pass      ; Inapplicable ; Inapplicable ; Inapplicable ; Inapplicable ; Inapplicable ; Inapplicable ; Inapplicable ; Inapplicable ; Inapplicable ; Inapplicable ; Inapplicable ; Inapplicable ; Inapplicable ; Inapplicable ; Inapplicable ; Inapplicable ; Inapplicable ; Inapplicable ;
; matrixB[2][2][5]       ; Inapplicable ; Inapplicable ; Inapplicable ; Inapplicable ; Inapplicable ; Pass      ; Inapplicable ; Inapplicable ; Pass      ; Pass      ; Inapplicable ; Inapplicable ; Inapplicable ; Inapplicable ; Inapplicable ; Inapplicable ; Inapplicable ; Inapplicable ; Inapplicable ; Inapplicable ; Inapplicable ; Inapplicable ; Inapplicable ; Inapplicable ; Inapplicable ; Inapplicable ; Inapplicable ; Inapplicable ;
; matrixB[1][2][5]       ; Inapplicable ; Inapplicable ; Inapplicable ; Inapplicable ; Inapplicable ; Pass      ; Inapplicable ; Inapplicable ; Pass      ; Pass      ; Inapplicable ; Inapplicable ; Inapplicable ; Inapplicable ; Inapplicable ; Inapplicable ; Inapplicable ; Inapplicable ; Inapplicable ; Inapplicable ; Inapplicable ; Inapplicable ; Inapplicable ; Inapplicable ; Inapplicable ; Inapplicable ; Inapplicable ; Inapplicable ;
; matrixB[0][2][5]       ; Inapplicable ; Inapplicable ; Inapplicable ; Inapplicable ; Inapplicable ; Pass      ; Inapplicable ; Inapplicable ; Pass      ; Pass      ; Inapplicable ; Inapplicable ; Inapplicable ; Inapplicable ; Inapplicable ; Inapplicable ; Inapplicable ; Inapplicable ; Inapplicable ; Inapplicable ; Inapplicable ; Inapplicable ; Inapplicable ; Inapplicable ; Inapplicable ; Inapplicable ; Inapplicable ; Inapplicable ;
; matrixB[2][1][0]       ; Inapplicable ; Inapplicable ; Inapplicable ; Inapplicable ; Inapplicable ; Pass      ; Inapplicable ; Inapplicable ; Pass      ; Pass      ; Inapplicable ; Inapplicable ; Inapplicable ; Inapplicable ; Inapplicable ; Inapplicable ; Inapplicable ; Inapplicable ; Inapplicable ; Inapplicable ; Inapplicable ; Inapplicable ; Inapplicable ; Inapplicable ; Inapplicable ; Inapplicable ; Inapplicable ; Inapplicable ;
; matrixB[0][1][0]       ; Inapplicable ; Inapplicable ; Inapplicable ; Inapplicable ; Inapplicable ; Pass      ; Inapplicable ; Inapplicable ; Pass      ; Pass      ; Inapplicable ; Inapplicable ; Inapplicable ; Inapplicable ; Inapplicable ; Inapplicable ; Inapplicable ; Inapplicable ; Inapplicable ; Inapplicable ; Inapplicable ; Inapplicable ; Inapplicable ; Inapplicable ; Inapplicable ; Inapplicable ; Inapplicable ; Inapplicable ;
; matrixB[1][1][0]       ; Inapplicable ; Inapplicable ; Inapplicable ; Inapplicable ; Inapplicable ; Pass      ; Inapplicable ; Inapplicable ; Pass      ; Pass      ; Inapplicable ; Inapplicable ; Inapplicable ; Inapplicable ; Inapplicable ; Inapplicable ; Inapplicable ; Inapplicable ; Inapplicable ; Inapplicable ; Inapplicable ; Inapplicable ; Inapplicable ; Inapplicable ; Inapplicable ; Inapplicable ; Inapplicable ; Inapplicable ;
; matrixB[2][1][1]       ; Inapplicable ; Inapplicable ; Inapplicable ; Inapplicable ; Inapplicable ; Pass      ; Inapplicable ; Inapplicable ; Pass      ; Pass      ; Inapplicable ; Inapplicable ; Inapplicable ; Inapplicable ; Inapplicable ; Inapplicable ; Inapplicable ; Inapplicable ; Inapplicable ; Inapplicable ; Inapplicable ; Inapplicable ; Inapplicable ; Inapplicable ; Inapplicable ; Inapplicable ; Inapplicable ; Inapplicable ;
; matrixB[0][1][1]       ; Inapplicable ; Inapplicable ; Inapplicable ; Inapplicable ; Inapplicable ; Pass      ; Inapplicable ; Inapplicable ; Pass      ; Pass      ; Inapplicable ; Inapplicable ; Inapplicable ; Inapplicable ; Inapplicable ; Inapplicable ; Inapplicable ; Inapplicable ; Inapplicable ; Inapplicable ; Inapplicable ; Inapplicable ; Inapplicable ; Inapplicable ; Inapplicable ; Inapplicable ; Inapplicable ; Inapplicable ;
; matrixB[1][1][1]       ; Inapplicable ; Inapplicable ; Inapplicable ; Inapplicable ; Inapplicable ; Pass      ; Inapplicable ; Inapplicable ; Pass      ; Pass      ; Inapplicable ; Inapplicable ; Inapplicable ; Inapplicable ; Inapplicable ; Inapplicable ; Inapplicable ; Inapplicable ; Inapplicable ; Inapplicable ; Inapplicable ; Inapplicable ; Inapplicable ; Inapplicable ; Inapplicable ; Inapplicable ; Inapplicable ; Inapplicable ;
; matrixB[2][1][2]       ; Inapplicable ; Inapplicable ; Inapplicable ; Inapplicable ; Inapplicable ; Pass      ; Inapplicable ; Inapplicable ; Pass      ; Pass      ; Inapplicable ; Inapplicable ; Inapplicable ; Inapplicable ; Inapplicable ; Inapplicable ; Inapplicable ; Inapplicable ; Inapplicable ; Inapplicable ; Inapplicable ; Inapplicable ; Inapplicable ; Inapplicable ; Inapplicable ; Inapplicable ; Inapplicable ; Inapplicable ;
; matrixB[0][1][2]       ; Inapplicable ; Inapplicable ; Inapplicable ; Inapplicable ; Inapplicable ; Pass      ; Inapplicable ; Inapplicable ; Pass      ; Pass      ; Inapplicable ; Inapplicable ; Inapplicable ; Inapplicable ; Inapplicable ; Inapplicable ; Inapplicable ; Inapplicable ; Inapplicable ; Inapplicable ; Inapplicable ; Inapplicable ; Inapplicable ; Inapplicable ; Inapplicable ; Inapplicable ; Inapplicable ; Inapplicable ;
; matrixB[1][1][2]       ; Inapplicable ; Inapplicable ; Inapplicable ; Inapplicable ; Inapplicable ; Pass      ; Inapplicable ; Inapplicable ; Pass      ; Pass      ; Inapplicable ; Inapplicable ; Inapplicable ; Inapplicable ; Inapplicable ; Inapplicable ; Inapplicable ; Inapplicable ; Inapplicable ; Inapplicable ; Inapplicable ; Inapplicable ; Inapplicable ; Inapplicable ; Inapplicable ; Inapplicable ; Inapplicable ; Inapplicable ;
; matrixB[2][1][3]       ; Inapplicable ; Inapplicable ; Inapplicable ; Inapplicable ; Inapplicable ; Pass      ; Inapplicable ; Inapplicable ; Pass      ; Pass      ; Inapplicable ; Inapplicable ; Inapplicable ; Inapplicable ; Inapplicable ; Inapplicable ; Inapplicable ; Inapplicable ; Inapplicable ; Inapplicable ; Inapplicable ; Inapplicable ; Inapplicable ; Inapplicable ; Inapplicable ; Inapplicable ; Inapplicable ; Inapplicable ;
; matrixB[0][1][3]       ; Inapplicable ; Inapplicable ; Inapplicable ; Inapplicable ; Inapplicable ; Pass      ; Inapplicable ; Inapplicable ; Pass      ; Pass      ; Inapplicable ; Inapplicable ; Inapplicable ; Inapplicable ; Inapplicable ; Inapplicable ; Inapplicable ; Inapplicable ; Inapplicable ; Inapplicable ; Inapplicable ; Inapplicable ; Inapplicable ; Inapplicable ; Inapplicable ; Inapplicable ; Inapplicable ; Inapplicable ;
; matrixB[1][1][3]       ; Inapplicable ; Inapplicable ; Inapplicable ; Inapplicable ; Inapplicable ; Pass      ; Inapplicable ; Inapplicable ; Pass      ; Pass      ; Inapplicable ; Inapplicable ; Inapplicable ; Inapplicable ; Inapplicable ; Inapplicable ; Inapplicable ; Inapplicable ; Inapplicable ; Inapplicable ; Inapplicable ; Inapplicable ; Inapplicable ; Inapplicable ; Inapplicable ; Inapplicable ; Inapplicable ; Inapplicable ;
; matrixB[2][1][4]       ; Inapplicable ; Inapplicable ; Inapplicable ; Inapplicable ; Inapplicable ; Pass      ; Inapplicable ; Inapplicable ; Pass      ; Pass      ; Inapplicable ; Inapplicable ; Inapplicable ; Inapplicable ; Inapplicable ; Inapplicable ; Inapplicable ; Inapplicable ; Inapplicable ; Inapplicable ; Inapplicable ; Inapplicable ; Inapplicable ; Inapplicable ; Inapplicable ; Inapplicable ; Inapplicable ; Inapplicable ;
; matrixB[0][1][4]       ; Inapplicable ; Inapplicable ; Inapplicable ; Inapplicable ; Inapplicable ; Pass      ; Inapplicable ; Inapplicable ; Pass      ; Pass      ; Inapplicable ; Inapplicable ; Inapplicable ; Inapplicable ; Inapplicable ; Inapplicable ; Inapplicable ; Inapplicable ; Inapplicable ; Inapplicable ; Inapplicable ; Inapplicable ; Inapplicable ; Inapplicable ; Inapplicable ; Inapplicable ; Inapplicable ; Inapplicable ;
; matrixB[1][1][4]       ; Inapplicable ; Inapplicable ; Inapplicable ; Inapplicable ; Inapplicable ; Pass      ; Inapplicable ; Inapplicable ; Pass      ; Pass      ; Inapplicable ; Inapplicable ; Inapplicable ; Inapplicable ; Inapplicable ; Inapplicable ; Inapplicable ; Inapplicable ; Inapplicable ; Inapplicable ; Inapplicable ; Inapplicable ; Inapplicable ; Inapplicable ; Inapplicable ; Inapplicable ; Inapplicable ; Inapplicable ;
; matrixB[2][1][5]       ; Inapplicable ; Inapplicable ; Inapplicable ; Inapplicable ; Inapplicable ; Pass      ; Inapplicable ; Inapplicable ; Pass      ; Pass      ; Inapplicable ; Inapplicable ; Inapplicable ; Inapplicable ; Inapplicable ; Inapplicable ; Inapplicable ; Inapplicable ; Inapplicable ; Inapplicable ; Inapplicable ; Inapplicable ; Inapplicable ; Inapplicable ; Inapplicable ; Inapplicable ; Inapplicable ; Inapplicable ;
; matrixB[0][1][5]       ; Inapplicable ; Inapplicable ; Inapplicable ; Inapplicable ; Inapplicable ; Pass      ; Inapplicable ; Inapplicable ; Pass      ; Pass      ; Inapplicable ; Inapplicable ; Inapplicable ; Inapplicable ; Inapplicable ; Inapplicable ; Inapplicable ; Inapplicable ; Inapplicable ; Inapplicable ; Inapplicable ; Inapplicable ; Inapplicable ; Inapplicable ; Inapplicable ; Inapplicable ; Inapplicable ; Inapplicable ;
; matrixB[1][1][5]       ; Inapplicable ; Inapplicable ; Inapplicable ; Inapplicable ; Inapplicable ; Pass      ; Inapplicable ; Inapplicable ; Pass      ; Pass      ; Inapplicable ; Inapplicable ; Inapplicable ; Inapplicable ; Inapplicable ; Inapplicable ; Inapplicable ; Inapplicable ; Inapplicable ; Inapplicable ; Inapplicable ; Inapplicable ; Inapplicable ; Inapplicable ; Inapplicable ; Inapplicable ; Inapplicable ; Inapplicable ;
; matrixB[2][0][0]       ; Inapplicable ; Inapplicable ; Inapplicable ; Inapplicable ; Inapplicable ; Pass      ; Inapplicable ; Inapplicable ; Pass      ; Pass      ; Inapplicable ; Inapplicable ; Inapplicable ; Inapplicable ; Inapplicable ; Inapplicable ; Inapplicable ; Inapplicable ; Inapplicable ; Inapplicable ; Inapplicable ; Inapplicable ; Inapplicable ; Inapplicable ; Inapplicable ; Inapplicable ; Inapplicable ; Inapplicable ;
; matrixB[1][0][0]       ; Inapplicable ; Inapplicable ; Inapplicable ; Inapplicable ; Inapplicable ; Pass      ; Inapplicable ; Inapplicable ; Pass      ; Pass      ; Inapplicable ; Inapplicable ; Inapplicable ; Inapplicable ; Inapplicable ; Inapplicable ; Inapplicable ; Inapplicable ; Inapplicable ; Inapplicable ; Inapplicable ; Inapplicable ; Inapplicable ; Inapplicable ; Inapplicable ; Inapplicable ; Inapplicable ; Inapplicable ;
; matrixB[0][0][0]       ; Inapplicable ; Inapplicable ; Inapplicable ; Inapplicable ; Inapplicable ; Pass      ; Inapplicable ; Inapplicable ; Pass      ; Pass      ; Inapplicable ; Inapplicable ; Inapplicable ; Inapplicable ; Inapplicable ; Inapplicable ; Inapplicable ; Inapplicable ; Inapplicable ; Inapplicable ; Inapplicable ; Inapplicable ; Inapplicable ; Inapplicable ; Inapplicable ; Inapplicable ; Inapplicable ; Inapplicable ;
; matrixB[2][0][1]       ; Inapplicable ; Inapplicable ; Inapplicable ; Inapplicable ; Inapplicable ; Pass      ; Inapplicable ; Inapplicable ; Pass      ; Pass      ; Inapplicable ; Inapplicable ; Inapplicable ; Inapplicable ; Inapplicable ; Inapplicable ; Inapplicable ; Inapplicable ; Inapplicable ; Inapplicable ; Inapplicable ; Inapplicable ; Inapplicable ; Inapplicable ; Inapplicable ; Inapplicable ; Inapplicable ; Inapplicable ;
; matrixB[1][0][1]       ; Inapplicable ; Inapplicable ; Inapplicable ; Inapplicable ; Inapplicable ; Pass      ; Inapplicable ; Inapplicable ; Pass      ; Pass      ; Inapplicable ; Inapplicable ; Inapplicable ; Inapplicable ; Inapplicable ; Inapplicable ; Inapplicable ; Inapplicable ; Inapplicable ; Inapplicable ; Inapplicable ; Inapplicable ; Inapplicable ; Inapplicable ; Inapplicable ; Inapplicable ; Inapplicable ; Inapplicable ;
; matrixB[0][0][1]       ; Inapplicable ; Inapplicable ; Inapplicable ; Inapplicable ; Inapplicable ; Pass      ; Inapplicable ; Inapplicable ; Pass      ; Pass      ; Inapplicable ; Inapplicable ; Inapplicable ; Inapplicable ; Inapplicable ; Inapplicable ; Inapplicable ; Inapplicable ; Inapplicable ; Inapplicable ; Inapplicable ; Inapplicable ; Inapplicable ; Inapplicable ; Inapplicable ; Inapplicable ; Inapplicable ; Inapplicable ;
; matrixB[2][0][2]       ; Inapplicable ; Inapplicable ; Inapplicable ; Inapplicable ; Inapplicable ; Pass      ; Inapplicable ; Inapplicable ; Pass      ; Pass      ; Inapplicable ; Inapplicable ; Inapplicable ; Inapplicable ; Inapplicable ; Inapplicable ; Inapplicable ; Inapplicable ; Inapplicable ; Inapplicable ; Inapplicable ; Inapplicable ; Inapplicable ; Inapplicable ; Inapplicable ; Inapplicable ; Inapplicable ; Inapplicable ;
; matrixB[1][0][2]       ; Inapplicable ; Inapplicable ; Inapplicable ; Inapplicable ; Inapplicable ; Pass      ; Inapplicable ; Inapplicable ; Pass      ; Pass      ; Inapplicable ; Inapplicable ; Inapplicable ; Inapplicable ; Inapplicable ; Inapplicable ; Inapplicable ; Inapplicable ; Inapplicable ; Inapplicable ; Inapplicable ; Inapplicable ; Inapplicable ; Inapplicable ; Inapplicable ; Inapplicable ; Inapplicable ; Inapplicable ;
; matrixB[0][0][2]       ; Inapplicable ; Inapplicable ; Inapplicable ; Inapplicable ; Inapplicable ; Pass      ; Inapplicable ; Inapplicable ; Pass      ; Pass      ; Inapplicable ; Inapplicable ; Inapplicable ; Inapplicable ; Inapplicable ; Inapplicable ; Inapplicable ; Inapplicable ; Inapplicable ; Inapplicable ; Inapplicable ; Inapplicable ; Inapplicable ; Inapplicable ; Inapplicable ; Inapplicable ; Inapplicable ; Inapplicable ;
; matrixB[2][0][3]       ; Inapplicable ; Inapplicable ; Inapplicable ; Inapplicable ; Inapplicable ; Pass      ; Inapplicable ; Inapplicable ; Pass      ; Pass      ; Inapplicable ; Inapplicable ; Inapplicable ; Inapplicable ; Inapplicable ; Inapplicable ; Inapplicable ; Inapplicable ; Inapplicable ; Inapplicable ; Inapplicable ; Inapplicable ; Inapplicable ; Inapplicable ; Inapplicable ; Inapplicable ; Inapplicable ; Inapplicable ;
; matrixB[1][0][3]       ; Inapplicable ; Inapplicable ; Inapplicable ; Inapplicable ; Inapplicable ; Pass      ; Inapplicable ; Inapplicable ; Pass      ; Pass      ; Inapplicable ; Inapplicable ; Inapplicable ; Inapplicable ; Inapplicable ; Inapplicable ; Inapplicable ; Inapplicable ; Inapplicable ; Inapplicable ; Inapplicable ; Inapplicable ; Inapplicable ; Inapplicable ; Inapplicable ; Inapplicable ; Inapplicable ; Inapplicable ;
; matrixB[0][0][3]       ; Inapplicable ; Inapplicable ; Inapplicable ; Inapplicable ; Inapplicable ; Pass      ; Inapplicable ; Inapplicable ; Pass      ; Pass      ; Inapplicable ; Inapplicable ; Inapplicable ; Inapplicable ; Inapplicable ; Inapplicable ; Inapplicable ; Inapplicable ; Inapplicable ; Inapplicable ; Inapplicable ; Inapplicable ; Inapplicable ; Inapplicable ; Inapplicable ; Inapplicable ; Inapplicable ; Inapplicable ;
; matrixB[2][0][4]       ; Inapplicable ; Inapplicable ; Inapplicable ; Inapplicable ; Inapplicable ; Pass      ; Inapplicable ; Inapplicable ; Pass      ; Pass      ; Inapplicable ; Inapplicable ; Inapplicable ; Inapplicable ; Inapplicable ; Inapplicable ; Inapplicable ; Inapplicable ; Inapplicable ; Inapplicable ; Inapplicable ; Inapplicable ; Inapplicable ; Inapplicable ; Inapplicable ; Inapplicable ; Inapplicable ; Inapplicable ;
; matrixB[1][0][4]       ; Inapplicable ; Inapplicable ; Inapplicable ; Inapplicable ; Inapplicable ; Pass      ; Inapplicable ; Inapplicable ; Pass      ; Pass      ; Inapplicable ; Inapplicable ; Inapplicable ; Inapplicable ; Inapplicable ; Inapplicable ; Inapplicable ; Inapplicable ; Inapplicable ; Inapplicable ; Inapplicable ; Inapplicable ; Inapplicable ; Inapplicable ; Inapplicable ; Inapplicable ; Inapplicable ; Inapplicable ;
; matrixB[0][0][4]       ; Inapplicable ; Inapplicable ; Inapplicable ; Inapplicable ; Inapplicable ; Pass      ; Inapplicable ; Inapplicable ; Pass      ; Pass      ; Inapplicable ; Inapplicable ; Inapplicable ; Inapplicable ; Inapplicable ; Inapplicable ; Inapplicable ; Inapplicable ; Inapplicable ; Inapplicable ; Inapplicable ; Inapplicable ; Inapplicable ; Inapplicable ; Inapplicable ; Inapplicable ; Inapplicable ; Inapplicable ;
; matrixB[2][0][5]       ; Inapplicable ; Inapplicable ; Inapplicable ; Inapplicable ; Inapplicable ; Pass      ; Inapplicable ; Inapplicable ; Pass      ; Pass      ; Inapplicable ; Inapplicable ; Inapplicable ; Inapplicable ; Inapplicable ; Inapplicable ; Inapplicable ; Inapplicable ; Inapplicable ; Inapplicable ; Inapplicable ; Inapplicable ; Inapplicable ; Inapplicable ; Inapplicable ; Inapplicable ; Inapplicable ; Inapplicable ;
; matrixB[1][0][5]       ; Inapplicable ; Inapplicable ; Inapplicable ; Inapplicable ; Inapplicable ; Pass      ; Inapplicable ; Inapplicable ; Pass      ; Pass      ; Inapplicable ; Inapplicable ; Inapplicable ; Inapplicable ; Inapplicable ; Inapplicable ; Inapplicable ; Inapplicable ; Inapplicable ; Inapplicable ; Inapplicable ; Inapplicable ; Inapplicable ; Inapplicable ; Inapplicable ; Inapplicable ; Inapplicable ; Inapplicable ;
; matrixB[0][0][5]       ; Inapplicable ; Inapplicable ; Inapplicable ; Inapplicable ; Inapplicable ; Pass      ; Inapplicable ; Inapplicable ; Pass      ; Pass      ; Inapplicable ; Inapplicable ; Inapplicable ; Inapplicable ; Inapplicable ; Inapplicable ; Inapplicable ; Inapplicable ; Inapplicable ; Inapplicable ; Inapplicable ; Inapplicable ; Inapplicable ; Inapplicable ; Inapplicable ; Inapplicable ; Inapplicable ; Inapplicable ;
; matrixA[0][2][0]       ; Inapplicable ; Inapplicable ; Inapplicable ; Inapplicable ; Inapplicable ; Pass      ; Inapplicable ; Inapplicable ; Pass      ; Pass      ; Inapplicable ; Inapplicable ; Inapplicable ; Inapplicable ; Inapplicable ; Inapplicable ; Inapplicable ; Inapplicable ; Inapplicable ; Inapplicable ; Inapplicable ; Inapplicable ; Inapplicable ; Inapplicable ; Inapplicable ; Inapplicable ; Inapplicable ; Inapplicable ;
; matrixA[0][1][0]       ; Inapplicable ; Inapplicable ; Inapplicable ; Inapplicable ; Inapplicable ; Pass      ; Inapplicable ; Inapplicable ; Pass      ; Pass      ; Inapplicable ; Inapplicable ; Inapplicable ; Inapplicable ; Inapplicable ; Inapplicable ; Inapplicable ; Inapplicable ; Inapplicable ; Inapplicable ; Inapplicable ; Inapplicable ; Inapplicable ; Inapplicable ; Inapplicable ; Inapplicable ; Inapplicable ; Inapplicable ;
; matrixA[0][0][0]       ; Inapplicable ; Inapplicable ; Inapplicable ; Inapplicable ; Inapplicable ; Pass      ; Inapplicable ; Inapplicable ; Pass      ; Pass      ; Inapplicable ; Inapplicable ; Inapplicable ; Inapplicable ; Inapplicable ; Inapplicable ; Inapplicable ; Inapplicable ; Inapplicable ; Inapplicable ; Inapplicable ; Inapplicable ; Inapplicable ; Inapplicable ; Inapplicable ; Inapplicable ; Inapplicable ; Inapplicable ;
; matrixA[0][2][1]       ; Inapplicable ; Inapplicable ; Inapplicable ; Inapplicable ; Inapplicable ; Pass      ; Inapplicable ; Inapplicable ; Pass      ; Pass      ; Inapplicable ; Inapplicable ; Inapplicable ; Inapplicable ; Inapplicable ; Inapplicable ; Inapplicable ; Inapplicable ; Inapplicable ; Inapplicable ; Inapplicable ; Inapplicable ; Inapplicable ; Inapplicable ; Inapplicable ; Inapplicable ; Inapplicable ; Inapplicable ;
; matrixA[0][1][1]       ; Inapplicable ; Inapplicable ; Inapplicable ; Inapplicable ; Inapplicable ; Pass      ; Inapplicable ; Inapplicable ; Pass      ; Pass      ; Inapplicable ; Inapplicable ; Inapplicable ; Inapplicable ; Inapplicable ; Inapplicable ; Inapplicable ; Inapplicable ; Inapplicable ; Inapplicable ; Inapplicable ; Inapplicable ; Inapplicable ; Inapplicable ; Inapplicable ; Inapplicable ; Inapplicable ; Inapplicable ;
; matrixA[0][0][1]       ; Inapplicable ; Inapplicable ; Inapplicable ; Inapplicable ; Inapplicable ; Pass      ; Inapplicable ; Inapplicable ; Pass      ; Pass      ; Inapplicable ; Inapplicable ; Inapplicable ; Inapplicable ; Inapplicable ; Inapplicable ; Inapplicable ; Inapplicable ; Inapplicable ; Inapplicable ; Inapplicable ; Inapplicable ; Inapplicable ; Inapplicable ; Inapplicable ; Inapplicable ; Inapplicable ; Inapplicable ;
; matrixA[0][2][2]       ; Inapplicable ; Inapplicable ; Inapplicable ; Inapplicable ; Inapplicable ; Pass      ; Inapplicable ; Inapplicable ; Pass      ; Pass      ; Inapplicable ; Inapplicable ; Inapplicable ; Inapplicable ; Inapplicable ; Inapplicable ; Inapplicable ; Inapplicable ; Inapplicable ; Inapplicable ; Inapplicable ; Inapplicable ; Inapplicable ; Inapplicable ; Inapplicable ; Inapplicable ; Inapplicable ; Inapplicable ;
; matrixA[0][1][2]       ; Inapplicable ; Inapplicable ; Inapplicable ; Inapplicable ; Inapplicable ; Pass      ; Inapplicable ; Inapplicable ; Pass      ; Pass      ; Inapplicable ; Inapplicable ; Inapplicable ; Inapplicable ; Inapplicable ; Inapplicable ; Inapplicable ; Inapplicable ; Inapplicable ; Inapplicable ; Inapplicable ; Inapplicable ; Inapplicable ; Inapplicable ; Inapplicable ; Inapplicable ; Inapplicable ; Inapplicable ;
; matrixA[0][0][2]       ; Inapplicable ; Inapplicable ; Inapplicable ; Inapplicable ; Inapplicable ; Pass      ; Inapplicable ; Inapplicable ; Pass      ; Pass      ; Inapplicable ; Inapplicable ; Inapplicable ; Inapplicable ; Inapplicable ; Inapplicable ; Inapplicable ; Inapplicable ; Inapplicable ; Inapplicable ; Inapplicable ; Inapplicable ; Inapplicable ; Inapplicable ; Inapplicable ; Inapplicable ; Inapplicable ; Inapplicable ;
; matrixA[0][2][3]       ; Inapplicable ; Inapplicable ; Inapplicable ; Inapplicable ; Inapplicable ; Pass      ; Inapplicable ; Inapplicable ; Pass      ; Pass      ; Inapplicable ; Inapplicable ; Inapplicable ; Inapplicable ; Inapplicable ; Inapplicable ; Inapplicable ; Inapplicable ; Inapplicable ; Inapplicable ; Inapplicable ; Inapplicable ; Inapplicable ; Inapplicable ; Inapplicable ; Inapplicable ; Inapplicable ; Inapplicable ;
; matrixA[0][1][3]       ; Inapplicable ; Inapplicable ; Inapplicable ; Inapplicable ; Inapplicable ; Pass      ; Inapplicable ; Inapplicable ; Pass      ; Pass      ; Inapplicable ; Inapplicable ; Inapplicable ; Inapplicable ; Inapplicable ; Inapplicable ; Inapplicable ; Inapplicable ; Inapplicable ; Inapplicable ; Inapplicable ; Inapplicable ; Inapplicable ; Inapplicable ; Inapplicable ; Inapplicable ; Inapplicable ; Inapplicable ;
; matrixA[0][0][3]       ; Inapplicable ; Inapplicable ; Inapplicable ; Inapplicable ; Inapplicable ; Pass      ; Inapplicable ; Inapplicable ; Pass      ; Pass      ; Inapplicable ; Inapplicable ; Inapplicable ; Inapplicable ; Inapplicable ; Inapplicable ; Inapplicable ; Inapplicable ; Inapplicable ; Inapplicable ; Inapplicable ; Inapplicable ; Inapplicable ; Inapplicable ; Inapplicable ; Inapplicable ; Inapplicable ; Inapplicable ;
; matrixA[0][2][4]       ; Inapplicable ; Inapplicable ; Inapplicable ; Inapplicable ; Inapplicable ; Pass      ; Inapplicable ; Inapplicable ; Pass      ; Pass      ; Inapplicable ; Inapplicable ; Inapplicable ; Inapplicable ; Inapplicable ; Inapplicable ; Inapplicable ; Inapplicable ; Inapplicable ; Inapplicable ; Inapplicable ; Inapplicable ; Inapplicable ; Inapplicable ; Inapplicable ; Inapplicable ; Inapplicable ; Inapplicable ;
; matrixA[0][1][4]       ; Inapplicable ; Inapplicable ; Inapplicable ; Inapplicable ; Inapplicable ; Pass      ; Inapplicable ; Inapplicable ; Pass      ; Pass      ; Inapplicable ; Inapplicable ; Inapplicable ; Inapplicable ; Inapplicable ; Inapplicable ; Inapplicable ; Inapplicable ; Inapplicable ; Inapplicable ; Inapplicable ; Inapplicable ; Inapplicable ; Inapplicable ; Inapplicable ; Inapplicable ; Inapplicable ; Inapplicable ;
; matrixA[0][0][4]       ; Inapplicable ; Inapplicable ; Inapplicable ; Inapplicable ; Inapplicable ; Pass      ; Inapplicable ; Inapplicable ; Pass      ; Pass      ; Inapplicable ; Inapplicable ; Inapplicable ; Inapplicable ; Inapplicable ; Inapplicable ; Inapplicable ; Inapplicable ; Inapplicable ; Inapplicable ; Inapplicable ; Inapplicable ; Inapplicable ; Inapplicable ; Inapplicable ; Inapplicable ; Inapplicable ; Inapplicable ;
; matrixA[0][2][5]       ; Inapplicable ; Inapplicable ; Inapplicable ; Inapplicable ; Inapplicable ; Pass      ; Inapplicable ; Inapplicable ; Pass      ; Pass      ; Inapplicable ; Inapplicable ; Inapplicable ; Inapplicable ; Inapplicable ; Inapplicable ; Inapplicable ; Inapplicable ; Inapplicable ; Inapplicable ; Inapplicable ; Inapplicable ; Inapplicable ; Inapplicable ; Inapplicable ; Inapplicable ; Inapplicable ; Inapplicable ;
; matrixA[0][1][5]       ; Inapplicable ; Inapplicable ; Inapplicable ; Inapplicable ; Inapplicable ; Pass      ; Inapplicable ; Inapplicable ; Pass      ; Pass      ; Inapplicable ; Inapplicable ; Inapplicable ; Inapplicable ; Inapplicable ; Inapplicable ; Inapplicable ; Inapplicable ; Inapplicable ; Inapplicable ; Inapplicable ; Inapplicable ; Inapplicable ; Inapplicable ; Inapplicable ; Inapplicable ; Inapplicable ; Inapplicable ;
; matrixA[0][0][5]       ; Inapplicable ; Inapplicable ; Inapplicable ; Inapplicable ; Inapplicable ; Pass      ; Inapplicable ; Inapplicable ; Pass      ; Pass      ; Inapplicable ; Inapplicable ; Inapplicable ; Inapplicable ; Inapplicable ; Inapplicable ; Inapplicable ; Inapplicable ; Inapplicable ; Inapplicable ; Inapplicable ; Inapplicable ; Inapplicable ; Inapplicable ; Inapplicable ; Inapplicable ; Inapplicable ; Inapplicable ;
+------------------------+--------------+--------------+--------------+--------------+--------------+-----------+--------------+--------------+-----------+-----------+--------------+--------------+--------------+--------------+--------------+--------------+--------------+--------------+--------------+--------------+--------------+--------------+--------------+--------------+--------------+--------------+--------------+--------------+


+------------------------------------------------------------------------------------------------+
; Fitter Device Options                                                                          ;
+------------------------------------------------------------------+-----------------------------+
; Option                                                           ; Setting                     ;
+------------------------------------------------------------------+-----------------------------+
; Enable user-supplied start-up clock (CLKUSR)                     ; Off                         ;
; Enable device-wide reset (DEV_CLRn)                              ; Off                         ;
; Enable device-wide output enable (DEV_OE)                        ; Off                         ;
; Enable INIT_DONE output                                          ; Off                         ;
; Configuration scheme                                             ; Passive Serial              ;
; Enable Error Detection CRC_ERROR pin                             ; Off                         ;
; Enable CvP_CONFDONE pin                                          ; Off                         ;
; Enable open drain on CRC_ERROR pin                               ; On                          ;
; Enable open drain on CvP_CONFDONE pin                            ; On                          ;
; Enable open drain on INIT_DONE pin                               ; On                          ;
; Enable open drain on Partial Reconfiguration pins                ; Off                         ;
; Enable open drain on nCEO pin                                    ; On                          ;
; Enable Partial Reconfiguration pins                              ; Off                         ;
; Enable input tri-state on active configuration pins in user mode ; Off                         ;
; Enable internal scrubbing                                        ; Off                         ;
; Active Serial clock source                                       ; 100 MHz Internal Oscillator ;
; Device initialization clock source                               ; Internal Oscillator         ;
; Configuration via Protocol                                       ; Off                         ;
; Configuration Voltage Level                                      ; Auto                        ;
; Force Configuration Voltage Level                                ; Off                         ;
; Enable nCEO output                                               ; Off                         ;
; Data[15..8]                                                      ; Unreserved                  ;
; Data[7..5]                                                       ; Unreserved                  ;
; Base pin-out file on sameframe device                            ; Off                         ;
+------------------------------------------------------------------+-----------------------------+


+------------------------------------+
; Operating Settings and Conditions  ;
+---------------------------+--------+
; Setting                   ; Value  ;
+---------------------------+--------+
; Nominal Core Voltage      ; 1.10 V ;
; Low Junction Temperature  ; 0 °C   ;
; High Junction Temperature ; 85 °C  ;
+---------------------------+--------+


+------------------------------------------------------------+
; Estimated Delay Added for Hold Timing Summary              ;
+-----------------+----------------------+-------------------+
; Source Clock(s) ; Destination Clock(s) ; Delay Added in ns ;
+-----------------+----------------------+-------------------+
; clk             ; clk                  ; 7.8               ;
; clk,I/O         ; clk                  ; 1.2               ;
+-----------------+----------------------+-------------------+
Note: For more information on problematic transfers, consider running the Fitter again with the Optimize hold timing option (Settings Menu) turned off.
This will disable optimization of problematic paths and expose them for further analysis using the Timing Analyzer.


+-----------------------------------------------------------------------------------------------------------------------------------------------------------------------------------------------------------+
; Estimated Delay Added for Hold Timing Details                                                                                                                                                             ;
+-------------------------------------------------------------------------------------------+-------------------------------------------------------------------------------------------+-------------------+
; Source Register                                                                           ; Destination Register                                                                      ; Delay Added in ns ;
+-------------------------------------------------------------------------------------------+-------------------------------------------------------------------------------------------+-------------------+
; dataOrchestrator:dataOrch|counter[1]                                                      ; dataOrchestrator:dataOrch|counter[2]                                                      ; 0.464             ;
; dataOrchestrator:dataOrch|row[0][1]~_Duplicate_1                                          ; systolicArray:systolicArr|multiplierBlock:row_loop[0].col_loop[0].mb|aOut[1]              ; 0.454             ;
; dataOrchestrator:dataOrch|row[0][2]~_Duplicate_1                                          ; systolicArray:systolicArr|multiplierBlock:row_loop[0].col_loop[0].mb|aOut[2]              ; 0.440             ;
; dataOrchestrator:dataOrch|row[0][4]~_Duplicate_1                                          ; systolicArray:systolicArr|multiplierBlock:row_loop[0].col_loop[0].mb|aOut[4]              ; 0.440             ;
; dataOrchestrator:dataOrch|col[1][4]~_Duplicate_1                                          ; systolicArray:systolicArr|multiplierBlock:row_loop[0].col_loop[1].mb|bOut[4]~_Duplicate_1 ; 0.440             ;
; dataOrchestrator:dataOrch|row[0][3]~_Duplicate_1                                          ; systolicArray:systolicArr|multiplierBlock:row_loop[0].col_loop[0].mb|aOut[3]              ; 0.437             ;
; dataOrchestrator:dataOrch|row[0][0]~_Duplicate_1                                          ; systolicArray:systolicArr|multiplierBlock:row_loop[0].col_loop[0].mb|aOut[0]              ; 0.435             ;
; dataOrchestrator:dataOrch|row[0][5]~_Duplicate_1                                          ; systolicArray:systolicArr|multiplierBlock:row_loop[0].col_loop[0].mb|aOut[5]              ; 0.422             ;
; dataOrchestrator:dataOrch|col[1][1]~_Duplicate_1                                          ; systolicArray:systolicArr|multiplierBlock:row_loop[0].col_loop[1].mb|bOut[1]~_Duplicate_1 ; 0.422             ;
; dataOrchestrator:dataOrch|row[2][2]~_Duplicate_1                                          ; systolicArray:systolicArr|multiplierBlock:row_loop[2].col_loop[0].mb|aOut[2]              ; 0.422             ;
; dataOrchestrator:dataOrch|counter[0]                                                      ; dataOrchestrator:dataOrch|counter[2]                                                      ; 0.421             ;
; dataOrchestrator:dataOrch|row[1][2]~_Duplicate_1                                          ; systolicArray:systolicArr|multiplierBlock:row_loop[1].col_loop[0].mb|aOut[2]              ; 0.419             ;
; dataOrchestrator:dataOrch|counter[2]                                                      ; dataOrchestrator:dataOrch|counter[3]                                                      ; 0.418             ;
; matrixB[2][2][5]                                                                          ; dataOrchestrator:dataOrch|col[2][5]                                                       ; 0.321             ;
; matrixB[1][2][5]                                                                          ; dataOrchestrator:dataOrch|col[2][5]                                                       ; 0.321             ;
; matrixB[0][2][5]                                                                          ; dataOrchestrator:dataOrch|col[2][5]                                                       ; 0.321             ;
; dataOrchestrator:dataOrch|col[1][2]~_Duplicate_1                                          ; systolicArray:systolicArr|multiplierBlock:row_loop[0].col_loop[1].mb|bOut[2]~_Duplicate_1 ; 0.293             ;
; rst_n                                                                                     ; dataOrchestrator:dataOrch|col[2][4]                                                       ; 0.252             ;
; matrixB[2][1][4]                                                                          ; dataOrchestrator:dataOrch|col[1][4]                                                       ; 0.230             ;
; matrixB[0][1][4]                                                                          ; dataOrchestrator:dataOrch|col[1][4]                                                       ; 0.230             ;
; matrixB[1][1][4]                                                                          ; dataOrchestrator:dataOrch|col[1][4]                                                       ; 0.230             ;
; matrixB[2][1][5]                                                                          ; dataOrchestrator:dataOrch|col[1][5]                                                       ; 0.230             ;
; matrixB[0][1][5]                                                                          ; dataOrchestrator:dataOrch|col[1][5]                                                       ; 0.230             ;
; matrixB[1][1][5]                                                                          ; dataOrchestrator:dataOrch|col[1][5]                                                       ; 0.230             ;
; dataOrchestrator:dataOrch|row[2][0]~_Duplicate_1                                          ; systolicArray:systolicArr|multiplierBlock:row_loop[2].col_loop[0].mb|aOut[0]              ; 0.114             ;
; systolicArray:systolicArr|multiplierBlock:row_loop[0].col_loop[1].mb|bOut[2]~_Duplicate_1 ; systolicArray:systolicArr|multiplierBlock:row_loop[1].col_loop[1].mb|bOut[2]              ; 0.046             ;
; systolicArray:systolicArr|multiplierBlock:row_loop[0].col_loop[1].mb|bOut[1]~_Duplicate_1 ; systolicArray:systolicArr|multiplierBlock:row_loop[1].col_loop[1].mb|bOut[1]              ; 0.042             ;
+-------------------------------------------------------------------------------------------+-------------------------------------------------------------------------------------------+-------------------+
Note: This table only shows the top 27 path(s) that have the largest delay added for hold.


+-----------------+
; Fitter Messages ;
+-----------------+
Warning (18236): Number of processors has not been specified which may cause overloading on shared machines.  Set the global assignment NUM_PARALLEL_PROCESSORS in your QSF to an appropriate value for best performance.
Info (20030): Parallel compilation is enabled and will use 16 of the 16 processors detected
Info (119006): Selected device 5CGXFC7C7F23C8 for design "NN_Acceleration"
Info (21077): Low junction temperature is 0 degrees C
Info (21077): High junction temperature is 85 degrees C
Info (171003): Fitter is performing an Auto Fit compilation, which may decrease Fitter effort to reduce compilation time
Warning (292013): Feature LogicLock is only available with a valid subscription license. You can purchase a software subscription to gain full access to this feature.
Warning (15714): Some pins have incomplete I/O assignments. Refer to the I/O Assignment Warnings report for details
Critical Warning (169085): No exact pin location assignment(s) for 218 pins of 218 total pins. For the list of pins please refer to the I/O Assignment Warnings table in the fitter report.
Info (184020): Starting Fitter periphery placement operations
Info (11191): Automatically promoted 1 clock (1 global)
    Info (11162): clk~inputCLKENA0 with 400 fanout uses global clock CLKCTRL_G10
Info (184021): Fitter periphery placement operations ending: elapsed time is 00:00:00
Info (176233): Starting register packing
Critical Warning (332012): Synopsys Design Constraints File file not found: 'NN_Acceleration.sdc'. A Synopsys Design Constraints File is required by the Timing Analyzer to get proper timing constraints. Without it, the Compiler will not properly optimize the design.
Info (332144): No user constrained base clocks found in the design
Info (332143): No user constrained clock uncertainty found in the design. Calling "derive_clock_uncertainty"
Info (332123): Deriving Clock Uncertainty. Please refer to report_sdc in the Timing Analyzer to see clock uncertainties.
Info (332130): Timing requirements not specified -- quality metrics such as performance may be sacrificed to reduce compilation time.
Info (176235): Finished register packing
    Extra Info (176218): Packed 396 registers into blocks of type DSP block
    Extra Info (176220): Created 180 register duplicates
Info (11798): Fitter preparation operations ending: elapsed time is 00:00:07
Info (170189): Fitter placement preparation operations beginning
Info (14951): The Fitter is using Advanced Physical Optimization.
Info (170190): Fitter placement preparation operations ending: elapsed time is 00:00:14
Info (170191): Fitter placement operations beginning
Info (170137): Fitter placement was successful
Info (170192): Fitter placement operations ending: elapsed time is 00:00:08
Info (170193): Fitter routing operations beginning
Info (170195): Router estimated average interconnect usage is 0% of the available device resources
    Info (170196): Router estimated peak interconnect usage is 5% of the available device resources in the region that extends from location X22_Y0 to location X32_Y10
Info (170199): The Fitter performed an Auto Fit compilation.  Optimizations were skipped to reduce compilation time.
    Info (170201): Optimizations that may affect the design's routability were skipped
Info (170194): Fitter routing operations ending: elapsed time is 00:00:02
Info (11888): Total time spent on timing analysis during the Fitter is 0.97 seconds.
Info (334003): Started post-fitting delay annotation
Info (334004): Delay annotation completed successfully
Info (334003): Started post-fitting delay annotation
Info (334004): Delay annotation completed successfully
Info (11801): Fitter post-fit operations ending: elapsed time is 00:00:05
Info (144001): Generated suppressed messages file C:/Users/Umair/OneDrive/Desktop/Work/Self_Projects/NN Acceleration/Quartus Stuff/output_files/NN_Acceleration.fit.smsg
Info: Quartus Prime Fitter was successful. 0 errors, 5 warnings
    Info: Peak virtual memory: 8052 megabytes
    Info: Processing ended: Thu Nov 13 05:57:49 2025
    Info: Elapsed time: 00:01:11
    Info: Total CPU time (on all processors): 00:06:23


+----------------------------+
; Fitter Suppressed Messages ;
+----------------------------+
The suppressed messages can be found in C:/Users/Umair/OneDrive/Desktop/Work/Self_Projects/NN Acceleration/Quartus Stuff/output_files/NN_Acceleration.fit.smsg.


